row,product_name,missing_files,expected_count,missing_count
4,Apple iPad Air 13 M4 Wi-Fi 256GB - טאבלט,ipad_air_13-inch_m4_chip_wi-fi_starlight_2-up_print__usen.jpg,1,1
5,Starlight,ipad_air_13-inch_m4_chip_wi-fi_starlight_2-up_print__usen.jpg,1,1
6,Space Grey,ipad_air_13-inch_m4_chip_wi-fi_space_gray_2-up_print__usen.jpg,1,1
7,Xiaomi 17 5G 12GB+512GB בצבע שחור,"xiaomi-17-black-1.jpg, xiaomi-17-black-2.jpg, xiaomi-17-black-3.jpg, xiaomi-17-black-4.jpg",4,4
10,Xiaomi 17 Ultra 5G 12GB+512GB בצבע שחור,"xiaomi-17-ultra-black-1.jpg, xiaomi-17-ultra-black-2.jpg, xiaomi-17-ultra-black-3.jpg, xiaomi-17-ultra-black-4.jpg",4,4
11,Samsung Galaxy A57 5G 128GB,"sm-a576_galaxya57_5g_front_awesomeicyblue.jpg, sm-a576_galaxya57_5g_front2_awesomeicyblue.jpg, sm-a576_galaxya57_5g_frontl30_awesomeicyblue.jpg, sm-a576_galaxya57_5g_frontr30_awesomeicyblue.jpg, sm-a576_galaxya57_5g_back_awesomeicyblue.jpg, sm-a576_galaxya57_5g_backl30_awesomeicyblue.jpg, sm-a576_galaxya57_5g_backr30_awesomeicyblue.jpg",7,7
12,S-103447,sm-a576_galaxya57_5g_front_awesomeicyblue.jpg,1,1
13,S-103446,sm-a576_galaxya57_5g_front_awesomegray.jpg,1,1
14,S-103445,sm-a576_galaxya57_5g_front_awesomenavy.jpg,1,1
15,Re-New | טלפון סלולרי Samsung Galaxy S24 Plus 5G 256GB,"sm-s921_galaxys24_front_marblegray_231110.jpg, sm-s921_galaxys24_backl30_marblegray_231110.jpg, sm-s921_galaxys24_backr30_marblegray_231110.jpg, sm-s921_galaxys24_back_marblegray_231110.jpg, sm-s921_galaxys24_front2_marblegray_231110.jpg, sm-s921_galaxys24_frontl30_marblegray_231110.jpg, sm-s921_galaxys24_frontr30_marblegray_231110.jpg",7,7
16,טלפון סלולרי Samsung Galaxy S24 Plus 5G 256GB Marble Gray,"sm-s921_galaxys24_front_marblegray_231110.jpg, sm-s921_galaxys24_backl30_marblegray_231110.jpg, sm-s921_galaxys24_backr30_marblegray_231110.jpg, sm-s921_galaxys24_back_marblegray_231110.jpg, sm-s921_galaxys24_front2_marblegray_231110.jpg, sm-s921_galaxys24_frontl30_marblegray_231110.jpg, sm-s921_galaxys24_frontr30_marblegray_231110.jpg",7,7
17,Samsung Galaxy A36 כיסוי שקוף מקורי,300x300.png,1,1
18,שקוף,300x300.png,1,1
19,מחשב נייד Asus Laptop Vivobook BQ241W CORE 5,"resources.jpg, resources-1.jpg",2,2
20,S-103629,"resources.jpg, resources-1.jpg",2,2
27,מחשב נייד Asus Laptop Vivobook BQ407W CORE 5,"resources.jpg, resources-1.jpg",2,2
28,S-103626,"resources.jpg, resources-1.jpg",2,2
31,מחשב נייד Asus Laptop Vivobook BQ026W CORE 5,"resources.jpg, resources-1.jpg",2,2
32,S-103628,"resources.jpg, resources-1.jpg",2,2
36,Apple AirTag 2nd Generation - ארבע יחידות,"airtag_white_4-up_print__usen.png, airtag_pdp_image_position-1__wwen.jpg, airtag_pdp_image_position-2__wwen.jpg, airtag_pdp_image_position-6__wwen.jpg, airtag_white_2-up_screen__usen.tif, airtag_white_34f_screen__usen.tif, airtag_white_pure_back_print__usen.tif, airtag_white_pure_front_print__usen.tif, airtag_white_pure_side_print__usen.tif, iphone_12_black_airtag_pure_front_2-up_print__wwen.tif",10,10
37,לבן,"airtag_white_4-up_print__usen.png, airtag_pdp_image_position-1__wwen.jpg, airtag_pdp_image_position-2__wwen.jpg, airtag_pdp_image_position-6__wwen.jpg, airtag_white_2-up_screen__usen.tif, airtag_white_34f_screen__usen.tif, airtag_white_pure_back_print__usen.tif, airtag_white_pure_front_print__usen.tif, airtag_white_pure_side_print__usen.tif, iphone_12_black_airtag_pure_front_2-up_print__wwen.tif",10,10
38,Apple iPad Air 11 M4 Wi-Fi 256GB - טאבלט,ipad_air_13-inch_m4_chip_wi-fi_space_gray_2-up_print__usen.jpg,1,1
39,Space Grey,ipad_air_13-inch_m4_chip_wi-fi_space_gray_2-up_print__usen.jpg,1,1
40,Apple iPad Air 13 M4 5G 128GB - טאבלט,ipad_air_13-inch_m4_chip_wi-fi_space_gray_2-up_print__usen.jpg,1,1
41,Space Grey,ipad_air_13-inch_m4_chip_wi-fi_space_gray_2-up_print__usen.jpg,1,1
42,ICNZ - מגן מסך זכוכית לסדרת - Galaxy S26,blank-glass-iphone.jpg,1,1
43,Galaxy S26,blank-glass-iphone.jpg,1,1
44,Galaxy S26 Ultra,blank-glass-iphone.jpg,1,1
45,Galaxy S26 Plus,blank-glass-iphone.jpg,1,1
46,Apple iPad Air 11 M4 Wi-Fi 128GB - טאבלט,ipad_air_13-inch_m4_chip_wi-fi_space_gray_2-up_print__usen.jpg,1,1
47,Space Grey,ipad_air_13-inch_m4_chip_wi-fi_space_gray_2-up_print__usen.jpg,1,1
48,טאבלט Redmi Pad 2 Pro Wifi 8GB+256GB,"redmi_pad_2_pro___wifi_grey.jpg, redmi_pad_2_pro__0000_p83_wifi_grey-back.jpg, redmi_pad_2_pro__0001_p83_wifi_grey_top.jpg, redmi_pad_2_pro__0002_p83_wifi_grey_right.jpg, redmi_pad_2_pro__0003_p83_wifi_grey_left.jpg, redmi_pad_2_pro__0004_p83_wifi_grey_frontright45.jpg, redmi_pad_2_pro__0005_p83_wifi_grey_frontleft45.jpg, redmi_pad_2_pro__0007_p83_wifi_grey_front.jpg, redmi_pad_2_pro__0008_p83_wifi_grey_buttom.jpg, redmi_pad_2_pro__0009_p83_wifi_grey_backright45.jpg, redmi_pad_2_pro__0010_p83_wifi_grey_backleft45.jpg",11,11
49,אייר תג - Apple AirTag 2nd Generation - יחידה אחת,"airtag_pdp_image_position-1__wwen.jpg, airtag_pdp_image_position-2__wwen.jpg, airtag_pdp_image_position-6__wwen.jpg, airtag_white_2-up_screen__usen.tif, airtag_white_34f_screen__usen.tif, airtag_white_pure_back_print__usen.tif, airtag_white_pure_front_print__usen.tif, airtag_white_pure_side_print__usen.tif, iphone_12_black_airtag_pure_front_2-up_print__wwen.tif",9,9
50,לבן,"airtag_pdp_image_position-1__wwen.jpg, airtag_pdp_image_position-2__wwen.jpg, airtag_pdp_image_position-6__wwen.jpg, airtag_white_2-up_screen__usen.tif, airtag_white_34f_screen__usen.tif, airtag_white_pure_back_print__usen.tif, airtag_white_pure_front_print__usen.tif, airtag_white_pure_side_print__usen.tif, iphone_12_black_airtag_pure_front_2-up_print__wwen.tif",9,9
51,Apple iPad Air 11 M4 5G 128GB - טאבלט,ipad_air_13-inch_m4_chip_wi-fi_space_gray_2-up_print__usen.jpg,1,1
52,Space Grey,ipad_air_13-inch_m4_chip_wi-fi_space_gray_2-up_print__usen.jpg,1,1
53,Xiaomi 17 5G 12GB+512GB בצבע כחול,"xiaomi-17-blue-1.jpg, xiaomi-17-blue-2.jpg, xiaomi-17-blue-3.jpg, xiaomi-17-blue-4.jpg",4,4
54,Xiaomi 17 Ultra 5G 12GB+512GB בצבע לבן,"xiaomi-17-ultra-white-1.jpg, xiaomi-17-ultra-white-2.jpg, xiaomi-17-ultra-white-3.jpg, xiaomi-17-ultra-white-4.jpg",4,4
55,Apple iPad Air 13 M4 Wi-Fi 128GB - טאבלט,ipad_air_13-inch_m4_chip_wi-fi_starlight_2-up_print__usen.jpg,1,1
56,Space Grey,ipad_air_13-inch_m4_chip_wi-fi_space_gray_2-up_print__usen.jpg,1,1
57,Starlight,ipad_air_13-inch_m4_chip_wi-fi_starlight_2-up_print__usen.jpg,1,1
58,Kit 360 - לiPhone 16e/17e מגן מסך וכיסוי,kit.jpg,1,1
59,S-97953,kit.jpg,1,1
60,Apple Watch SE 3 GPS + Cellular 40mm,"apple_-2.jpg, apple_-4.jpg, apple_-4.jpg, d286c12f.jpg, 82f0f1dc.jpg, apple_-3.jpg, 491d8c6a.jpg, apple_-1.jpg, 2245fccf.jpg, apple_-2.jpg",10,10
61,Midnight Aluminium Case with Midnight Sport Band - M/L S-100661,apple_-4.jpg,1,1
62,Starlight Aluminium Case with Starlight Sport Band - S/M S-100658,apple_-2.jpg,1,1
63,Starlight Aluminium Case with Starlight Sport Band - M/L  S-100659,apple_-2.jpg,1,1
64,Midnight Aluminium Case with Midnight Sport Band - S/M S-100660,apple_-4.jpg,1,1
67,Samsung Galaxy A57 5G 256GB,"sm-a576_galaxya57_5g_front_awesomeicyblue.jpg, sm-a576_galaxya57_5g_front2_awesomeicyblue.jpg, sm-a576_galaxya57_5g_frontl30_awesomeicyblue.jpg, sm-a576_galaxya57_5g_frontr30_awesomeicyblue.jpg, sm-a576_galaxya57_5g_back_awesomeicyblue.jpg, sm-a576_galaxya57_5g_backl30_awesomeicyblue.jpg, sm-a576_galaxya57_5g_backr30_awesomeicyblue.jpg",7,7
68,S-103451,sm-a576_galaxya57_5g_front_awesomeicyblue.jpg,1,1
69,S-103450,sm-a576_galaxya57_5g_front_awesomegray.jpg,1,1
70,S-103449,sm-a576_galaxya57_5g_front_awesomenavy.jpg,1,1
71,שואב אבק רובוטי Roborock Saros 20 Complete,photoshopextension_image-2.png,3,1
72,BLACK,photoshopextension_image-2.png,3,1
73,אייפון Apple iPhone 17e 256GB,"iphone_17e_black_pdp_image_position_1__en-ww.jpg, iphone_17e_black_pdp_image_position_1b__en-ww.jpg, iphone_17e_black_pdp_image_position_2__en-ww.jpg, iphone_17e_black_pdp_image_position_3__en-ww.jpg, iphone_17e_black_pdp_image_position_4__en-ww.jpg, iphone_17e_black_pdp_image_position_5__en-ww.jpg, iphone_17e_black_pdp_image_position_7__en-ww.jpg",7,7
74,White,iphone_17e_white_pdp_image_position_1_b2b__en-ww.jpg,1,1
75,Black,"iphone_17e_black_pdp_image_position_1__en-ww.jpg, iphone_17e_black_pdp_image_position_1b__en-ww.jpg, iphone_17e_black_pdp_image_position_2__en-ww.jpg, iphone_17e_black_pdp_image_position_3__en-ww.jpg, iphone_17e_black_pdp_image_position_4__en-ww.jpg, iphone_17e_black_pdp_image_position_5__en-ww.jpg, iphone_17e_black_pdp_image_position_7__en-ww.jpg",7,7
76,Soft Pink,iphone_17e_soft_pink_pdp_image_position_1_b2b__en-ww_2.jpg,1,1
77,מחשב נייד Asus Laptop Vivobook BQ025W CORE 5,"resources.jpg, resources-1.jpg",2,2
78,S-103627,"resources.jpg, resources-1.jpg",2,2
83,Samsung Galaxy A56 כיסוי שקוף מקורי,300x300.png,1,1
84,שקוף,300x300.png,1,1
91,Samsung Galaxy A37 5G 256GB,"sm-a376_galaxya37_5g_front_awesomecharcoal.jpg, sm-a376_galaxya37_5g_front2_awesomecharcoal.jpg, sm-a376_galaxya37_5g_frontl30_awesomecharcoal.jpg, sm-a376_galaxya37_5g_frontr30_awesomecharcoal.jpg, sm-a376_galaxya37_5g_backl30_awesomecharcoal.jpg, sm-a376_galaxya37_5g_backr30_awesomecharcoal.jpg",6,6
92,S-103442,sm-a376_galaxya37_5g_front_awesomecharcoal.jpg,1,1
93,S-103444,sm-a376_galaxya37_5g_front_awesomewhite.jpg,1,1
94,מחשב נייד Asus Laptop Vivobook BQ246W CORE 5,"resources.jpg, resources-1.jpg",2,2
95,S-103630,"resources.jpg, resources-1.jpg",2,2
96,Apple Watch 11 GPS 42mm,"apple_-4.jpg, fdbe48b4.jpg, apple_-3.jpg, 7bc3d4d7.jpg, aae8e220.jpg, 27e3f536.jpg, apple_-2.jpg, apple_-1.jpg",8,8
97,Jet Black Aluminium Case with Black Sport Band - S/M - S-100666,apple_-4.jpg,1,1
98,Space Grey Aluminium Case with Black Sport Band - M/L S-100672,apple_-3.jpg,1,1
99,Rose Gold Aluminium Case with Light Blush Sport Band - S/M S-100673,apple_-3.jpg,1,1
100,Jet Black Aluminium Case with Black Sport Band - M/L  S-100667,apple_-4.jpg,1,1
101,Space Grey Aluminium Case with Black Sport Band - S/M S-100669,apple_-3.jpg,1,1
102,Apple Watch 11 GPS + Cellular 42mm,"apple_-3.jpg, 4034ed7a.jpg, apple_-3.jpg, 7bc3d4d7.jpg, aae8e220.jpg, 27e3f536.jpg, apple_-2.jpg, apple_-1.jpg",8,8
103,Rose Gold Aluminium Case with Light Blush Sport Band - S/M S-100679,apple_-3.jpg,1,1
104,Jet Black Aluminium Case with Black Sport Band - S/M - S-100677,apple_-4.jpg,1,1
105,Space Grey Aluminium Case with Black Sport Band - S/M  S-100678,apple_-3.jpg,1,1
106,Apple Watch 11 GPS 46mm,"apple_-3.jpg, c918e097.jpg, apple_-2.jpg, apple_-3.jpg, 7bc3d4d7.jpg, aae8e220.jpg, 27e3f536.jpg, apple_-1.jpg",8,8
107,Space Grey Aluminium Case with Black Sport Band - M/L S-100676,apple_-3.jpg,1,1
108,Jet Black Aluminium Case with Black Sport Band - M/L  S-100675,apple_-4.jpg,1,1
109,Jet Black Aluminium Case with Black Sport Band - S/M - S-100674,apple_-4.jpg,1,1
110,Apple Watch 11 GPS + Cellular 46mm,"apple_-4.jpg, fdbe48b4.jpg, apple_-2.jpg, apple_-3.jpg, 7bc3d4d7.jpg, aae8e220.jpg, 27e3f536.jpg, apple_-1.jpg",8,8
111,Jet Black Aluminium Case with Black Sport Band - M/L  S-100682,apple_-4.jpg,1,1
112,Jet Black Aluminium Case with Black Sport Band - S/M - S-100681,apple_-4.jpg,1,1
113,Apple Watch Ultra 3 GPS + Cellular 49mm,"019cb481.jpg, apple_-1.jpg, d9cdf7ca.jpg, 1caedbcf.jpg, apple_-2.jpg, apple_-3.jpg",6,6
114,Black Titanium - Black Titanium Milanese Loop (S) S-100693,f6ab750b.jpg,1,1
115,Natural Titanium with Titanium Milanese Loop - S S-100688,apple_-2.jpg,1,1
116,Natural Titanium with Titanium Milanese Loop - M S-100689,apple_-2.jpg,1,1
117,Black Titanium with Black Alpine Loop - Medium S-100692,019cb481.jpg,1,1
118,Natural Titanium with Light Blue Alpine Loop - M S-100687,apple_-2.jpg,1,1
119,Black Titanium - Black Titanium Milanese Loop (M) S-100694,f6ab750b.jpg,1,1
120,Black Titanium with Black Ocean Band S-100690,179ee426.jpg,1,1
121,Black Titanium with Black Alpine Loop - Small S-100691,019cb481.jpg,1,1
122,Natural Titanium Case with Anchor Blue Ocean Band S-100686,apple_-3.jpg,1,1
128,Otterbox iPhone 17 Series Symmetry Clear MagSafe,"iphone17-symmetry-clear_clear-d_pkg.jpg, iphone-air-symmetry-clear_clear-d_pkg.jpg, iphone-17-pro-symmetry-clear_clear-d_pkg.jpg, iphone-17-pro-max-symmetry-clear_clear-d_pkg.jpg",4,4
129,iPhone 17,iphone17-symmetry-clear_clear-d_pkg.jpg,1,1
130,iPhone 17 Pro Max,iphone-17-pro-max-symmetry-clear_clear-d_pkg.jpg,1,1
131,iPhone Air,iphone-air-symmetry-clear_clear-d_pkg.jpg,1,1
132,iPhone 17 Pro,iphone-17-pro-symmetry-clear_clear-d_pkg.jpg,1,1
133,Otterbox iPhone 17 Series Symmetry Stardust Clear MagSafe,"iphone-17-pro-max-symmetry-clear_stardust-d_pkg.jpg, iphone-17-pro-symmetry-clear_stardust-d_pkg.jpg, iphone-air-symmetry-clear_stardust-d_pkg.jpg, iphone17-symmetry-clear_stardust-d_pkg.jpg",4,4
134,iPhone 17,iphone17-symmetry-clear_stardust-d_pkg.jpg,1,1
135,iPhone 17 Pro,iphone-17-pro-symmetry-clear_stardust-d_pkg.jpg,1,1
136,iPhone 17 Pro Max,iphone-17-pro-max-symmetry-clear_stardust-d_pkg.jpg,1,1
137,Otterbox iPhone 17 Series Symmetry MagSafe Black,"iphone-17-pro-symmetry-black-d_pkg.jpg, iphone17-symmetry-black-d_pkg.jpg, iphone-air-symmetry-black-d_pkg.jpg, iphone-17-pro-max-symmetry-black-d_pkg.jpg",4,4
138,iPhone 17,iphone17-symmetry-black-d_pkg.jpg,1,1
139,iPhone 17 Pro,iphone-17-pro-symmetry-black-d_pkg.jpg,1,1
140,iPhone 17 Pro Max,iphone-17-pro-max-symmetry-black-d_pkg.jpg,1,1
141,iPhone Air,iphone-air-symmetry-black-d_pkg.jpg,1,1
142,Otterbox iPhone 17 Series React Clear MagSafe,"iphone-17-pro-react_clear-pkg.jpg, iphone-air-react_clear-pkg.jpg, iphone-17-react_clear-pkg.jpg",3,3
143,iPhone 17,iphone-17-react_clear-pkg.jpg,1,1
144,iPhone Air,iphone-air-react_clear-pkg.jpg,1,1
145,iPhone 17 Pro,iphone-17-pro-react_clear-pkg.jpg,1,1
146,iPhone 17 Pro Max,iphone-17-pro-react_clear-pkg.jpg,1,1
147,P Case iPhone 17 Series Carbon MagSafe,"ip17-air-carbon-case-1.jpg, ip17-air-carbon-case-2.jpg, ip17-carbon-case-1.jpg, ip17-carbon-case-2.jpg, ip17-pro-pro-max-carbon-case-1.jpg, ip17-pro-pro-max-carbon-case-2.jpg",6,6
148,iPhone Air,ip17-air-carbon-case-1.jpg,1,1
149,iPhone 17 Pro Max,ip17-pro-pro-max-carbon-case-1.jpg,1,1
150,iPhone 17 Pro,ip17-pro-pro-max-carbon-case-1.jpg,1,1
151,iPhone 17,ip17-carbon-case-1.jpg,1,1
152,P Case iPhone 17 Series MagSafe PU Black,"ip17-pu-case-1.jpg, ip17-pu-case-2.jpg, ip17-air-pu-case-3.jpg, ip17-air-pu-case-4.jpg, ip17-pro-pro-max-pu-case-3.jpg, ip17-pro-pro-max-pu-case-4.jpg",6,6
153,iPhone 17 Pro,ip17-pro-pro-max-pu-case-3.jpg,1,1
154,iPhone 17,ip17-pu-case-1.jpg,1,1
155,iPhone 17 Pro Max,ip17-pro-pro-max-pu-case-3.jpg,1,1
156,iPhone Air,ip17-air-pu-case-3.jpg,1,1
157,P Case iPhone 17 Series MagSafe PU Blue,"ip17-pu-case-5.jpg, ip17-pu-case-6.jpg, ip17-air-pu-case-5.jpg, ip17-air-pu-case-6.jpg, ip17-pro-pro-max-pu-case-5.jpg, ip17-pro-pro-max-pu-case-6.jpg",6,6
158,iPhone 17,ip17-pu-case-5.jpg,1,1
159,iPhone 17 Pro Max,ip17-pro-pro-max-pu-case-5.jpg,1,1
160,iPhone 17 Pro,ip17-air-pu-case-5.jpg,1,1
161,iPhone Air,ip17-air-pu-case-5.jpg,1,1
162,P Case iPhone 17 Series MagSafe PU Green,"ip17-pu-case-3.jpg, ip17-pu-case-4.jpg, ip17-air-pu-case-1.jpg, ip17-air-pu-case-2.jpg, ip17-pro-pro-max-pu-case-1.jpg, ip17-pro-pro-max-pu-case-2.jpg",6,6
163,iPhone 17 Pro Max,ip17-pro-pro-max-pu-case-1.jpg,1,1
164,iPhone Air,ip17-air-pu-case-1.jpg,1,1
165,iPhone 17,ip17-pu-case-3.jpg,1,1
166,iPhone 17 Pro,ip17-pro-pro-max-pu-case-1.jpg,1,1
167,P Case iPhone 17 Series MagSafe PU Stone,"ip17-pu-case-7.jpg, ip17-pu-case-8.jpg, ip17-air-pu-case-7.jpg, ip17-air-pu-case-8.jpg, ip17-pro-pro-max-pu-case-7.jpg, ip17-pro-pro-max-pu-case-8.jpg",6,6
168,iPhone 17 Pro Max,ip17-pro-pro-max-pu-case-7.jpg,1,1
169,iPhone Air,ip17-air-pu-case-7.jpg,1,1
170,iPhone 17 Pro,ip17-pro-pro-max-pu-case-7.jpg,1,1
171,iPhone 17,ip17-pu-case-7.jpg,1,1
176,"טלוויזיה חכמה Sony Bravia Series 5 XR Mini LED Google TV 4K HDR 85""",untitled-1.png,5,1
177,85,untitled-1.png,5,1
182,"Acer Aspire Go 15 i5-120U 16GB RAM ‎15.6""‎ ‎512GB","acer-aspire-go-15-ag15-72p-non-fingerprint-non-backlit-wp-pure-silver-01-custom.png, acer-aspire-go-15-kv-custom.png, acer-aspire-go-15-sa1-custom.png, acer-aspire-go-15-sa2-custom.png, acer-aspire-go-15-ag15-72p-non-fingerprint-non-backlit-pure-silver-05-custom.png, acer-aspire-go-15-ag15-72p-non-fingerprint-non-backlit-pure-silver-07-custom.png, acer-aspire-go-15-ag15-72p-non-fingerprint-non-backlit-pure-silver-08-custom.png, acer-aspire-go-15-ag15-72p-non-fingerprint-non-backlit-pure-silver-09-custom.png, acer-aspire-go-15-ag15-72p-non-fingerprint-non-backlit-wp-logo-pure-silver-01-custom.png, acer-aspire-go-15-ag15-72p-non-fingerprint-non-backlit-wp-pure-silver-02-custom.png, acer-aspire-go-15-ag15-72p-non-fingerprint-non-backlit-wp-pure-silver-03-custom.png, acer-aspire-go-15-ag15-72p-non-fingerprint-non-backlit-wp-pure-silver-04-custom.png, acer-aspire-go-15-ag15-72p-pure-silver-port-view-01-custom.png",14,13
183,S-101693,"acer-aspire-go-15-ag15-72p-non-fingerprint-non-backlit-wp-pure-silver-01-custom.png, acer-aspire-go-15-kv-custom.png, acer-aspire-go-15-sa1-custom.png, acer-aspire-go-15-sa2-custom.png, acer-aspire-go-15-ag15-72p-non-fingerprint-non-backlit-pure-silver-05-custom.png, acer-aspire-go-15-ag15-72p-non-fingerprint-non-backlit-pure-silver-07-custom.png, acer-aspire-go-15-ag15-72p-non-fingerprint-non-backlit-pure-silver-08-custom.png, acer-aspire-go-15-ag15-72p-non-fingerprint-non-backlit-pure-silver-09-custom.png, acer-aspire-go-15-ag15-72p-non-fingerprint-non-backlit-wp-logo-pure-silver-01-custom.png, acer-aspire-go-15-ag15-72p-non-fingerprint-non-backlit-wp-pure-silver-02-custom.png, acer-aspire-go-15-ag15-72p-non-fingerprint-non-backlit-wp-pure-silver-03-custom.png, acer-aspire-go-15-ag15-72p-non-fingerprint-non-backlit-wp-pure-silver-04-custom.png, acer-aspire-go-15-ag15-72p-pure-silver-port-view-01-custom.png",14,13
184,"Acer Aspire Go 15 i7-150U 16GB RAM ‎15.6""‎ ‎512GB","acer-aspire-go-15-ag15-72p-non-fingerprint-non-backlit-wp-pure-silver-01-custom.png, acer-aspire-go-15-kv-custom.png, acer-aspire-go-15-sa1-custom.png, acer-aspire-go-15-sa2-custom.png, acer-aspire-go-15-ag15-72p-non-fingerprint-non-backlit-pure-silver-05-custom.png, acer-aspire-go-15-ag15-72p-non-fingerprint-non-backlit-pure-silver-07-custom.png, acer-aspire-go-15-ag15-72p-non-fingerprint-non-backlit-pure-silver-08-custom.png, acer-aspire-go-15-ag15-72p-non-fingerprint-non-backlit-pure-silver-09-custom.png, acer-aspire-go-15-ag15-72p-non-fingerprint-non-backlit-wp-logo-pure-silver-01-custom.png, acer-aspire-go-15-ag15-72p-non-fingerprint-non-backlit-wp-pure-silver-02-custom.png, acer-aspire-go-15-ag15-72p-non-fingerprint-non-backlit-wp-pure-silver-03-custom.png, acer-aspire-go-15-ag15-72p-non-fingerprint-non-backlit-wp-pure-silver-04-custom.png, acer-aspire-go-15-ag15-72p-pure-silver-port-view-01-custom.png",14,13
185,S-101694,"acer-aspire-go-15-ag15-72p-non-fingerprint-non-backlit-wp-pure-silver-01-custom.png, acer-aspire-go-15-kv-custom.png, acer-aspire-go-15-sa1-custom.png, acer-aspire-go-15-sa2-custom.png, acer-aspire-go-15-ag15-72p-non-fingerprint-non-backlit-pure-silver-05-custom.png, acer-aspire-go-15-ag15-72p-non-fingerprint-non-backlit-pure-silver-07-custom.png, acer-aspire-go-15-ag15-72p-non-fingerprint-non-backlit-pure-silver-08-custom.png, acer-aspire-go-15-ag15-72p-non-fingerprint-non-backlit-pure-silver-09-custom.png, acer-aspire-go-15-ag15-72p-non-fingerprint-non-backlit-wp-logo-pure-silver-01-custom.png, acer-aspire-go-15-ag15-72p-non-fingerprint-non-backlit-wp-pure-silver-02-custom.png, acer-aspire-go-15-ag15-72p-non-fingerprint-non-backlit-wp-pure-silver-03-custom.png, acer-aspire-go-15-ag15-72p-non-fingerprint-non-backlit-wp-pure-silver-04-custom.png, acer-aspire-go-15-ag15-72p-pure-silver-port-view-01-custom.png",14,13
186,"Acer Nitro V15 i7 16GB RAM ‎15.6""‎ ‎512GB","acer-nitro-v-15-anv15-52-non-fingerprint-with-backlit-on-wp-black-04-custom.png, 0-etailer-hero-acer-nitro-v-15-anv15-52-non-fingerprint-with-backlit-on-wp-logo-black-01-custom.png, acer-nitro-v-15-anv15-52-black-port-view-01-custom.png, acer-nitro-v-15-anv15-52-non-fingerprint-with-backlit-black-05-custom.png, acer-nitro-v-15-anv15-52-non-fingerprint-with-backlit-black-06-custom.png, acer-nitro-v-15-anv15-52-non-fingerprint-with-backlit-black-07-custom.png, acer-nitro-v-15-anv15-52-non-fingerprint-with-backlit-black-08-custom.png, acer-nitro-v-15-anv15-52-non-fingerprint-with-backlit-black-09-custom.png, acer-nitro-v-15-anv15-52-non-fingerprint-with-backlit-black-10-custom.png, acer-nitro-v-15-anv15-52-non-fingerprint-with-backlit-on-wp-black-02-custom.png",11,10
187,S-101695,"acer-nitro-v-15-anv15-52-non-fingerprint-with-backlit-on-wp-black-04-custom.png, 0-etailer-hero-acer-nitro-v-15-anv15-52-non-fingerprint-with-backlit-on-wp-logo-black-01-custom.png, acer-nitro-v-15-anv15-52-black-port-view-01-custom.png, acer-nitro-v-15-anv15-52-non-fingerprint-with-backlit-black-05-custom.png, acer-nitro-v-15-anv15-52-non-fingerprint-with-backlit-black-06-custom.png, acer-nitro-v-15-anv15-52-non-fingerprint-with-backlit-black-07-custom.png, acer-nitro-v-15-anv15-52-non-fingerprint-with-backlit-black-08-custom.png, acer-nitro-v-15-anv15-52-non-fingerprint-with-backlit-black-09-custom.png, acer-nitro-v-15-anv15-52-non-fingerprint-with-backlit-black-10-custom.png, acer-nitro-v-15-anv15-52-non-fingerprint-with-backlit-on-wp-black-02-custom.png",11,10
190,Apple Watch SE 3 GPS 44mm,"apple_-4.jpg, d286c12f.jpg, apple_-2.jpg, apple_-4.jpg, 82f0f1dc.jpg, apple_-3.jpg, 491d8c6a.jpg, apple_-1.jpg, 2245fccf.jpg, apple_-2.jpg",10,10
191,Starlight Aluminium Case with Starlight Sport Band - M/L S-100655,apple_-2.jpg,1,1
192,Midnight Aluminium Case with Midnight Sport Band - S/M S-100656,apple_-4.jpg,1,1
193,Starlight Aluminium Case with Starlight Sport Band - S/M S-100654,apple_-2.jpg,1,1
194,Midnight Aluminium Case with Midnight Sport Band - M/L S-100657,apple_-4.jpg,1,1
195,Apple Watch SE 3 GPS + Cellular 44mm,"apple_-4.jpg, d286c12f.jpg, apple_-2.jpg, apple_-4.jpg, 82f0f1dc.jpg, apple_-3.jpg, 491d8c6a.jpg, apple_-1.jpg, 2245fccf.jpg, apple_-2.jpg",10,10
196,Midnight Aluminium Case with Midnight Sport Band - S/M S-100664,apple_-4.jpg,1,1
197,Midnight Aluminium Case with Midnight Sport Band - M/L S-100665,apple_-4.jpg,1,1
198,Starlight Aluminium Case with Starlight Sport Band - M/L  S-100663,apple_-2.jpg,1,1
199,Starlight Aluminium Case with Starlight Sport Band - S/M S-100662,apple_-2.jpg,1,1
200,iPhone 17 256GB,"iphone_17_sage_pdp_image_position_1__wwen.jpg, iphone_17_sage_pdp_image_position_2__wwen.jpg, iphone_17_sage_pdp_image_position_3__wwen.jpg, iphone_17_sage_pdp_image_position_4__wwen.jpg, iphone_17_white_pdp_image_position_1__wwen.jpg, iphone_17_white_pdp_image_position_2__wwen.jpg, iphone_17_white_pdp_image_position_3__wwen.jpg, iphone_17_white_pdp_image_position_4__wwen.jpg, iphone_17_mist_blue_pdp_image_position_4__wwen.jpg, iphone_17_mist_blue_pdp_image_position_1__wwen.jpg, iphone_17_mist_blue_pdp_image_position_2__wwen.jpg, iphone_17_mist_blue_pdp_image_position_3__wwen.jpg, iphone_17_lavender_pdp_image_position_1__wwen.jpg, iphone_17_lavender_pdp_image_position_2__wwen.jpg, iphone_17_lavender_pdp_image_position_3__wwen.jpg, iphone_17_lavender_pdp_image_position_4__wwen.jpg, iphone_17_black_pdp_image_position_1__wwen.jpg, iphone_17_black_pdp_image_position_2__wwen.jpg, iphone_17_black_pdp_image_position_3__wwen.jpg, iphone_17_black_pdp_image_position_4__wwen.jpg, iphone_17_white_pdp_image_position_5__wwen.jpg, iphone_17_white_pdp_image_position_6__wwen.jpg, iphone_17_white_pdp_image_position_7__wwen.jpg",23,23
201,Black S-100594,iphone_17_black_pdp_image_position_1__wwen.jpg,1,1
202,White S-100595,iphone_17_white_pdp_image_position_1__wwen.jpg,1,1
203,Blue S-100596,iphone_17_mist_blue_pdp_image_position_1__wwen.jpg,1,1
204,Lavender S-100597,iphone_17_black_pdp_image_position_1__wwen.jpg,1,1
205,Sage S-100598,iphone_17_sage_pdp_image_position_1__wwen.jpg,1,1
206,iPhone 17 512GB,"iphone_17_sage_pdp_image_position_1__wwen.jpg, iphone_17_sage_pdp_image_position_2__wwen.jpg, iphone_17_sage_pdp_image_position_3__wwen.jpg, iphone_17_sage_pdp_image_position_4__wwen.jpg, iphone_17_white_pdp_image_position_1__wwen.jpg, iphone_17_white_pdp_image_position_2__wwen.jpg, iphone_17_white_pdp_image_position_3__wwen.jpg, iphone_17_white_pdp_image_position_4__wwen.jpg, iphone_17_mist_blue_pdp_image_position_4__wwen.jpg, iphone_17_mist_blue_pdp_image_position_1__wwen.jpg, iphone_17_mist_blue_pdp_image_position_2__wwen.jpg, iphone_17_mist_blue_pdp_image_position_3__wwen.jpg, iphone_17_lavender_pdp_image_position_1__wwen.jpg, iphone_17_lavender_pdp_image_position_2__wwen.jpg, iphone_17_lavender_pdp_image_position_3__wwen.jpg, iphone_17_lavender_pdp_image_position_4__wwen.jpg, iphone_17_black_pdp_image_position_1__wwen.jpg, iphone_17_black_pdp_image_position_2__wwen.jpg, iphone_17_black_pdp_image_position_3__wwen.jpg, iphone_17_black_pdp_image_position_4__wwen.jpg, iphone_17_white_pdp_image_position_5__wwen.jpg, iphone_17_white_pdp_image_position_6__wwen.jpg, iphone_17_white_pdp_image_position_7__wwen.jpg",23,23
207,Lavender S-100602,iphone_17_lavender_pdp_image_position_1__wwen.jpg,1,1
208,Sage S-100603,iphone_17_sage_pdp_image_position_1__wwen.jpg,1,1
209,Blue S-100601,iphone_17_mist_blue_pdp_image_position_1__wwen.jpg,1,1
210,White S-100600,iphone_17_white_pdp_image_position_1__wwen.jpg,1,1
211,Black S-100599,iphone_17_black_pdp_image_position_1__wwen.jpg,1,1
212,iPhone Air 256GB,"iphone_air_space_black_pdp_image_position_1__wwen.jpg, iphone_air_space_black_pdp_image_position_2__wwen.jpg, iphone_air_space_black_pdp_image_position_3__wwen.jpg, iphone_air_space_black_pdp_image_position_4__wwen.jpg, iphone_air_sky_blue_pdp_image_position_1__wwen.jpg, iphone_air_sky_blue_pdp_image_position_2__wwen.jpg, iphone_air_sky_blue_pdp_image_position_3__wwen.jpg, iphone_air_sky_blue_pdp_image_position_4__wwen.jpg, iphone_air_light_gold_pdp_image_position_1__wwen.jpg, iphone_air_light_gold_pdp_image_position_2__wwen.jpg, iphone_air_light_gold_pdp_image_position_3__wwen.jpg, iphone_air_light_gold_pdp_image_position_4__wwen.jpg, iphone_air_cloud_white_pdp_image_position_1__wwen.jpg, iphone_air_cloud_white_pdp_image_position_2__wwen.jpg, iphone_air_cloud_white_pdp_image_position_3__wwen.jpg, iphone_air_cloud_white_pdp_image_position_4__wwen.jpg, iphone_air_space_black_pdp_image_position_5__wwen.jpg, iphone_air_space_black_pdp_image_position_6__wwen.jpg, iphone_air_space_black_pdp_image_position_7__wwen.jpg",19,19
213,White S-100626,iphone_air_cloud_white_pdp_image_position_1__wwen.jpg,1,1
214,Black S-100625,iphone_air_space_black_pdp_image_position_1__wwen.jpg,1,1
215,Gold S-100627,iphone_air_light_gold_pdp_image_position_1__wwen.jpg,1,1
216,Blue S-100628,iphone_air_sky_blue_pdp_image_position_1__wwen.jpg,1,1
217,iPhone Air 512GB,"iphone_air_light_gold_pdp_image_position_1__wwen.jpg, iphone_air_light_gold_pdp_image_position_2__wwen.jpg, iphone_air_light_gold_pdp_image_position_3__wwen.jpg, iphone_air_light_gold_pdp_image_position_4__wwen.jpg, iphone_air_space_black_pdp_image_position_1__wwen.jpg, iphone_air_space_black_pdp_image_position_2__wwen.jpg, iphone_air_space_black_pdp_image_position_3__wwen.jpg, iphone_air_space_black_pdp_image_position_4__wwen.jpg, iphone_air_sky_blue_pdp_image_position_1__wwen.jpg, iphone_air_sky_blue_pdp_image_position_2__wwen.jpg, iphone_air_sky_blue_pdp_image_position_3__wwen.jpg, iphone_air_sky_blue_pdp_image_position_4__wwen.jpg, iphone_air_cloud_white_pdp_image_position_1__wwen.jpg, iphone_air_cloud_white_pdp_image_position_2__wwen.jpg, iphone_air_cloud_white_pdp_image_position_3__wwen.jpg, iphone_air_cloud_white_pdp_image_position_4__wwen.jpg, iphone_air_space_black_pdp_image_position_5__wwen.jpg, iphone_air_space_black_pdp_image_position_6__wwen.jpg, iphone_air_space_black_pdp_image_position_7__wwen.jpg",19,19
218,White S-100630,iphone_air_cloud_white_pdp_image_position_1__wwen.jpg,1,1
219,Black S-100629,iphone_air_space_black_pdp_image_position_1__wwen.jpg,1,1
220,Blue S-100632,iphone_air_sky_blue_pdp_image_position_1__wwen.jpg,1,1
221,Gold S-100631,iphone_air_light_gold_pdp_image_position_1__wwen.jpg,1,1
222,iPhone Air 1TB,"iphone_air_cloud_white_pdp_image_position_1__wwen.jpg, iphone_air_cloud_white_pdp_image_position_2__wwen.jpg, iphone_air_cloud_white_pdp_image_position_3__wwen.jpg, iphone_air_cloud_white_pdp_image_position_4__wwen.jpg, iphone_air_space_black_pdp_image_position_1__wwen.jpg, iphone_air_space_black_pdp_image_position_2__wwen.jpg, iphone_air_space_black_pdp_image_position_3__wwen.jpg, iphone_air_space_black_pdp_image_position_4__wwen.jpg, iphone_air_sky_blue_pdp_image_position_1__wwen.jpg, iphone_air_sky_blue_pdp_image_position_2__wwen.jpg, iphone_air_sky_blue_pdp_image_position_3__wwen.jpg, iphone_air_sky_blue_pdp_image_position_4__wwen.jpg, iphone_air_light_gold_pdp_image_position_1__wwen.jpg, iphone_air_light_gold_pdp_image_position_2__wwen.jpg, iphone_air_light_gold_pdp_image_position_3__wwen.jpg, iphone_air_light_gold_pdp_image_position_4__wwen.jpg, iphone_air_space_black_pdp_image_position_5__wwen.jpg, iphone_air_space_black_pdp_image_position_6__wwen.jpg, iphone_air_space_black_pdp_image_position_7__wwen.jpg",19,19
223,White S-100634,iphone_air_cloud_white_pdp_image_position_1__wwen.jpg,1,1
224,Black S-100633,iphone_air_space_black_pdp_image_position_1__wwen.jpg,1,1
225,Blue S-100636,iphone_air_sky_blue_pdp_image_position_1__wwen.jpg,1,1
226,Gold S-100635,iphone_air_light_gold_pdp_image_position_1__wwen.jpg,1,1
227,iPhone 17 Pro 256GB,"iphone_17_pro_cosmic_orange_pdp_image_position_1__wwen.jpg, iphone_17_pro_cosmic_orange_pdp_image_position_2__wwen.jpg, iphone_17_pro_cosmic_orange_pdp_image_position_3__wwen.jpg, iphone_17_pro_cosmic_orange_pdp_image_position_4__wwen.jpg, iphone_17_pro_deep_blue_pdp_image_position_1__wwen.jpg, iphone_17_pro_deep_blue_pdp_image_position_2__wwen.jpg, iphone_17_pro_deep_blue_pdp_image_position_3__wwen.jpg, iphone_17_pro_deep_blue_pdp_image_position_4__wwen.jpg, iphone_17_pro_silver_pdp_image_position_1__wwen.jpg, iphone_17_pro_silver_pdp_image_position_2__wwen.jpg, iphone_17_pro_silver_pdp_image_position_3__wwen.jpg, iphone_17_pro_silver_pdp_image_position_4__wwen.jpg, iphone_17_pro_cosmic_orange_pdp_image_position_5__wwen.jpg, iphone_17_pro_cosmic_orange_pdp_image_position_6__wwen.jpg, iphone_17_pro_cosmic_orange_pdp_image_position_7__wwen.jpg",15,15
228,Orange S-100605,iphone_17_pro_cosmic_orange_pdp_image_position_1__wwen.jpg,1,1
229,Silver S-100604,iphone_17_pro_silver_pdp_image_position_1__wwen.jpg,1,1
230,Blue S-100606,iphone_17_pro_deep_blue_pdp_image_position_1__wwen.jpg,1,1
231,iPhone 17 Pro 512GB,"iphone_17_pro_deep_blue_pdp_image_position_1__wwen.jpg, iphone_17_pro_deep_blue_pdp_image_position_2__wwen.jpg, iphone_17_pro_deep_blue_pdp_image_position_3__wwen.jpg, iphone_17_pro_deep_blue_pdp_image_position_4__wwen.jpg, iphone_17_pro_cosmic_orange_pdp_image_position_1__wwen.jpg, iphone_17_pro_cosmic_orange_pdp_image_position_2__wwen.jpg, iphone_17_pro_cosmic_orange_pdp_image_position_3__wwen.jpg, iphone_17_pro_cosmic_orange_pdp_image_position_4__wwen.jpg, iphone_17_pro_silver_pdp_image_position_1__wwen.jpg, iphone_17_pro_silver_pdp_image_position_2__wwen.jpg, iphone_17_pro_silver_pdp_image_position_3__wwen.jpg, iphone_17_pro_silver_pdp_image_position_4__wwen.jpg, iphone_17_pro_cosmic_orange_pdp_image_position_5__wwen.jpg, iphone_17_pro_cosmic_orange_pdp_image_position_6__wwen.jpg, iphone_17_pro_cosmic_orange_pdp_image_position_7__wwen.jpg",15,15
232,Blue S-100609,iphone_17_pro_deep_blue_pdp_image_position_1__wwen.jpg,1,1
233,Silver S-100607,iphone_17_pro_silver_pdp_image_position_1__wwen.jpg,1,1
234,Orange S-100608,iphone_17_pro_cosmic_orange_pdp_image_position_1__wwen.jpg,1,1
235,iPhone 17 Pro 1TB,"iphone_17_pro_silver_pdp_image_position_1__wwen.jpg, iphone_17_pro_silver_pdp_image_position_2__wwen.jpg, iphone_17_pro_silver_pdp_image_position_3__wwen.jpg, iphone_17_pro_silver_pdp_image_position_4__wwen.jpg, iphone_17_pro_cosmic_orange_pdp_image_position_1__wwen.jpg, iphone_17_pro_cosmic_orange_pdp_image_position_2__wwen.jpg, iphone_17_pro_cosmic_orange_pdp_image_position_3__wwen.jpg, iphone_17_pro_cosmic_orange_pdp_image_position_4__wwen.jpg, iphone_17_pro_deep_blue_pdp_image_position_1__wwen.jpg, iphone_17_pro_deep_blue_pdp_image_position_2__wwen.jpg, iphone_17_pro_deep_blue_pdp_image_position_3__wwen.jpg, iphone_17_pro_deep_blue_pdp_image_position_4__wwen.jpg, iphone_17_pro_cosmic_orange_pdp_image_position_5__wwen.jpg, iphone_17_pro_cosmic_orange_pdp_image_position_6__wwen.jpg, iphone_17_pro_cosmic_orange_pdp_image_position_7__wwen.jpg",15,15
236,Blue S-100612,iphone_17_pro_deep_blue_pdp_image_position_1__wwen.jpg,1,1
237,Orange S-100611,iphone_17_pro_cosmic_orange_pdp_image_position_1__wwen.jpg,1,1
238,Silver S-100610,iphone_17_pro_silver_pdp_image_position_1__wwen.jpg,1,1
239,iPhone 17 Pro Max 256GB,"iphone_17_pro_cosmic_orange_pdp_image_position_1__wwen.jpg, iphone_17_pro_cosmic_orange_pdp_image_position_2__wwen.jpg, iphone_17_pro_cosmic_orange_pdp_image_position_3__wwen.jpg, iphone_17_pro_cosmic_orange_pdp_image_position_4__wwen.jpg, iphone_17_pro_deep_blue_pdp_image_position_1__wwen.jpg, iphone_17_pro_deep_blue_pdp_image_position_2__wwen.jpg, iphone_17_pro_deep_blue_pdp_image_position_3__wwen.jpg, iphone_17_pro_deep_blue_pdp_image_position_4__wwen.jpg, iphone_17_pro_silver_pdp_image_position_1__wwen.jpg, iphone_17_pro_silver_pdp_image_position_2__wwen.jpg, iphone_17_pro_silver_pdp_image_position_3__wwen.jpg, iphone_17_pro_silver_pdp_image_position_4__wwen.jpg, iphone_17_pro_cosmic_orange_pdp_image_position_6__wwen.jpg, iphone_17_pro_cosmic_orange_pdp_image_position_5__wwen.jpg, iphone_17_pro_cosmic_orange_pdp_image_position_7__wwen.jpg",15,15
240,Blue S-100615,iphone_17_pro_deep_blue_pdp_image_position_1__wwen.jpg,1,1
241,Silver S-100613,iphone_17_pro_silver_pdp_image_position_1__wwen.jpg,1,1
242,Orange S-100614,iphone_17_pro_cosmic_orange_pdp_image_position_1__wwen.jpg,1,1
243,iPhone 17 Pro Max 512GB,"iphone_17_pro_deep_blue_pdp_image_position_1__wwen.jpg, iphone_17_pro_deep_blue_pdp_image_position_2__wwen.jpg, iphone_17_pro_deep_blue_pdp_image_position_3__wwen.jpg, iphone_17_pro_deep_blue_pdp_image_position_4__wwen.jpg, iphone_17_pro_cosmic_orange_pdp_image_position_1__wwen.jpg, iphone_17_pro_cosmic_orange_pdp_image_position_2__wwen.jpg, iphone_17_pro_cosmic_orange_pdp_image_position_3__wwen.jpg, iphone_17_pro_cosmic_orange_pdp_image_position_4__wwen.jpg, iphone_17_pro_silver_pdp_image_position_1__wwen.jpg, iphone_17_pro_silver_pdp_image_position_2__wwen.jpg, iphone_17_pro_silver_pdp_image_position_3__wwen.jpg, iphone_17_pro_silver_pdp_image_position_4__wwen.jpg, iphone_17_pro_cosmic_orange_pdp_image_position_5__wwen.jpg, iphone_17_pro_cosmic_orange_pdp_image_position_6__wwen.jpg, iphone_17_pro_cosmic_orange_pdp_image_position_7__wwen.jpg",15,15
244,Orange S-100617,iphone_17_pro_cosmic_orange_pdp_image_position_1__wwen.jpg,1,1
245,Silver S-100616,iphone_17_pro_silver_pdp_image_position_1__wwen.jpg,1,1
246,Blue S-100618,iphone_17_pro_deep_blue_pdp_image_position_1__wwen.jpg,1,1
247,iPhone 17 Pro Max 1TB,"iphone_17_pro_silver_pdp_image_position_1__wwen.jpg, iphone_17_pro_silver_pdp_image_position_2__wwen.jpg, iphone_17_pro_silver_pdp_image_position_3__wwen.jpg, iphone_17_pro_silver_pdp_image_position_4__wwen.jpg, iphone_17_pro_cosmic_orange_pdp_image_position_1__wwen.jpg, iphone_17_pro_cosmic_orange_pdp_image_position_2__wwen.jpg, iphone_17_pro_cosmic_orange_pdp_image_position_3__wwen.jpg, iphone_17_pro_cosmic_orange_pdp_image_position_4__wwen.jpg, iphone_17_pro_deep_blue_pdp_image_position_1__wwen.jpg, iphone_17_pro_deep_blue_pdp_image_position_2__wwen.jpg, iphone_17_pro_deep_blue_pdp_image_position_3__wwen.jpg, iphone_17_pro_deep_blue_pdp_image_position_4__wwen.jpg, iphone_17_pro_cosmic_orange_pdp_image_position_5__wwen.jpg, iphone_17_pro_cosmic_orange_pdp_image_position_6__wwen.jpg, iphone_17_pro_cosmic_orange_pdp_image_position_7__wwen.jpg",15,15
248,Blue S-100621,iphone_17_pro_deep_blue_pdp_image_position_1__wwen.jpg,1,1
249,Orange S-100620,iphone_17_pro_cosmic_orange_pdp_image_position_1__wwen.jpg,1,1
250,Silver S-100619,iphone_17_pro_silver_pdp_image_position_1__wwen.jpg,1,1
251,iPhone 17 Pro Max 2TB,"iphone_17_pro_cosmic_orange_pdp_image_position_1__wwen.jpg, iphone_17_pro_cosmic_orange_pdp_image_position_2__wwen.jpg, iphone_17_pro_cosmic_orange_pdp_image_position_3__wwen.jpg, iphone_17_pro_cosmic_orange_pdp_image_position_4__wwen.jpg, iphone_17_pro_deep_blue_pdp_image_position_1__wwen.jpg, iphone_17_pro_deep_blue_pdp_image_position_2__wwen.jpg, iphone_17_pro_deep_blue_pdp_image_position_3__wwen.jpg, iphone_17_pro_deep_blue_pdp_image_position_4__wwen.jpg, iphone_17_pro_silver_pdp_image_position_1__wwen.jpg, iphone_17_pro_silver_pdp_image_position_2__wwen.jpg, iphone_17_pro_silver_pdp_image_position_3__wwen.jpg, iphone_17_pro_silver_pdp_image_position_4__wwen.jpg, iphone_17_pro_cosmic_orange_pdp_image_position_6__wwen.jpg, iphone_17_pro_cosmic_orange_pdp_image_position_5__wwen.jpg, iphone_17_pro_cosmic_orange_pdp_image_position_7__wwen.jpg",15,15
252,Silver S-100622,iphone_17_pro_silver_pdp_image_position_1__wwen.jpg,1,1
253,Orange S-100623,iphone_17_pro_cosmic_orange_pdp_image_position_1__wwen.jpg,1,1
254,Blue S-100624,iphone_17_pro_deep_blue_pdp_image_position_1__wwen.jpg,1,1
255,אוזניות אלחוטיות AirPods 4,"airpods_4_pdp_image_position_1__wwen.jpg, airpods_4_pdp_image_position_2__wwen.jpg, airpods_4_pdp_image_position_3__wwen.jpg, airpods_4_pdp_image_position_4__wwen.jpg, airpods_4_pdp_image_position_5__wwen.jpg, airpods_4_pdp_image_position_6__wwen.jpg, airpods_4_pdp_image_position_7__wwen.jpg, airpods_4_pdp_image_position_8__wwen.jpg",8,8
256,אוזניות אלחוטיות AirPods 4 - S-94984,"airpods_4_pdp_image_position_1__wwen.jpg, airpods_4_pdp_image_position_2__wwen.jpg, airpods_4_pdp_image_position_3__wwen.jpg, airpods_4_pdp_image_position_4__wwen.jpg, airpods_4_pdp_image_position_5__wwen.jpg, airpods_4_pdp_image_position_6__wwen.jpg, airpods_4_pdp_image_position_7__wwen.jpg, airpods_4_pdp_image_position_8__wwen.jpg",8,8
257,אוזניות אלחוטיות AirPods 4 with Active Noise Cancellation,"airpods_4_with_active_noise_cancellation_pdp_image_position_1__wwen.jpg, airpods_4_with_active_noise_cancellation_pdp_image_position_2__wwen.jpg, airpods_4_with_active_noise_cancellation_pdp_image_position_3__wwen.jpg, airpods_4_with_active_noise_cancellation_pdp_image_position_4__wwen.jpg, airpods_4_with_active_noise_cancellation_pdp_image_position_5__wwen.jpg, airpods_4_with_active_noise_cancellation_pdp_image_position_6__wwen.jpg, airpods_4_with_active_noise_cancellation_pdp_image_position_7__wwen.jpg, airpods_4_with_active_noise_cancellation_pdp_image_position_8__wwen.jpg, airpods_4_with_active_noise_cancellation_pdp_image_position_9__wwen.jpg, _airpods_4_with_active_noise_cancellation_pdp_images__wwen.jpg",10,10
258,אוזניות אלחוטיות AirPods 4 with Active Noise Cancellation,"airpods_4_with_active_noise_cancellation_pdp_image_position_1__wwen.jpg, airpods_4_with_active_noise_cancellation_pdp_image_position_2__wwen.jpg, airpods_4_with_active_noise_cancellation_pdp_image_position_3__wwen.jpg, airpods_4_with_active_noise_cancellation_pdp_image_position_4__wwen.jpg, airpods_4_with_active_noise_cancellation_pdp_image_position_5__wwen.jpg, airpods_4_with_active_noise_cancellation_pdp_image_position_6__wwen.jpg, airpods_4_with_active_noise_cancellation_pdp_image_position_7__wwen.jpg, airpods_4_with_active_noise_cancellation_pdp_image_position_8__wwen.jpg, airpods_4_with_active_noise_cancellation_pdp_image_position_9__wwen.jpg, _airpods_4_with_active_noise_cancellation_pdp_images__wwen.jpg",10,10
259,"מסך מחשב - Xiaomi Gaming Monitor G27i IPS 165Hz 27""","xiaomi-gaming-monitor-g27i_4.jpg, xiaomi-gaming-monitor-g27i_2.jpg, xiaomi-gaming-monitor-g27i_3.jpg, xiaomi-gaming-monitor-g27i_5.jpg, xiaomi-gaming-monitor-g27i_6.jpg, xiaomi-gaming-monitor-g27i_8.jpg",6,6
260,"מסך מחשב - Xiaomi Gaming Monitor G27i IPS 165Hz 27""","xiaomi-gaming-monitor-g27i_4.jpg, xiaomi-gaming-monitor-g27i_2.jpg, xiaomi-gaming-monitor-g27i_3.jpg, xiaomi-gaming-monitor-g27i_5.jpg, xiaomi-gaming-monitor-g27i_6.jpg, xiaomi-gaming-monitor-g27i_8.jpg",6,6
261,קיט Otterbox לנייד מסדרת iPhone 16 - כיסוי Symmetry ומגן מסך,"iphone-16-sym-clear-mag-clear-pkg.jpg, iphone-16-sym-clear-mag-gla-clear-fr-exp.jpg",2,2
262,iPhone 16 Pro Max,"iphone-16-sym-clear-mag-clear-pkg.jpg, iphone-16-sym-clear-mag-gla-clear-fr-exp.jpg",2,2
263,iPhone 16 Pro,"iphone-16-sym-clear-mag-clear-pkg.jpg, iphone-16-sym-clear-mag-gla-clear-fr-exp.jpg",2,2
264,iPhone 16,"iphone-16-sym-clear-mag-clear-pkg.jpg, iphone-16-sym-clear-mag-gla-clear-fr-exp.jpg",2,2
265,טלפון סלולרי Xiaomi Redmi 14C NFC 256GB,"1000280362.jpg, 1000280363.jpg, 1000280364.jpg, 1000280366.jpg, 1000280356.jpg, 1000280361.jpg",6,6
266,טלפון סלולרי Xiaomi Redmi 14C NFC 256GB,"1000280362.jpg, 1000280363.jpg, 1000280364.jpg, 1000280366.jpg, 1000280356.jpg, 1000280361.jpg",6,6
267,מסך מחשב - Xiaomi Mini LED Gaming Monitor G Pro 27i QHD 2K 180Hz,"xiaomi-mini-led-gaming-monitor-g-pro-27i-eu_1.jpg, xiaomi-mini-led-gaming-monitor-g-pro-27i-eu_2.jpg, xiaomi-mini-led-gaming-monitor-g-pro-27i-eu_3.jpg, xiaomi-mini-led-gaming-monitor-g-pro-27i-eu_4.jpg, xiaomi-mini-led-gaming-monitor-g-pro-27i-eu_5.jpg, xiaomi-mini-led-gaming-monitor-g-pro-27i-eu_6.jpg",6,6
268,מסך מחשב - Xiaomi Mini LED Gaming Monitor G Pro 27i QHD 2K 180Hz S-95580,"xiaomi-mini-led-gaming-monitor-g-pro-27i-eu_1.jpg, xiaomi-mini-led-gaming-monitor-g-pro-27i-eu_2.jpg, xiaomi-mini-led-gaming-monitor-g-pro-27i-eu_3.jpg, xiaomi-mini-led-gaming-monitor-g-pro-27i-eu_4.jpg, xiaomi-mini-led-gaming-monitor-g-pro-27i-eu_5.jpg, xiaomi-mini-led-gaming-monitor-g-pro-27i-eu_6.jpg",6,6
269,מסך מחשב - Xiaomi 2K Gaming Monitor G27Qi IPS 180Hz,"xiaomi-2k-gaming-monitor-g27qi-eu_1.jpg, xiaomi-2k-gaming-monitor-g27qi-eu_2.jpg, xiaomi-2k-gaming-monitor-g27qi-eu_3.jpg, xiaomi-2k-gaming-monitor-g27qi-eu_4.jpg",4,4
270,מסך מחשב - Xiaomi 2K Gaming Monitor G27Qi IPS 180Hz,"xiaomi-2k-gaming-monitor-g27qi-eu_1.jpg, xiaomi-2k-gaming-monitor-g27qi-eu_2.jpg, xiaomi-2k-gaming-monitor-g27qi-eu_3.jpg, xiaomi-2k-gaming-monitor-g27qi-eu_4.jpg",4,4
271,מסך מחשב - Xiaomi Gaming Monitor G24i IPS 180Hz,"xiaomi-gaming-monitor-g24i_1.jpg, xiaomi-gaming-monitor-g24i_2.jpg, xiaomi-gaming-monitor-g24i_3.jpg, xiaomi-gaming-monitor-g24i_4.jpg",4,4
272,מסך מחשב - Xiaomi Gaming Monitor G24i IPS 180Hz,"xiaomi-gaming-monitor-g24i_1.jpg, xiaomi-gaming-monitor-g24i_2.jpg, xiaomi-gaming-monitor-g24i_3.jpg, xiaomi-gaming-monitor-g24i_4.jpg",4,4
273,טלויזיה 43'' FHD ללא שוליים שיאומי | דגם -   Xiaomi TV A 43'' FHD (2025),"8fa60f13-718b-4ecc-8c48-79a5ff367444.jpg, db47bde8-d2f6-45ca-81f8-6c71389aae86.jpg, e18f702f-77df-4847-ae84-e859e741d7f9.jpg, c4dfd58a-fe4c-4da5-be3d-f6964d49b38a.jpg",4,4
274,טלויזיה 43'' FHD ללא שוליים שיאומי | דגם -   Xiaomi TV A 43'' FHD (2025),"8fa60f13-718b-4ecc-8c48-79a5ff367444.jpg, db47bde8-d2f6-45ca-81f8-6c71389aae86.jpg, e18f702f-77df-4847-ae84-e859e741d7f9.jpg, c4dfd58a-fe4c-4da5-be3d-f6964d49b38a.jpg",4,4
275,קונסולה Sony PlayStation 5 1TB Blu-Ray Slim Edition + Fortnite Cobalt Star,untitled-design.png,1,1
276,קונסולה Sony PlayStation 5 1TB Blu-Ray Slim Edition + Fortnite Cobalt Star,untitled-design.png,1,1
277,SONOS - סאבוופר Sub Mini,"gravity_left_white.jpg, gravity_top_white.jpg, gravity_back_black.jpg, gravity_back_white.jpg, gravity_left_black.jpg, gravity_lefthero_black.jpg, gravity_lefthero_white.jpg, gravity_top_black.jpg",8,8
278,Galaxy Ring - הטבעת החכמה מבית Samsung - שחור,"sm-q509_003_side_titanium-black.jpg, sm-q509_004_back_titanium-black.jpg, sm-q509_005_charging-case-opened-w-ring_titanium-black.jpg, sm-q509_006_charging-case-closed-w-ring_titanium-black.jpg, sm-q509_001_charging-case-closed-w-o-ring.jpg, sm-q509_002_charging-case-opened-w-o-ring.jpg, sm-q509_002_top_titanium-black.jpg",7,7
279,Galaxy Ring Black 9 S-97145,sm-q509_003_side_titanium-black.jpg,1,1
280,Galaxy Ring Black 10 S-97148,sm-q509_003_side_titanium-black.jpg,1,1
281,Galaxy Ring Black 11 S-97151,sm-q509_003_side_titanium-black.jpg,1,1
282,Galaxy Ring Black 8 S-97142,sm-q509_003_side_titanium-black.jpg,1,1
283,Galaxy Ring Black 12 S-97154,sm-q509_003_side_titanium-black.jpg,1,1
284,Galaxy Ring Black 7 S-97139,sm-q509_003_side_titanium-black.jpg,1,1
285,Galaxy Ring - הטבעת החכמה מבית Samsung - כסוף,"sm-q509_003_side_titanium-silver.jpg, sm-q509_004_back_titanium-silver.jpg, sm-q509_005_charging-case-opened-w-ring_titanium-silver.jpg, sm-q509_006_charging-case-closed-w-ring_titanium-silver.jpg, sm-q509_001_front_titanium-silver.jpg, sm-q509_001_charging-case-closed-w-o-ring.jpg, sm-q509_002_charging-case-opened-w-o-ring.jpg, sm-q509_002_top_titanium-silver.jpg",8,8
286,Galaxy Ring Silver 7 S-97140,sm-q509_003_side_titanium-silver.jpg,1,1
287,Galaxy Ring Silver 8 S-97143,sm-q509_003_side_titanium-silver.jpg,1,1
288,Galaxy Ring Silver 9 S-97146,sm-q509_003_side_titanium-silver.jpg,1,1
289,Galaxy Ring Silver 10 S-97149,sm-q509_003_side_titanium-silver.jpg,1,1
290,Galaxy Ring Silver 11 S-97152,sm-q509_003_side_titanium-silver.jpg,1,1
291,Re-New | טלפון סלולרי iPhone 13 Pro Max 128GB,"iphone_13_pro_max_graphite_pdp_image_position-1a__wwen.jpg, iphone_13_pro_max_graphite_pdp_image_position-2__wwen.jpg, iphone_13_pro_max_silver_pdp_image_position-2__wwen.jpg, iphone_13_pro_max_silver_pdp_image_position-1a__wwen.jpg",4,4
292,silver,iphone_13_pro_max_silver_pdp_image_position-1a__wwen.jpg,1,1
293,iPhone 13 Pro Max 256GB Blue,iphone_13_pro_max_sierra_blue_pdp_image_position-1a__wwen.jpg,1,1
294,graphite grey,iphone_13_pro_max_graphite_pdp_image_position-1a__wwen.jpg,1,1
295,iPhone 13 Pro Max 256GB Gold,iphone_13_pro_max_gold_pdp_image_position-1a__wwen.jpg,1,1
296,Re-New | טלפון סלולרי iPhone 12 Pro 256GB,"iphone_12_pro_pacific_blue_hero_2-up_lean_cropped_print__usen.tif, iphone_12_pro_graphite_hero_2-up_lean_cropped_print__usen.tif, iphone_12_pro_gold_hero_2-up_lean_cropped_print__usen.tif, iphone_12_pro_silver_hero_2-up_lean_cropped_print__usen.tif, iphone_12_pro_max_lineup_print__wwen.tif",5,5
297,iPhone 12 256GB Pacific Blue,iphone_12_pro_max_pacific_blue_pure_front_iphone_12_pro_max_pacific_blue_pure_back_2-up_print__usen.tif,1,1
298,iPhone 12 256GB Graphite,iphone_12_pro_graphite_pure_front_iphone_12_pro_graphite_pure_back_2-up_print__usen.tif,1,1
299,Re-New | טלפון סלולרי iPhone 12 Pro Max 256GB,"iphone_12_pro_gold_hero_2-up_lean_cropped_print__usen.tif, iphone_12_pro_silver_hero_2-up_lean_cropped_print__usen.tif, iphone_12_pro_graphite_hero_2-up_lean_cropped_print__usen.tif, iphone_12_pro_pacific_blue_hero_2-up_lean_cropped_print__usen.tif, iphone_12_pro_max_lineup_print__wwen.tif",5,5
300,iPhone 12 Pro Max 256GB Graphite,iphone_12_pro_graphite_pure_front_iphone_12_pro_graphite_pure_back_2-up_print__usen.tif,1,1
301,Re-New | טלפון סלולרי iPhone 14 Plus 128GB,"iphone_14_plus_blue_pdp_image_position-1a__en-us.png, iphone_14_plus_blue_pdp_image_position-2__en-us.png, iphone_14_plus_blue_pdp_image_position-3__en-us.png, iphone_14_plus_midnight_pdp_image_position-3__en-us.png, iphone_14_plus_productred_pdp_image_position-2__en-us.png, iphone_14_plus_productred_pdp_image_position-3__en-us.png, iphone_14_plus_purple_pdp_image_position-2__en-us.png, iphone_14_plus_purple_pdp_image_position-3__en-us.png, iphone_14_plus_starlight_pdp_image_position-2__en-us.png, iphone_14_plus_starlight_pdp_image_position-3__en-us.png",11,10
302,iPhone 14 Plus 128GB Blue,iphone_14_plus_blue_pdp_image_position-1a__en-us.png,1,1
303,iPhone 14 Plus 128GB Midnight,iphone_14_plus_midnight_pdp_image_position-1a__en-us.png,1,1
304,iPhone 14 Plus 128GB Purple,iphone_14_plus_purple_pdp_image_position-1a__en-us.png,1,1
305,iPhone 14 Plus 128GB Starlight,iphone_14_plus_starlight_pdp_image_position-1a__en-us.png,1,1
312,טלפון סלולרי Samsung Galaxy S25 Edge 5G 256GB,"sm-s937_galaxy-s25-edge_silver_front_250314.jpg, sm-s937_galaxy-s25-edge_silver_rside_250314.jpg, sm-s937_galaxy-s25-edge_silver_back_250314.jpg, sm-s937_galaxy-s25-edge_silver_backl30_250314.jpg, sm-s937_galaxy-s25-edge_silver_backr30_250314.jpg, sm-s937_galaxy-s25-edge_silver_front2_250314.jpg, sm-s937_galaxy-s25-edge_silver_frontl30_250314.jpg, sm-s937_galaxy-s25-edge_silver_frontr30_250314.jpg, sm-s937_galaxy-s25-edge_silver_lside_250314.jpg, sm-s937_galaxy-s25-edge_jetblack_front2_250314.jpg, sm-s937_galaxy-s25-edge_jetblack_frontl30_250314.jpg, sm-s937_galaxy-s25-edge_jetblack_frontr30_250314.jpg, sm-s937_galaxy-s25-edge_jetblack_lside_250314.jpg, sm-s937_galaxy-s25-edge_jetblack_rside_250314.jpg, sm-s937_galaxy-s25-edge_jetblack_back_250314.jpg, sm-s937_galaxy-s25-edge_jetblack_backl30_250314.jpg, sm-s937_galaxy-s25-edge_jetblack_backr30_250314.jpg, sm-s937_galaxy-s25-edge_jetblack_front_250314.jpg, sm-s937_galaxy-s25-edge_icyblue_rside_250314.jpg, sm-s937_galaxy-s25-edge_icyblue_back_250314.jpg, sm-s937_galaxy-s25-edge_icyblue_backl30_250314.jpg, sm-s937_galaxy-s25-edge_icyblue_backr30_250314.jpg, sm-s937_galaxy-s25-edge_icyblue_front_250314.jpg, sm-s937_galaxy-s25-edge_icyblue_front2_250314.jpg, sm-s937_galaxy-s25-edge_icyblue_frontl30_250314.jpg, sm-s937_galaxy-s25-edge_icyblue_frontr30_250314.jpg, sm-s937_galaxy-s25-edge_icyblue_lside_250314.jpg",27,27
313,טלפון סלולרי Samsung Galaxy S25 Edge 5G 256GB שחור,sm-s937_galaxy-s25-edge_jetblack_front_250314.jpg,1,1
314,טלפון סלולרי Samsung Galaxy S25 Edge 5G 256GB כסוף,sm-s937_galaxy-s25-edge_silver_front_250314.jpg,1,1
315,טלפון סלולרי Samsung Galaxy S25 Edge 5G 256GB כחול,sm-s937_galaxy-s25-edge_icyblue_front_250314.jpg,1,1
316,טלפון סלולרי Samsung Galaxy S25 Edge 5G 512GB,"sm-s937_galaxy-s25-edge_silver_front_250314.jpg, sm-s937_galaxy-s25-edge_silver_rside_250314.jpg, sm-s937_galaxy-s25-edge_silver_back_250314.jpg, sm-s937_galaxy-s25-edge_silver_backl30_250314.jpg, sm-s937_galaxy-s25-edge_silver_backr30_250314.jpg, sm-s937_galaxy-s25-edge_silver_front2_250314.jpg, sm-s937_galaxy-s25-edge_silver_frontl30_250314.jpg, sm-s937_galaxy-s25-edge_silver_frontr30_250314.jpg, sm-s937_galaxy-s25-edge_silver_lside_250314.jpg, sm-s937_galaxy-s25-edge_jetblack_front2_250314.jpg, sm-s937_galaxy-s25-edge_jetblack_frontl30_250314.jpg, sm-s937_galaxy-s25-edge_jetblack_frontr30_250314.jpg, sm-s937_galaxy-s25-edge_jetblack_lside_250314.jpg, sm-s937_galaxy-s25-edge_jetblack_rside_250314.jpg, sm-s937_galaxy-s25-edge_jetblack_back_250314.jpg, sm-s937_galaxy-s25-edge_jetblack_backl30_250314.jpg, sm-s937_galaxy-s25-edge_jetblack_backr30_250314.jpg, sm-s937_galaxy-s25-edge_jetblack_front_250314.jpg, sm-s937_galaxy-s25-edge_icyblue_rside_250314.jpg, sm-s937_galaxy-s25-edge_icyblue_back_250314.jpg, sm-s937_galaxy-s25-edge_icyblue_backl30_250314.jpg, sm-s937_galaxy-s25-edge_icyblue_backr30_250314.jpg, sm-s937_galaxy-s25-edge_icyblue_front_250314.jpg, sm-s937_galaxy-s25-edge_icyblue_front2_250314.jpg, sm-s937_galaxy-s25-edge_icyblue_frontl30_250314.jpg, sm-s937_galaxy-s25-edge_icyblue_frontr30_250314.jpg, sm-s937_galaxy-s25-edge_icyblue_lside_250314.jpg",27,27
317,טלפון סלולרי Samsung Galaxy S25 Edge 5G 512GB שחור,sm-s937_galaxy-s25-edge_jetblack_front_250314.jpg,1,1
320,אוזניות TWS שיאומי דגם Redmi Buds 6 Pro,"redmi-buds-6-pro-white_2.jpg, redmi-buds-6-pro_black_5.jpg, redmi-buds-6-pro_black_6.jpg, redmi-buds-6-pro_purple_2.jpg, redmi-buds-6-pro_purple_3.jpg, redmi-buds-6-pro_purple_4.jpg, redmi-buds-6-pro-white_3.jpg, redmi-buds-6-pro-white_4.jpg, redmi-buds-6-pro-white_5.jpg, redmi-buds-6-pro_black_3.jpg, redmi-buds-6-pro_black_4.jpg",11,11
321,סגול,redmi-buds-6-pro_purple_2.jpg,1,1
322,שחור,redmi-buds-6-pro_black_4.jpg,1,1
323,לבן,redmi-buds-6-pro-white_2.jpg,1,1
324,קונסולת משחק Nintendo Switch 2 256GB,"12.png, 13.png, 11.png",13,3
325,ללא משחק,"12.png, 13.png, 11.png",13,3
326,קונסולת משחק Nintendo Switch 2 256GB - מהדורת Mario World Edition,"14.png, 12.png, 13.png, 11.png",13,4
327,כולל משחק,"14.png, 12.png, 13.png, 11.png",13,4
328,Re-new | טלפון סלולרי Samsung Galaxy S21 Plus 256GB,"sm-g996_s21-_phantom-violet_back-l30_201110.png, sm-g996_s21-_phantom-silver_back-l30_201110.png, sm-g996_s21-_phantom-silver_front_201110.png",5,3
329,samsung galaxy s21 PLUS Silver,sm-g996_s21-_phantom-silver_back-l30_201110.png,1,1
332,טלפון סלולרי Samsung Galaxy Z Fold 7 256GB,"טמפלייט-תמונה-ראשית.png, sm-f966_zfold7_openback_silver-shadow_250425.jpg, sm-f966_zfold7_front_silver-shadow_250425.jpg, sm-f966_zfold7_openfront115_silver-shadow_250425.jpg, sm-f966_zfold7_openfront_silver-shadow_250425.jpg, sm-f966_zfold7_openback115_silver-shadow_250425.jpg, sm-f966_zfold7_frontl30_silver-shadow_250425.jpg, sm-f966_zfold7_backl30_silver-shadow_250425.jpg, sm-f966_zfold7_back_silver-shadow_250425.jpg, sm-f966_zfold7_side_jetblack_250425.jpg, sm-f966_zfold7_openback_jetblack_250425.jpg, sm-f966_zfold7_front_jetblack_250425.jpg, sm-f966_zfold7_openfront115_jetblack_250425.jpg, sm-f966_zfold7_front_blue-shadow_250425.jpg, sm-f966_zfold7_openback115_blue-shadow_250425.jpg, sm-f966_zfold7_openback_blue-shadow_250425.jpg",16,16
333,JETBLACK S-99510,טמפלייט-תמונה-ראשית.png,1,1
334,SILVER SHADOW S-99511,טמפלייט-קטגוריה.png,1,1
336,כיסוי לנייד Galaxy Z Fold 7 קרבון + ראש מטען 25W,ef-xf966_008_package_black_250516.jpg,2,1
337,כיסוי לנייד Galaxy Z Flip 7 Ring שקוף + ראש מטען 25W,ef-qf766_004_front_transparent_250521.png,2,1
338,שחור S-99490,ef-qf766_004_front_transparent_250521.png,2,1
339,מקרן חכם L1 Xiaomi Smart Projector L1,"99170_2.jpg, 99170_1.jpg, 99170_4.jpg, 99170_5.jpg, 99170_7.jpg, 99170_8.jpg",6,6
340,Product S-99774,"99170_2.jpg, 99170_1.jpg, 99170_4.jpg, 99170_5.jpg, 99170_7.jpg, 99170_8.jpg",6,6
341,מקרן חכם L1 Xiaomi Smart Projector L1 Pro,"99171_2.jpg, 99171_4.jpg, 99171_5.jpg, 99171_8.jpg, 99171_9.jpg",5,5
342,Product S-99775,"99171_2.jpg, 99171_4.jpg, 99171_5.jpg, 99171_8.jpg, 99171_9.jpg",5,5
343,Re-New | טלפון סלולרי iPhone 14 Plus 256GB,"iphone_14_plus_blue_pdp_image_position-1a__en-us.png, iphone_14_plus_blue_pdp_image_position-2__en-us.png, iphone_14_plus_blue_pdp_image_position-3__en-us.png, iphone_14_plus_midnight_pdp_image_position-3__en-us.png, iphone_14_plus_productred_pdp_image_position-2__en-us.png, iphone_14_plus_productred_pdp_image_position-3__en-us.png, iphone_14_plus_purple_pdp_image_position-2__en-us.png, iphone_14_plus_purple_pdp_image_position-3__en-us.png, iphone_14_plus_starlight_pdp_image_position-2__en-us.png, iphone_14_plus_starlight_pdp_image_position-3__en-us.png",11,10
344,Purple,iphone_14_plus_purple_pdp_image_position-1a__en-us.png,1,1
345,iPhone 14 Plus 128GB Red,iphone_14_plus_productred_pdp_image_position-1a__en-us.png,1,1
346,Blue,iphone_14_plus_blue_pdp_image_position-1a__en-us.png,1,1
347,Midnight,iphone_14_plus_midnight_pdp_image_position-1a__en-us.png,1,1
348,iPhone 14 Plus 128GB Starlight,iphone_14_plus_starlight_pdp_image_position-1a__en-us.png,1,1
349,קוביית טעינה 3 ב 1 - Anker 3-in-1 Cube with MagSafe Y1811,"y1811ja1_td01_v1__original.jpeg, y1811ja1_nd03_v1___original.jpeg, y1811ja1_nd02_v4__original.jpeg",3,3
350,קוביית טעינה 3 ב 1 - Anker 3-in-1 Cube with MagSafe Y1811,"y1811ja1_td01_v1__original.jpeg, y1811ja1_nd03_v1___original.jpeg, y1811ja1_nd02_v4__original.jpeg",3,3
351,"טלוויזיה חכמה LG UHD QNED Smart TV 75"" 4K 75QNED86T6A","75qned86t6a_1_תמונה-ראשית.jpg, dz-3.jpg, dz-4.jpg, dz-5.jpg",4,4
352,"טלוויזיה חכמה LG UHD OLED Smart TV 48"" 4K OLED48C46LA","oled77c4_1_תמונה-ראש111ית.jpg, oled77c4_2_תמונה.jpg, oled77c4_3_תמונה-אחורי.jpg, oled77c4_4_תמונה-מידות.jpg",4,4
353,"טלוויזיה חכמה LG UHD OLED Smart TV 48"" 4K OLED48C46LA","oled77c4_1_תמונה-ראש111ית.jpg, oled77c4_2_תמונה.jpg, oled77c4_3_תמונה-אחורי.jpg, oled77c4_4_תמונה-מידות.jpg",4,4
354,טלוויזיה LG OLED בגודל 55 אינץ' חכמה ברזולוציית K4 דגם: OLED55B46LA,"oled77c4_1_תמונה-ראש111ית.jpg, oled77c4_2_תמונה.jpg, oled77c4_3_תמונה-אחורי.jpg, oled77c4_4_תמונה-מידות.jpg",4,4
355,טלוויזיה LG OLED בגודל 65 אינץ' חכמה ברזולוציית K4 דגם: OLED65B46LA,"oled77c4_1_תמונה-ראש111ית.jpg, oled77c4_2_תמונה.jpg, oled77c4_3_תמונה-אחורי.jpg, oled77c4_4_תמונה-מידות.jpg",4,4
356,טלוויזיה LG OLED evo - בגודל 77 אינץ' Smart TV  ברזולוציית K4 דגם: OLED77C46LA,"oled77c4_1_תמונה-ראש111ית.jpg, oled77c4_2_תמונה.jpg, oled77c4_3_תמונה-אחורי.jpg, oled77c4_4_תמונה-מידות.jpg",4,4
357,Samsung Galaxy SmartTag2 4 יחידות - תגיות לאיתור חפצים,22b870ef96024880227a7f433e104093.jpg,1,1
358,Samsung Galaxy SmartTag2  - תגית לאיתור חפצים,22b870ef96024880227a7f433e104093.jpg,1,1
359,אוזניות אלחוטיות Samsung Galaxy Buds FE,"170_sm-r400_006_case-l-dynamic_white_thumb.png, sm-r400_008_case-combination_graphite_thumb.png, sm-r400_002_back_graphite_thumb.png, sm-r400_001_front_graphite_thumb.png, 170_sm-r400_008_case-combination_white_thumb.png, 170_sm-r400_007_case-dynamic_white_thumb.png, 180_sm-r400_002_back_white_thumb.png, 180_sm-r400_001_front_white_thumb.png",10,8
361,Samsung Galaxy Buds FE White,170_sm-r400_007_case-dynamic_white_thumb.png,1,1
362,מטען אלחוטי לטעינת שלושה מכשירים 15W 3IN1 סמסונג Miracase MQIW50,"99701-804-10_4.jpg, 99701-804-10-3.jpg, 99701-804-10_2.jpg, 99701-804-10_3.jpg",4,4
363,מטען אלחוטי לטעינת שלושה מכשירים 15W 3IN1 סמסונג Miracase MQIW50,"99701-804-10_4.jpg, 99701-804-10-3.jpg, 99701-804-10_2.jpg, 99701-804-10_3.jpg",4,4
364,כבל 1.2 מטר בעל קיבולת 100W מבית Miracase Type C – Type C,99214-002-18.jpg,1,1
365,כבל 1.2 מטר בעל קיבולת 100W מבית Miracase Type C – Type C,99214-002-18.jpg,1,1
366,כבל 2 מטר בעל קיבולת 100W מבית Miracase Type C – Type C,99214-002-19.jpg,1,1
367,כבל 2 מטר בעל קיבולת 100W מבית Miracase Type C – Type C,99214-002-19.jpg,1,1
368,כבל מאושר אפל USB-C to Lightning MFI אפל צבע לבן,94020-705-30.jpg,1,1
369,כבל מאושר אפל USB-C to Lightning MFI אפל צבע לבן,94020-705-30.jpg,1,1
370,מטען קיר מהיר MWC20 20W מאושר MFi עם כבל USB C to Lightning,99213-310-69-1.jpg,1,1
371,מטען קיר מהיר MWC20 20W מאושר MFi עם כבל USB C to Lightning,99213-310-69-1.jpg,1,1
372,מטען קיר מהיר MIRACASE USB-A + 2 x PD Type-C 65W – צבע לבן,9921300327-2.jpg,1,1
373,מטען קיר מהיר MIRACASE USB-A + 2 x PD Type-C 65W – צבע לבן,9921300327-2.jpg,1,1
374,מטען קיר מהיר MIRACASE USB-A + 2 x PD Type-C 65W – צבע שחור,9921300327-1.jpg,1,1
375,מטען קיר מהיר MIRACASE USB-A + 2 x PD Type-C 65W – צבע שחור,9921300327-1.jpg,1,1
376,מטען קיר מהיר דגם MWC20PQ בצבע לבן מבית MIRACASE,99213-003-16.jpg,1,1
377,מטען קיר מהיר דגם MWC20PQ בצבע לבן מבית MIRACASE,99213-003-16.jpg,1,1
378,רמקול TWS קטן ועוצמתי דגם MTWS380 מבית MIRACASE,99317-705-23-ezgif.jpg,1,1
379,רמקול TWS קטן ועוצמתי דגם MTWS380 מבית MIRACASE,99317-705-23-ezgif.jpg,1,1
380,רמקול TWS קטן ועוצמתי דגם MTWS360 מבית MIRACASE,"99317-705-25_3.jpg, 99317-705-25.jpg, 99317-705-25_2.jpg",3,3
381,רמקול TWS קטן ועוצמתי דגם MTWS360 מבית MIRACASE,"99317-705-25_3.jpg, 99317-705-25.jpg, 99317-705-25_2.jpg",3,3
382,מטען מהיר לרכב PD25W+QC18W Miracase,"99317-000-19-ezgif.jpg, 99317-000-19_2.jpg",2,2
383,מטען מהיר לרכב PD25W+QC18W Miracase,"99317-000-19-ezgif.jpg, 99317-000-19_2.jpg",2,2
384,"כבל סנכרון וטעינה 3 ב-1-USB to Lightning, Micro USB and USB-C מבית SILVER LINE","99702-001-29.jpg, 99702-001-29_2-ezgif.jpg",2,2
385,"כבל סנכרון וטעינה 3 ב-1-USB to Lightning, Micro USB and USB-C מבית SILVER LINE","99702-001-29.jpg, 99702-001-29_2-ezgif.jpg",2,2
386,אוזניות חוטיות - Apple EarPods עם חיבור Type C (USB-C),"apple_earpods_with_usb-c_connector_pure_front_cropped_screen__usen.png, apple_earpods_with_usb-c_connector_pure_front_cropped_screen__usen2.png",2,2
387,Apple EarPods,"apple_earpods_with_usb-c_connector_pure_front_cropped_screen__usen.png, apple_earpods_with_usb-c_connector_pure_front_cropped_screen__usen2.png",2,2
388,ראש מטען מקורי של Apple 30W USB Type C (USB-C),"30w-charger.png, 30w-charger_1.png, 30w-charger_2.png",3,3
389,White,"30w-charger.png, 30w-charger_1.png, 30w-charger_2.png",3,3
390,כבל מקורי של אפל USB C to USB C Woven Charge 60W באורך מטר,כבל-מטען-מטר-160w.png,1,1
391,White,כבל-מטען-מטר-160w.png,1,1
392,כבל מקורי של אפל USB C to USB C Woven Charge 240W באורך 2 מטר,כבל-מעטן-2-מטר-240w.png,1,1
393,White,כבל-מעטן-2-מטר-240w.png,1,1
394,עמדת טעינה ועגינה - PowerWave Mag & Go 2 in 1,"powerwave-mag-3.jpg, powerwave-mag-2.jpg",4,2
395,White,powerwave-mag-3.jpg,1,1
396,מצלמה ביתית Xiaomi Smart Camera C300,"basic-angle.png, side-reverse.png",5,2
397,עט דור ראשון דגם Apple Pencil 1st Gen,apple_pencil_pf_print.png,1,1
398,Apple Pencil 1st Gen,apple_pencil_pf_print.png,1,1
399,Magic Keyboard לאייפד דור 10,"ipad_10th-gen_white_magic_keyboard_folio_front_left_movie_mode_print__usen.png, ipad_10th-gen_white_magic_keyboard_folio_front_left_type_mode_print__usen.png, ipad_10th-gen_white_magic_keyboard_folio_back_left_type_mode_print__usen.png, ipad_10th-gen_white_magic_keyboard_folio_pure_side_left_type_mode_print__usen.png",4,4
400,Magic Keyboard לאייפד דור 10,"ipad_10th-gen_white_magic_keyboard_folio_front_left_movie_mode_print__usen.png, ipad_10th-gen_white_magic_keyboard_folio_front_left_type_mode_print__usen.png, ipad_10th-gen_white_magic_keyboard_folio_back_left_type_mode_print__usen.png, ipad_10th-gen_white_magic_keyboard_folio_pure_side_left_type_mode_print__usen.png",4,4
401,סטרימר Apple TV 4K WiFi+Ethernet 128GB 2022,"multi-product_apple_tv_4k_3rd-gen_siri_remote_2-up_screen__usen.png, apple_tv_4k_3rd-gen_wi-fi_ethernet_pure_back_screen__usen.png, apple_tv_4k_3rd-gen_hero_vertical_screen__wwen.png",3,3
402,Apple TV 4K WiFi+Ethernet 128GB 2022,"multi-product_apple_tv_4k_3rd-gen_siri_remote_2-up_screen__usen.png, apple_tv_4k_3rd-gen_wi-fi_ethernet_pure_back_screen__usen.png, apple_tv_4k_3rd-gen_hero_vertical_screen__wwen.png",3,3
403,סטרימר Apple TV 4K WiFi 64GB 2022,"multi-product_apple_tv_4k_3rd-gen_siri_remote_2-up_screen__usen.png, apple_tv_4k_3rd-gen_wi-fi_pure_back_screen__usen.png, apple_tv_4k_3rd-gen_hero_vertical_screen__wwen.png",3,3
404,Apple TV 4K WiFi 64GB 2022,"multi-product_apple_tv_4k_3rd-gen_siri_remote_2-up_screen__usen.png, apple_tv_4k_3rd-gen_wi-fi_pure_back_screen__usen.png, apple_tv_4k_3rd-gen_hero_vertical_screen__wwen.png",3,3
405,ערכת טעינה מקורית של סמסונג - Samsung Charger Kit,"picture3.png, picture5.png, picture6.png",4,3
406,Samsung Charger Kit,"picture3.png, picture5.png, picture6.png",4,3
407,Apple AirTag,"airtag_pdp_image_position-1__wwen.jpg, airtag_pdp_image_position-2__wwen.jpg, airtag_pdp_image_position-6__wwen.jpg, airtag_white_2-up_screen__usen.tif, airtag_white_34f_screen__usen.tif, airtag_white_pure_back_print__usen.tif, airtag_white_pure_front_print__usen.tif, airtag_white_pure_side_print__usen.tif, iphone_12_black_airtag_pure_front_2-up_print__wwen.tif",9,9
408,לבן,"airtag_pdp_image_position-1__wwen.jpg, airtag_pdp_image_position-2__wwen.jpg, airtag_pdp_image_position-6__wwen.jpg, airtag_white_2-up_screen__usen.tif, airtag_white_34f_screen__usen.tif, airtag_white_pure_back_print__usen.tif, airtag_white_pure_front_print__usen.tif, airtag_white_pure_side_print__usen.tif, iphone_12_black_airtag_pure_front_2-up_print__wwen.tif",9,9
409,Apple AirTag (4 Pack),"airtag_white_4-up_print__usen.tif, airtag_white_2-up_screen__usen.tif, airtag_pdp_image_position-6__wwen.jpg, airtag_white_34f_screen__usen.tif, airtag_white_pure_side_print__usen.tif, iphone_12_black_airtag_pure_front_2-up_print__wwen.tif, airtag_pdp_image_position-2__wwen.jpg",7,7
410,לבן,"airtag_white_4-up_print__usen.tif, airtag_white_2-up_screen__usen.tif, airtag_pdp_image_position-6__wwen.jpg, airtag_white_34f_screen__usen.tif, airtag_white_pure_side_print__usen.tif, iphone_12_black_airtag_pure_front_2-up_print__wwen.tif, airtag_pdp_image_position-2__wwen.jpg",7,7
411,מודם נתב סלולרי ZTE MC888 5G,"mc882.png, mc88.png",3,2
412,מודם נתב סלולרי ZTE MC888 5G,"mc882.png, mc88.png",3,2
413,מקרן קול Pure Acoustics HD-120,pure-acoustics-hd-120.jpg,1,1
414,black,pure-acoustics-hd-120.jpg,1,1
415,נתב נייד Boon 4G LTE MiFi,mi-fi-white-front-pic.jpg,1,1
416,white,mi-fi-white-front-pic.jpg,1,1
417,טלפון סלולרי iPhone 12 64GB,"iphone_12_blue_hero_2-up_cropped_print__usen.tif, iphone_12_black_hero_2-up_cropped_print__usen.tif, iphone_12_hero_5-up_red_print__wwen.tif, iphone_12_lineup_print__wwen.tif",4,4
418,iPhone 12 64GB Black,iphone_12_mini_black_pure_front_iphone_12_mini_black_pure_back_2-up_print__usen.tif,1,1
419,טלפון סלולרי iPhone 12 128GB,"iphone_12_black_hero_2-up_cropped_print__usen.tif, iphone_12_blue_hero_2-up_cropped_print__usen.tif, iphone_12_hero_5-up_red_print__wwen.tif, iphone_12_lineup_print__wwen.tif",4,4
420,iPhone 12 128GB Black,iphone_12_mini_black_pure_front_iphone_12_mini_black_pure_back_2-up_print__usen.tif,1,1
421,מקרן קיר Packard Bell Luminator Plus 10,"luminator-plus-isometric-main-with-iphone-web.jpeg, luminator-plus-10-front-web.jpeg, luminator-plus-10-package-pic-web.jpeg, luminator-plus-isometric-main-web.jpeg",4,4
422,white,"luminator-plus-isometric-main-with-iphone-web.jpeg, luminator-plus-10-front-web.jpeg, luminator-plus-10-package-pic-web.jpeg, luminator-plus-isometric-main-web.jpeg",4,4
423,מטען קיר סמסונג 25W עם כבל מקורי TYPE C,"ep-ta800_007_front_white.jpg, ep-ta800_005_front_black.jpg, ep-ta800n-eu-_001_dynamic_black.jpg, כבל.png",4,4
424,White,ep-ta800_007_front_white.jpg,1,1
425,black,ep-ta800_005_front_black.jpg,1,1
426,כבל סמסונג מקורי USB Type C to Type A,cable.png,1,1
427,White,cable.png,1,1
428,Apple Watch Magnetic Charging Cable כבל טעינה לשעון אפל,"apple_watch_magnetic_charger_to_usb_cable_1m_screen__usen.jpg, apple_watch_magnetic_charger_to_usb-c_cable_1m_screen__usen.jpg",2,2
429,לבן,"apple_watch_magnetic_charger_to_usb_cable_1m_screen__usen.jpg, apple_watch_magnetic_charger_to_usb-c_cable_1m_screen__usen.jpg",2,2
430,טלפון סלולרי iPhone 13 Pro 256GB,"iphone_12_black_hero_2-up_cropped_print__usen.tif, iphone_12_blue_hero_2-up_cropped_print__usen.tif, iphone_12_hero_5-up_red_print__wwen.tif, iphone_12_lineup_print__wwen.tif",4,4
431,TP-Link Deco X50 AX3000  מגדיל טווח - ערכת זוג,"474x458_25-4-22_deco_x50-2-pack-_overview_01_normal_20211224063734o.png, 474x458_25-4-22_deco_x50_overview_02_normal_20211224063508o.png, 474x458_25-4-22_deco_x50-2-pack-_overview_08_normal_20211225113507h.png, 474x458_25-4-22_deco_x50-1-pack-_overview_01_normal_20211225093734f.png",4,4
432,TP-Link Deco X50 AX3000  מגדיל טווח - ערכת זוג,"474x458_25-4-22_deco_x50-2-pack-_overview_01_normal_20211224063734o.png, 474x458_25-4-22_deco_x50_overview_02_normal_20211224063508o.png, 474x458_25-4-22_deco_x50-2-pack-_overview_08_normal_20211225113507h.png, 474x458_25-4-22_deco_x50-1-pack-_overview_01_normal_20211225093734f.png",4,4
433,TP-Link Deco X50 AX3000  מגדיל טווח - ערכת שלישיה,"474x458_25-4-22_deco_x50-3-pack-_overview_01_large_20211224063459s.png, 474x458_25-4-22_deco_x50_overview_02_normal_20211224063508o.png, 474x458_25-4-22_deco_x50-3-pack-_overview_08_normal_20211224063620l.png, 474x458_25-4-22_deco_x50-1-pack-_overview_01_normal_20211225093734f.png",4,4
434,TP-Link Deco X50 AX3000  מגדיל טווח - ערכת שלישיה,"474x458_25-4-22_deco_x50-3-pack-_overview_01_large_20211224063459s.png, 474x458_25-4-22_deco_x50_overview_02_normal_20211224063508o.png, 474x458_25-4-22_deco_x50-3-pack-_overview_08_normal_20211224063620l.png, 474x458_25-4-22_deco_x50-1-pack-_overview_01_normal_20211225093734f.png",4,4
437,TP-Link Deco X20 4G Plus - מגדיל טווח Mesh + מודם נתב סלולרי,"474x458_deco-x20-4g_01_large_20210813085318k_.png, 474x458_deco-x20-4g_02_large_20210813085326r_.png, 474x458_deco-x20-4g_06_large_20210813085403y_.png, 474x458_deco-x20-4g_03_large_20210813085334e_.png, 474x458_deco-x20-4g_04_large_20210813085344a_.png, 474x458_deco-x20-4g_05_large_20210813085355d_.png",6,6
438,TP-Link Deco X20 4G Plus,"474x458_deco-x20-4g_01_large_20210813085318k_.png, 474x458_deco-x20-4g_02_large_20210813085326r_.png, 474x458_deco-x20-4g_06_large_20210813085403y_.png, 474x458_deco-x20-4g_03_large_20210813085334e_.png, 474x458_deco-x20-4g_04_large_20210813085344a_.png, 474x458_deco-x20-4g_05_large_20210813085355d_.png",6,6
439,שעון חכם אפל Apple Watch Series 8 GPS+Cellular 41mm / 45mm  Aluminium Case with Sport band,apple_watch_series_8_gps_41mm_product_red_aluminum_product_red_sport_band_pure_front_screen__usen.png,1,1
440,Red 41,apple_watch_series_8_cellular_45mm_product_red_aluminum_product_red_sport_band_34fr_screen__usen.png,1,1
441,Red 45,apple_watch_series_8_cellular_45mm_product_red_aluminum_product_red_sport_band_34fr_screen__usen.png,1,1
442,עט Apple Pencil (2nd Generation) - דור שני,"1g.png, 3g.png, 2g.png",3,3
443,Apple Pencil (2nd Generation),"1g.png, 3g.png, 2g.png",3,3
444,Samsung Wireless Charger Trio - מטען אלחוטי לטעינת שלושה מכשירים,picture5.png,2,1
445,15W Wireless Charger Duo E5400 - משטח טעינה אלחוטי,"ep-p5400_003_l-perspective_dark-gray.png, ep-p5400_004_r-perspective_dark-gray.png",2,2
446,כבל מקורי של אפל USB A to Lightning  באורך מטר,lightningusbdatacableforiphone5andipadmini10ft3m11_1431105079-1-600x600.jpg,1,1
447,White,lightningusbdatacableforiphone5andipadmini10ft3m11_1431105079-1-600x600.jpg,1,1
448,ראש מטען מקורי של Apple 20W,"20w_usb-c_power_adapter_eu_screen.png, 20w_usb-c_power_adapter_front_eu_screen.png, 20w_usb-c_power_adapter_bottom_eu_screen.png",3,3
449,White,"20w_usb-c_power_adapter_eu_screen.png, 20w_usb-c_power_adapter_front_eu_screen.png, 20w_usb-c_power_adapter_bottom_eu_screen.png",3,3
450,דונגל ZLT 5G Dongle,"x01-front.png, x01-45.png, x01-back.png, x01-btm.png, x01-left.png, x01-right.png, x01-top.png",7,7
451,Product,"x01-front.png, x01-45.png, x01-back.png, x01-btm.png, x01-left.png, x01-right.png, x01-top.png",7,7
452,TP-Link Deco X50 AX3000 - מגדיל טווח יחיד,"474x458_25-4-22_deco_x50_overview_02_normal_20211224063508o.png, 474x458_25-4-22_deco_x50-1-pack-_overview_01_normal_20211225093734f.png",2,2
453,TP-Link Deco X50 AX3000  מגדיל טווח - ערכת יחיד,"474x458_25-4-22_deco_x50_overview_02_normal_20211224063508o.png, 474x458_25-4-22_deco_x50-1-pack-_overview_01_normal_20211225093734f.png",2,2
454,Apple Watch 9 GPS + Cellular 41mm Gold Stainless Steel Case with Sport Band - שעון חכם אפל,"apple_watch_series_9_lte_41mm_gold_stainless_steel_clay_sport_band_pdp_image_position-2__wwen.png, apple_watch_series_9_lte_41mm_gold_stainless_steel_clay_sport_band_pdp_image_position-6__wwen.png, apple_watch_series_9_lte_41mm_gold_stainless_steel_clay_sport_band_pdp_image_position-8__wwen.png",3,3
455,פלדת אל-חלד בצבע זהב עם רצועה בצבע כחול,"apple_watch_series_9_lte_41mm_gold_stainless_steel_clay_sport_band_pdp_image_position-2__wwen.png, apple_watch_series_9_lte_41mm_gold_stainless_steel_clay_sport_band_pdp_image_position-6__wwen.png, apple_watch_series_9_lte_41mm_gold_stainless_steel_clay_sport_band_pdp_image_position-8__wwen.png",3,3
456,Apple Watch 9 GPS + Cellular 41mm Silver Stainless Steel Case with Sport Band - שעון חכם אפל,"apple_watch_series_9_lte_41mm_silver_stainless_steel_storm_blue_sport_band_pdp_image_position-1__wwen.png, apple_watch_series_9_lte_41mm_silver_stainless_steel_storm_blue_sport_band_pdp_image_position-2__wwen.png, apple_watch_series_9_lte_41mm_silver_stainless_steel_storm_blue_sport_band_pdp_image_position-3__wwen.png, apple_watch_series_9_lte_41mm_silver_stainless_steel_storm_blue_sport_band_pdp_image_position-8__wwen.png",4,4
457,פלדת אל-חלד כסופה עם רצועה בצבע חרס,"apple_watch_series_9_lte_41mm_silver_stainless_steel_storm_blue_sport_band_pdp_image_position-1__wwen.png, apple_watch_series_9_lte_41mm_silver_stainless_steel_storm_blue_sport_band_pdp_image_position-2__wwen.png, apple_watch_series_9_lte_41mm_silver_stainless_steel_storm_blue_sport_band_pdp_image_position-3__wwen.png, apple_watch_series_9_lte_41mm_silver_stainless_steel_storm_blue_sport_band_pdp_image_position-8__wwen.png",4,4
458,אייפון iPhone 15 128GB Apple,"iphone_15_black_pdp_image_position-1__wwen.png, iphone_15_black_pdp_image_position-1_alt__wwen.png, iphone_15_black_pdp_image_position-2__wwen.png, iphone_15_plus_blue_pdp_image_position-5__wwen.png",4,4
459,iPhone 15 128GB Black,iphone_15_black_pdp_image_position-1__wwen.png,1,1
460,iPhone 15 128GB Blue,iphone_15_plus_blue_pdp_image_position-1__wwen.png,1,1
461,iPhone 15 128GB Yellow,iphone_15_plus_yellow_pdp_image_position-1__wwen.png,1,1
462,iPhone 15 128GB Pink,iphone_15_pink_pdp_image_position-1__wwen.png,1,1
463,אייפון iPhone 15 Plus 128GB Apple,"iphone_15_black_pdp_image_position-1__wwen.png, iphone_15_black_pdp_image_position-1_alt__wwen.png, iphone_15_black_pdp_image_position-2__wwen.png, iphone_15_plus_blue_pdp_image_position-5__wwen.png",4,4
464,iPhone 15 128GB Black,iphone_15_black_pdp_image_position-1__wwen.png,1,1
465,iPhone 15 128GB Green,iphone_15_green_pdp_image_position-1__wwen.png,1,1
466,iPhone 15 128GB Blue,iphone_15_plus_blue_pdp_image_position-1__wwen.png,1,1
467,iPhone 15 128GB Yellow,iphone_15_plus_yellow_pdp_image_position-1__wwen.png,1,1
468,iPhone 15 128GB Pink,iphone_15_pink_pdp_image_position-1__wwen.png,1,1
469,אייפון iPhone 15 Plus 256GB Apple,"iphone_15_black_pdp_image_position-1__wwen.png, iphone_15_black_pdp_image_position-1_alt__wwen.png, iphone_15_black_pdp_image_position-2__wwen.png, iphone_15_plus_blue_pdp_image_position-5__wwen.png",4,4
470,iPhone 15 256GB Plus Black,iphone_15_black_pdp_image_position-1__wwen.png,1,1
471,iPhone 15 256GB Plus Green,iphone_15_green_pdp_image_position-1__wwen.png,1,1
472,iPhone 15 256GB Plus Blue,iphone_15_plus_blue_pdp_image_position-1__wwen.png,1,1
473,iPhone 15 256GB Plus Yellow,iphone_15_plus_yellow_pdp_image_position-1__wwen.png,1,1
474,"Nordic Powerbank 10,000mAh טעינה מהירה PD - סוללה ניידת",nordic-10-000.png,1,1
475,Product,nordic-10-000.png,1,1
476,"Nordic Powerbank 20,000mAh טעינה מהירה PD - סוללה ניידת",nordic-20-000.png,1,1
477,Product,nordic-20-000.png,1,1
478,"Pure Energy Powerbank 7,800mAh - סוללה ניידת כולל משאבת אוויר","pumpx-8-front-web.png, pumpx-8_marketing-images-04.png, pumpx-8-lifestyle-web.png, pumpx-8-pic-web-01.png, pumpx-8_side-web.png, pumpx-8_side_02_web.png",7,6
479,Product,"pumpx-8-front-web.png, pumpx-8_marketing-images-04.png, pumpx-8-lifestyle-web.png, pumpx-8-pic-web-01.png, pumpx-8_side-web.png, pumpx-8_side_02_web.png",7,6
480,טאבלט Samsung Galaxy Tab A9 LTE 2023,"galaxy-tab-a9_graphite_product-image_combo_rgb.png, galaxy-tab-a9_graphite_product-image_back_rgb.png, galaxy-tab-a9_graphite_product-image_front_rgb.png, galaxy-tab-a9_graphite_product-image_r30_rgb.png",5,4
481,Black,"galaxy-tab-a9_graphite_product-image_combo_rgb.png, galaxy-tab-a9_graphite_product-image_back_rgb.png, galaxy-tab-a9_graphite_product-image_front_rgb.png, galaxy-tab-a9_graphite_product-image_r30_rgb.png",5,4
482,טאבלט Samsung Galaxy Tab A9 WiFi 2023,"galaxy-tab-a9_graphite_product-image_combo_rgb.png, galaxy-tab-a9_graphite_product-image_back_rgb.png, galaxy-tab-a9_graphite_product-image_front_rgb.png, galaxy-tab-a9_graphite_product-image_r30_rgb.png",5,4
483,Black,"galaxy-tab-a9_graphite_product-image_combo_rgb.png, galaxy-tab-a9_graphite_product-image_back_rgb.png, galaxy-tab-a9_graphite_product-image_front_rgb.png, galaxy-tab-a9_graphite_product-image_r30_rgb.png",5,4
484,טאבלט Samsung Galaxy Tab A9 Plus LTE 2023,"galaxy-tab-a9-plus_graphite_product-image_combo_rgb.png, galaxy-tab-a9-plus_graphite_product-image_back_rgb.png, galaxy-tab-a9-plus_graphite_product-image_l30_rgb.png, galaxy-tab-a9-plus_graphite_product-image_front_rgb.png, galaxy-tab-a9-plus_graphite_product-image_r30_rgb.png",5,5
485,Black,"galaxy-tab-a9-plus_graphite_product-image_combo_rgb.png, galaxy-tab-a9-plus_graphite_product-image_back_rgb.png, galaxy-tab-a9-plus_graphite_product-image_l30_rgb.png, galaxy-tab-a9-plus_graphite_product-image_front_rgb.png, galaxy-tab-a9-plus_graphite_product-image_r30_rgb.png",5,5
486,טאבלט Samsung Galaxy Tab S9 FE WiFi 2023,"galaxy-tab-s9-fe_gray_product-image_front_rgb.png, galaxy-tab-s9-fe_gray_product-image_front_s-pen_rgb.png, galaxy-tab-s9-fe_gray_product-image_l30_rgb.png, galaxy-tab-s9-fe_gray_product-image_r30_rgb.png, galaxy-tab-s9-fe_gray_product-image_back_rgb.png, galaxy-tab-s9-fe_gray_product-image_back_s-pen_rgb.png, galaxy-tab-s9-fe-s-pen_gray_product-image_front_rgb.png",8,7
487,Black,"galaxy-tab-s9-fe_gray_product-image_front_rgb.png, galaxy-tab-s9-fe_gray_product-image_front_s-pen_rgb.png, galaxy-tab-s9-fe_gray_product-image_l30_rgb.png, galaxy-tab-s9-fe_gray_product-image_r30_rgb.png, galaxy-tab-s9-fe_gray_product-image_back_rgb.png, galaxy-tab-s9-fe_gray_product-image_back_s-pen_rgb.png, galaxy-tab-s9-fe-s-pen_gray_product-image_front_rgb.png",8,7
489,קונסולה Xbox Series S Starter – 512GB,"10362-000-13.jpg, שנתיים-אחריות-3.png, 6.jpg, xbox_console_s_emea_wa_fob_rgb_4156.png, 7.jpg",5,5
490,White,"10362-000-13.jpg, שנתיים-אחריות-3.png, 6.jpg, xbox_console_s_emea_wa_fob_rgb_4156.png, 7.jpg",5,5
491,אוזניות Xbox Stereo Headset,טמפלייט-התאמת-תמונות-לאתר.png,1,1
492,Xbox Stereo Headset,טמפלייט-התאמת-תמונות-לאתר.png,1,1
493,משקפי מציאות מדומה Meta Quest 3 VR,"367709027_1806872459746346_93779088556324666_n.png, 366805326_254003970786251_655674212902065018_n.png, 367702723_3506175933003463_4472108961547553091_n.png, 367725325_273185658778631_7359090910360648777_n-2.png, 366803238_616934977221024_1160234829429705844_n.png",5,5
494,קונסולה Sony PlayStation 5 1TB Blu-Ray Slim Edition,"ps5_cfi2000_pr_01_cmyk.jpg, ps5_cfi2000_pr_03_cmyk.jpg",2,2
495,קונסולה Sony PlayStation 5 1TB Blu-Ray Slim Edition - Slim,"ps5_cfi2000_pr_01_cmyk.jpg, ps5_cfi2000_pr_03_cmyk.jpg",2,2
496,קונסולה ניידת Lenovo Legion Go,"lenovo-legion-go.jpg, lenovo-legion-go-2.jpg, lenovo-legion-go-1.jpg, lenovo-legion-go-3.jpg, lenovo-legion-go-4.jpg, lenovo-legion-go-5.jpg, lenovo-legion-go-6.jpg, lenovo-legion-go-7.jpg, lenovo-legion-go-8.jpg",9,9
497,אוזניות פרימיום מקצועיות  Sony WH-1000XM5,"474x458_3_wh-1000xm5_front_black-large_.png, 474x458_2_wh-1000xm5_side_black-large_.png, 474x458_2_wh-1000xm5_side_silver-large_.png, 474x458_4_wh-1000xm5_swivel_black-large_.png, 474x458_4_wh-1000xm5_swivel_silver-large_.png, 474x458_5_wh-1000xm5_swivel_w_case_black_8000-large_.png, 474x458_5_wh-1000xm5_swivel_w_case_silver_8000-large_.png, 474x458_7_wh-1000xm5_b_button-large_.png, 474x458_3_wh-1000xm5_front_silver-large_.png",12,9
500,Sony PlayStation Portal Remote Player,"playstationportal_04_pr_cmyk.jpg, playstationportal_03_pr_cmyk.jpg, playstationportal_06a_pr_cmyk.jpg, playstationportal_07_pr_cmyk.jpg",4,4
501,לבן,"playstationportal_04_pr_cmyk.jpg, playstationportal_03_pr_cmyk.jpg, playstationportal_06a_pr_cmyk.jpg, playstationportal_07_pr_cmyk.jpg",4,4
502,טלפון סלולרי Samsung Galaxy A25 5G 128GB,"sm-a057_galaxy-a05s_black_front.jpg, sm-a256b_galaxy-a25-5g_light-blue_front.jpg, sm-a057_galaxy-a05s_black_back-l30.jpg, sm-a057_galaxy-a05s_black_back.jpg, sm-a256b_galaxy-a25-5g_light-blue_back.jpg, sm-a256b_galaxy-a25-5g_light-blue_back-r30.jpg",6,6
503,כרטיס זיכרון SanDisk Ultra Micro SD 32GB 100MBs,sandisk-ultra-micro-sd-32gb.jpg,1,1
504,כרטיס זיכרון SanDisk Ultra Micro SD 32GB 100MBs,sandisk-ultra-micro-sd-32gb.jpg,1,1
505,כרטיס זיכרון SanDisk Ultra Micro SD 64GB 140MB,sandisk-ultra-micro-sd-64gb.jpg,1,1
506,כרטיס זיכרון SanDisk Ultra Micro SD 64GB 140MB,sandisk-ultra-micro-sd-64gb.jpg,1,1
507,כרטיס זיכרון SanDisk Ultra Micro SD 128GB 140MB,sandisk-ultra-micro-sd-128gb.jpg,1,1
508,כרטיס זיכרון SanDisk Ultra Micro SD 128GB 140MB,sandisk-ultra-micro-sd-128gb.jpg,1,1
509,כרטיס זיכרון SanDisk Ultra Micro SD 256GB 150MB,sandisk-ultra-micro-sd-256gb.jpg,1,1
510,כרטיס זיכרון SanDisk Ultra Micro SD 256GB 140MB,sandisk-ultra-micro-sd-256gb.jpg,1,1
511,כיסא גיימינג Dragon GT DLX Black - שחור,"81.jpg, 83.jpg, 82.jpg, 85.jpg, 84.jpg, 481a7018.jpg",6,6
512,כיסא גיימינג Dragon GT DLX Porsche Brown - חום פורשה,"1.jpg, 10.jpg, 28.jpg, 29.jpg, 4.jpg, 6.jpg, 7.jpg",7,7
513,כיסא גיימינג Dragon GT DLX White - לבן,"78.jpg, 72.jpg, 74.jpg, 75.jpg, 77.jpg, gpdrc-gt-w1.jpg, gpdrc-gt-w2.jpg, x1.jpg",8,8
514,כיסא גיימינג Dragon Combat Gaming Chair Red - אדום,"gpdrc-combat-r-1.jpg, gpdrc-combat-r-2.jpg, gpdrc-combat-r-3.jpg, gpdrc-combat-r-4.jpg, gpdrc-combat-r-5.jpg",5,5
515,כיסא גיימינג Dragon Combat Gaming Chair Red - אדום,"gpdrc-combat-r-1.jpg, gpdrc-combat-r-2.jpg, gpdrc-combat-r-3.jpg, gpdrc-combat-r-4.jpg, gpdrc-combat-r-5.jpg",5,5
516,כיסא גיימינג Dragon Combat Gaming Chair White - לבן,"gpdrc-combat-w-1.jpg, gpdrc-combat-w-2.jpg, gpdrc-combat-w-3.jpg, gpdrc-combat-w-4.jpg, gpdrc-combat-w-5.jpg",5,5
517,כיסא גיימינג Dragon Combat Gaming Chair White - לבן,"gpdrc-combat-w-1.jpg, gpdrc-combat-w-2.jpg, gpdrc-combat-w-3.jpg, gpdrc-combat-w-4.jpg, gpdrc-combat-w-5.jpg",5,5
518,"כיסא גיימינג Dragon Olympus בית""ר ירושלים","img_1394.jpg, img_1381.jpg, img_1397.jpg",3,3
519,"כיסא גיימינג Dragon Olympus בית""ר ירושלים","img_1394.jpg, img_1381.jpg, img_1397.jpg",3,3
520,כיסא גיימינג Dragon Olympus מכבי חיפה,"img_1398.jpg, img_1400.jpg, img_1401.jpg, img_1404.jpg, img_1408.jpg, img_1411.jpg, img_1413.jpg",7,7
521,כיסא גיימינג Dragon Olympus מכבי חיפה,"img_1398.jpg, img_1400.jpg, img_1401.jpg, img_1404.jpg, img_1408.jpg, img_1411.jpg, img_1413.jpg",7,7
522,בקר אלחוטי אדום ל Xbox X / S Series / PC,red-pic1.jpg,1,1
523,בקר אלחוטי אדום ל Xbox X / S Series / PC,red-pic1.jpg,1,1
524,בקר אלחוטי לבן ל Xbox X / S Series / PC,"10.jpg, 2.jpg, 3.jpg",3,3
525,בקר אלחוטי לבן ל Xbox X / S Series / PC,"10.jpg, 2.jpg, 3.jpg",3,3
526,בקר אלחוטי שחור ל Xbox X / S Series / PC,"1.jpg, 2.jpg, 3.jpg",3,3
527,בקר אלחוטי שחור ל Xbox X / S Series / PC,"1.jpg, 2.jpg, 3.jpg",3,3
528,בקר אלחוטי כחול ל Xbox X / S Series / PC,"1.jpg, 2.jpg, 3.jpg, 4.jpg, 5.jpg",5,5
529,בקר אלחוטי כחול ל Xbox X / S Series / PC,"1.jpg, 2.jpg, 3.jpg, 4.jpg, 5.jpg",5,5
530,בקר אלחוטי Elite Series 2 Core כחול ל Xbox X / S Series / One / PC,"10362-001-24-600x600.jpg, 10362-001-24-2-600x600.jpg, 10362-001-24-1-600x600.jpg",3,3
531,בקר אלחוטי Elite Series 2 Core כחול ל Xbox X / S Series / One / PC,"10362-001-24-600x600.jpg, 10362-001-24-2-600x600.jpg, 10362-001-24-1-600x600.jpg",3,3
532,מטען לשני בקרים Xbox Series X / S / Xbox One,"seriesx_fase2charger_c_hires-2-copy.jpg, seriesx_fase2charger_c_hires_070920_07b-copy.jpg",2,2
533,מטען לשני בקרים Xbox Series X / S / Xbox One,"seriesx_fase2charger_c_hires-2-copy.jpg, seriesx_fase2charger_c_hires_070920_07b-copy.jpg",2,2
534,"טאבלט לילדים 8 אינץ""  Blackview Tab 50 Kids WiFi","tab-50-kids-blue-01.jpg, tab-50-kids-blue-02.jpg, tab-50-kids-pink-01.jpg, tab-50-kids-pink-02.jpg",4,4
535,"טאבלט לילדים 8.6 אינץ""  Blackview Tab 60 Kids LTE","tab-60-kids-blue-1.jpg, tab-60-kids-blue-2.jpg, tab-60-kids-blue-3.jpg, tab-60-kids-pink-1.jpg, tab-60-kids-pink-2.jpg, tab-60-kids-pink-3.jpg, tab-60-kids-pink-4.jpg",7,7
536,סטרימר ZTE ZXV10 B866V2K 4K STB Android TV,"zte-tv-pic1.jpg, zte-tv-pic12.jpg, zte-tv-pic13.jpg, zte-tv-pic11.jpg, zte-pic3.jpg",5,5
537,Product,"zte-tv-pic1.jpg, zte-tv-pic12.jpg, zte-tv-pic13.jpg, zte-tv-pic11.jpg, zte-pic3.jpg",5,5
538,קונסולה Nintendo Switch עם מסך OLED מהדורת Mario Red,"s-l1200.jpg, הורדה.jpeg, images.jpg, d22ced6610d05a7ac65fffa29a02ba4f.jpg, 10_1fa95631-4c6f-4fde-94b7-5dc3a.jpg, 92ae6506bf7be6ebadbeeaaeffcf82acf2c2a0f2_104466_i5.jpg, mario-red-edition-oled-1-large.jpg, untitled.jpg",8,8
539,כיסוי ספר לטאבלט Samsung Galaxy Tab A9 בצבע שחור,"a9-1.jpg, a9.jpg, ap-plus-3.jpg, a9-plus-2.jpg",4,4
540,כיסוי ספר לטאבלט Samsung Galaxy Tab A9 Plus בצבע שחור,"a9-plus-1.jpg, a9.jpg, ap-plus-3.jpg, a9-plus-2.jpg",4,4
541,כיסוי ספר לטאבלט Samsung Galaxy Tab A9 Plus בצבע שחור,"a9-plus-1.jpg, a9.jpg, ap-plus-3.jpg, a9-plus-2.jpg",4,4
542,כיסוי ספר לטאבלט Samsung Galaxy Tab S9 FE בצבע שחור,"sp-fe-1.jpg, s9-fe-3.jpg, ap-plus-3.jpg, s9-fe-2.jpg, sp-fe-1.jpg",5,5
543,כיסוי ספר לטאבלט Samsung Galaxy Tab S9 FE בצבע שחור,"sp-fe-1.jpg, s9-fe-3.jpg, ap-plus-3.jpg, s9-fe-2.jpg, sp-fe-1.jpg",5,5
544,טלוויזיה חכמה Xiaomi TV A Pro 32 אינץ',"xiaomi-tv-a-pro-32_1.jpg, a-pro-55_2.jpg, xiaomi-tv-a-pro-32_3.jpg, xiaomi-tv-a-pro-32_2.jpg, a-pro-55_4.jpg",5,5
545,טלוויזיה חכמה Xiaomi TV A Pro 32 אינץ' - S-91251,"xiaomi-tv-a-pro-32_1.jpg, a-pro-55_2.jpg, xiaomi-tv-a-pro-32_3.jpg, xiaomi-tv-a-pro-32_2.jpg, a-pro-55_4.jpg",5,5
546,כבל סמסונג מקורי USB Type C to Type C,"ep-da705_004_front_black.jpg, ep-da705_004_front_white.jpg, ep-da705_001_front_black.jpg, ep-da705_001_front_white.jpg",4,4
547,Black,ep-da705_004_front_black.jpg,1,1
548,White,ep-da705_004_front_white.jpg,1,1
549,מטען קיר מקורי של סמסונג 25W,ep-ta800n-eu-_001_dynamic_black.jpg,1,1
550,black,ep-ta800n-eu-_001_dynamic_black.jpg,1,1
551,טאבלט Samsung Galaxy Tab Active 5 LTE 5G,"sm-x306b_007_group_green-1.jpg, sm-x306b_001_front_green-1.jpg, sm-x306b_025_s-pen-combo3_green-1.jpg",3,3
552,טאבלט Samsung Galaxy Tab Active 5 Black-Green,"sm-x306b_007_group_green-1.jpg, sm-x306b_001_front_green-1.jpg, sm-x306b_025_s-pen-combo3_green-1.jpg",3,3
553,טלפון סלולרי Xiaomi Redmi Note 13 Pro 512GB 5G,black-redmi-note-13.jpg,1,1
554,טלפון סלולרי Xiaomi Redmi Note 13 Pro 512GB 5G,black-redmi-note-13.jpg,1,1
555,מטען קיר כפול Anker 521עם 2 יציאות USB Type-C 40W,מטען-קיר-כפול-anker-521-usb-type-c-40w.jpg,1,1
556,מטען קיר כפול Anker 521עם 2 יציאות USB Type-C 40W,מטען-קיר-כפול-anker-521-usb-type-c-40w.jpg,1,1
557,"Anker 323 Power Bank 10,000mAh - מטען נייד",anker-323-power-bank-10-000mah.jpg,1,1
558,"Anker 323 Power Bank 10,000mAh - מטען נייד",anker-323-power-bank-10-000mah.jpg,1,1
559,שעון חכם Garmin Venu 2 Plus,"venu2plus_hr_1001.jpg, venu2plus_hr_1000.jpg, venu2plus_hr_1002.jpg, venu2plus_hr_1003.jpg, venu2plus_hr_1004.jpg, venu2plus_hr_1005.jpg, venu2plus_hr_2001.jpg, venu2plus_hr_2000.jpg, venu2plus_hr_2002.jpg, venu2plus_hr_2003.jpg, venu2plus_hr_2004.jpg, venu2plus_hr_2005.jpg",12,12
560,שעון חכם Garmin Venu 2,"4.jpg, 6.jpg, 8.jpg, 15.jpg, 16.jpg, 13.jpg",6,6
561,שעון חכם Garmin Venu 2S,"14.jpg, 28.jpg, 12.jpg, 29.jpg, 15.jpg, 21.jpg, 20.jpg, 22.jpg",8,8
562,שעון חכם Garmin Venu Sq 2 Music,"venusq2music_hr_1000.jpg, venusq2music_hr_1001.jpg, venusq2music_hr_1002.jpg, venusq2music_hr_1003.jpg, venusq2music_hr_1004.jpg, venusq2music_hr_1005.jpg, venusq2music_hr_2000.jpg, venusq2music_hr_2001.jpg, venusq2music_hr_2002.jpg, venusq2music_hr_3000.jpg, venusq2music_hr_3001.jpg, venusq2music_hr_3002.jpg",12,12
563,שעון חכם Garmin Vivoactive 5,"pd-01-lg.jpg, lf-md.jpg, cf-md.jpg, pd-02-lg.jpg, pd-05-md.jpg, pd-04-xl.jpg, pd-01-xl.jpg, lf-lg.jpg, cf-xl.jpg, pd-02-md.jpg, pd-05-xl.jpg",11,11
564,Samsung Galaxy SmartTag2  יחידה אחת - תגית לאיתור חפצים,ppf_df569db7-bb95-42be-8b22-76d5ad725550_prvdsk.jpg,1,1
565,Samsung Galaxy SmartTag2  - תגית לאיתור חפצים,ppf_df569db7-bb95-42be-8b22-76d5ad725550_prvdsk.jpg,1,1
566,רמקול בלוטוס JBL BOOMBOX 3,boombox-3-1.jpg,1,1
567,Black,boombox-3-1.jpg,1,1
568,Apple Magic Keyboard - מקלדת ל iPad Pro 13 2024 Black,"magic_keyboard_13_pro_space_black_pdp_image_position-4__wwen.jpg, magic_keyboard_13_pro_space_black_pdp_image_position-1__wwen.jpg, magic_keyboard_13_pro_space_black_pdp_image_position-2__wwen.jpg, magic_keyboard_13_pro_space_black_pdp_image_position-3__wwen.jpg, magic_keyboard_13_pro_space_black_pdp_image_position-5__wwen.jpg",5,5
569,Apple Magic Keyboard for iPad Pro 13 2024 Black,"magic_keyboard_13_pro_space_black_pdp_image_position-4__wwen.jpg, magic_keyboard_13_pro_space_black_pdp_image_position-1__wwen.jpg, magic_keyboard_13_pro_space_black_pdp_image_position-2__wwen.jpg, magic_keyboard_13_pro_space_black_pdp_image_position-3__wwen.jpg, magic_keyboard_13_pro_space_black_pdp_image_position-5__wwen.jpg",5,5
570,Apple Magic Keyboard - מקלדת ל iPad Pro 11 2024 Black,"magic_keyboard_11_pro_space_black_pdp_image_position-4__wwen.jpg, magic_keyboard_11_pro_space_black_pdp_image_position-1__wwen.jpg, magic_keyboard_11_pro_space_black_pdp_image_position-2__wwen.jpg, magic_keyboard_11_pro_space_black_pdp_image_position-3__wwen.jpg, magic_keyboard_11_pro_space_black_pdp_image_position-5__wwen.jpg",5,5
571,Apple Magic Keyboard for iPad Pro 11 2024 Black - S-92731,"magic_keyboard_11_pro_space_black_pdp_image_position-4__wwen.jpg, magic_keyboard_11_pro_space_black_pdp_image_position-1__wwen.jpg, magic_keyboard_11_pro_space_black_pdp_image_position-2__wwen.jpg, magic_keyboard_11_pro_space_black_pdp_image_position-3__wwen.jpg, magic_keyboard_11_pro_space_black_pdp_image_position-5__wwen.jpg",5,5
572,עט Apple Pencil Pro 2024,"apple_pencil_pro_pdp_image_position-2__wwen.jpg, apple_pencil_pro_pdp_image_position-1__wwen.jpg",2,2
573,Apple Pencil Pro,"apple_pencil_pro_pdp_image_position-2__wwen.jpg, apple_pencil_pro_pdp_image_position-1__wwen.jpg",2,2
574,ראש מטען כפול מקורי של Apple 35W Dual USB Type C,"35w_dual_usb-c_port_power_adapter_34br_print__euen.jpg, 35w_dual_usb-c_port_power_adapter_34fl_print__euen.jpg, 35w_dual_usb-c_port_power_adapter_pure_front_print__euen.jpg",3,3
575,White,"35w_dual_usb-c_port_power_adapter_34br_print__euen.jpg, 35w_dual_usb-c_port_power_adapter_34fl_print__euen.jpg, 35w_dual_usb-c_port_power_adapter_pure_front_print__euen.jpg",3,3
576,Pre-Order Test - iPhone 8 Plus 256GB,94020-705-30.jpg,1,1
577,Pre-Order Test - Samsung Galaxy A10S,94020-705-30.jpg,1,1
578,Pre-Order Test - Drop - Hisense 55M5010,94020-705-30.jpg,1,1
579,תחנת כוח ניידת - Anker Portable Power House 521 - 256Wh,"anker-a1720311_51115_1.jpg, anker-a1720311_51115_2.jpg, anker-a1720311_51115_3.jpg",3,3
580,Pure Energy Energix 48 - תחנת כוח בהספק 173Wh כולל שקע חשמל,"anker-a1720311_51115_1.jpg, anker-a1720311_51115_2.jpg, anker-a1720311_51115_3.jpg",3,3
581,Boon 4G Wireless Modem,product456_image1_2021-01-08_02-12-58.jpg,1,1
582,Boon 4G Wireless Modem white,product456_image1_2021-01-08_02-12-58.jpg,1,1
583,אוזניות Anker Soundcore VR P10 White,"51122_1.jpg, 51122_2.jpg, 51122_3.jpg, 51122_4.jpg",4,4
584,White,"51122_1.jpg, 51122_2.jpg, 51122_3.jpg, 51122_4.jpg",4,4
585,אוזניות Anker Soundcore Liberty 4 NC A3947,"soundcore-liberty-4-nc_black_3.jpg, soundcore-liberty-4-nc_black_1.jpg",2,2
586,Black,"soundcore-liberty-4-nc_black_3.jpg, soundcore-liberty-4-nc_black_1.jpg",2,2
587,מקרן קול AIWA Sound bar 175W JBX 025,"jbx-025-front02-large.jpg, 5.jpg, 3.jpg, 4.jpg, 2.jpg, jbx-025-isometric-with-remote-control-large.jpg, jbx-025-remote-control-large.jpg, jbx-025-soundbar-lifestyle-web.jpg",8,8
588,מקרן קול AIWA Sound bar 175W JBX 025,"jbx-025-front02-large.jpg, 5.jpg, 3.jpg, 4.jpg, 2.jpg, jbx-025-isometric-with-remote-control-large.jpg, jbx-025-remote-control-large.jpg, jbx-025-soundbar-lifestyle-web.jpg",8,8
589,"מחשב נייד 14"" Lenovo IdeaPad Slim 5 i5 16GB RAM","01_ideapad_slim_5_g8_hero_front_facing.jpg, 02_ideapad_slim_5_g8_hero_front_facing_jd.jpg, 03_ideapad_slim_5_g8_hero_front_facing_left.jpg, 04_ideapad_slim_5_g8_hero_front_facing_right.jpg, 05_ideapad_slim_5_g8_hero_keyboard.jpg, 08_ideapad_slim_5_hero_a_cove.jpg, 10_ideapad_slim_5_g8_tour_right_side_profile.jpg, 11_ideapad_slim_5_g8_tour_left_side_profile.jpg",8,8
590,"מחשב נייד גיימינג 16"" Lenovo Legion 5 i7 32GB RAM","03_legion_5i_hero_front_facing_jd.jpg, 15_legion_5i_hero_design.jpg, 02_legion_5i_hero_front_facing_left.jpg, 10_legion_5i_tour_right_side_profile.jpg, 09_legion_5i_tour_left_side_profile.jpg, 16_legion_5i_hero_front_angle.jpg",6,6
591,"מחשב נייד גיימינג 16"" Lenovo Legion 5 i7 32GB RAM","03_legion_5i_hero_front_facing_jd.jpg, 15_legion_5i_hero_design.jpg, 02_legion_5i_hero_front_facing_left.jpg, 10_legion_5i_tour_right_side_profile.jpg, 09_legion_5i_tour_left_side_profile.jpg, 16_legion_5i_hero_front_angle.jpg",6,6
592,Pre-Order Test - מצלמת דרך - מוצר כמותי,94020-705-30.jpg,1,1
593,"טאבלט לילדים 8 אינץ""  Webee Kids Tab","img_9888.jpg, img_9895.jpg, img_9921.jpg, img_9927.jpg, img_9941.jpg, img_9949.jpg",6,6
594,"טאבלט לילדים 8 אינץ""  Webee Kids Tab - S-93357","img_9888.jpg, img_9895.jpg, img_9921.jpg, img_9927.jpg, img_9941.jpg, img_9949.jpg",6,6
595,"טלוויזיה חכמה 75 אינץ' ברזולוציית 4K LG UHD,  דגם: 75UT80006LA","ut-8000.jpg, 50-65ut8000aua_gallery_02_3000x3000.jpg",2,2
596,מסך טלוויזיה LG QNED MiniLED בגודל 75 אינץ' חכמה ברזולוציית K4 דגם: 75QNED90T6A,"75qned90t6a_1_תמונה-ראשית.jpg, 75qned90t6a_2_תמונה.jpg, 75qned90t6a_4_מידות.jpg",3,3
597,מסך בטכנולוגייתevo  LG OLED - בגודל 65 אינץ' Smart TV  ברזולוציית K4 דגם: OLED65C46LA,"oled77c4_1_תמונה-ראשית.jpg, oled77c4_2_תמונה.jpg, oled77c4_3_תמונה-אחורי.jpg, oled65c4_4_תמונה-מידות.jpg, oled77c4_1_תמונה-ראש111ית.jpg",5,5
598,נתב סלולרי - Cudy Router P5 5G SA/NSA AX3000,"ppf_589b4288-b92b-448c-8aca-d76f.png, e63baa46-fb97-450a-9984-665e0d1f.png, 54b33531-e2bf-447a-8170-fbd33857.png, b_3.png",4,4
599,נתב סלולרי - Cudy Router P5 5G SA/NSA AX3000,"ppf_589b4288-b92b-448c-8aca-d76f.png, e63baa46-fb97-450a-9984-665e0d1f.png, 54b33531-e2bf-447a-8170-fbd33857.png, b_3.png",4,4
600,טלפון סלולרי Xiaomi Redmi 13 256GB 4G,"redmi_13_black_1.jpg, redmi_13_black_3.jpg, redmi_13_black_5.jpg, redmi_13_black_6.jpg, redmi_13_black_7.jpg",5,5
601,טלפון סלולרי Xiaomi Redmi Note 13 256GB 5G,"redmi_13_black_1.jpg, redmi_13_black_3.jpg, redmi_13_black_5.jpg, redmi_13_black_6.jpg, redmi_13_black_7.jpg",5,5
602,טאבלט Xiaomi Redmi Pad Pro 5G 8GB + 256GB - אפור,"redmi-pad-pro-wifi-_gray_1.jpg, redmi-pad-pro-wifi-_gray_2.jpg, redmi-pad-pro-wifi-_gray_3.jpg, redmi-pad-pro-wifi-_gray_4.jpg, redmi-pad-pro-wifi-_gray_5.jpg, redmi-pad-pro-wifi-_gray_6.jpg",6,6
603,טאבלט Xiaomi Redmi Pad Pro 5G 8GB + 256GB - אפור,"redmi-pad-pro-wifi-_gray_1.jpg, redmi-pad-pro-wifi-_gray_2.jpg, redmi-pad-pro-wifi-_gray_3.jpg, redmi-pad-pro-wifi-_gray_4.jpg, redmi-pad-pro-wifi-_gray_5.jpg, redmi-pad-pro-wifi-_gray_6.jpg",6,6
604,טאבלט Xiaomi Redmi Pad Pro WiFi 8GB + 256GB - אפור,"redmi-pad-pro-wifi-_gray_1.jpg, redmi-pad-pro-wifi-_gray_2.jpg, redmi-pad-pro-wifi-_gray_3.jpg, redmi-pad-pro-wifi-_gray_4.jpg, redmi-pad-pro-wifi-_gray_5.jpg, redmi-pad-pro-wifi-_gray_6.jpg",6,6
605,טאבלט Xiaomi Redmi Pad Pro WiFi 8GB + 256GB - אפור,"redmi-pad-pro-wifi-_gray_1.jpg, redmi-pad-pro-wifi-_gray_2.jpg, redmi-pad-pro-wifi-_gray_3.jpg, redmi-pad-pro-wifi-_gray_4.jpg, redmi-pad-pro-wifi-_gray_5.jpg, redmi-pad-pro-wifi-_gray_6.jpg",6,6
606,"סוללה ניידת MagSafe 5,000 מיליאמפר - Native Union","3.jpg, 1.jpg, 2.jpg, _mg_3528.jpg, _mg_3537.jpg, _mg_3691.jpg, _mg_3707.jpg, _mg_3711.jpg, _mg_3735.jpg, _mg_3754.jpg, _mg_3760-2.jpg",11,11
607,Native Union Magnetic Power Bank 5000mAh - Black,3.jpg,1,1
608,Native Union Magnetic Power Bank 5000mAh - Orange,2.jpg,1,1
609,Native Union Magnetic Power Bank 5000mAh - Green,1.jpg,1,1
610,Re-new | טלפון סלולרי Samsung Galaxy S21 Ultra 256GB,"sm-g998_s21ultra_phantom-silver_front-l30_201110.png, sm-g998_s21ultra_phantom-black_front-l30_201110.png, sm-g998_s21ultra_phantom-black_back_201110.png, sm-g998_s21ultra_phantom-black_front_201110.jpg, sm-g998_s21ultra_phantom-silver_back_201110.png, sm-g998_s21ultra_phantom-silver_front_201110.jpg",6,6
611,תומך ב,"sm-g998_s21ultra_phantom-silver_front-l30_201110.png, sm-g998_s21ultra_phantom-black_front-l30_201110.png, sm-g998_s21ultra_phantom-black_back_201110.png, sm-g998_s21ultra_phantom-black_front_201110.jpg, sm-g998_s21ultra_phantom-silver_back_201110.png, sm-g998_s21ultra_phantom-silver_front_201110.jpg",6,6
612,samsung galaxy s21 Ultra Black,sm-g998_s21ultra_phantom-black_back_201110.png,1,1
613,samsung galaxy s21 ULTRA Silver,sm-g998_s21ultra_phantom-silver_back_201110.png,1,1
614,Re-new | טלפון סלולרי iPhone 11 128GB,"iphonewhite_2-up_vertical_us-en_screen.jpg, iphoneblack_2-up_vertical_us-en_screen.jpg",2,2
615,iPhone 11 128GB White,iphonewhite_2-up_vertical_us-en_screen.jpg,1,1
616,iPhone 11 128GB Purple,"iphonewhite_2-up_vertical_us-en_screen.jpg, iphoneblack_2-up_vertical_us-en_screen.jpg",2,2
617,iPhone 11 128GB black,iphoneblack_2-up_vertical_us-en_screen.jpg,1,1
618,Re-new | טלפון סלולרי iPhone 12 128GB,"iphone_12_black_pure_front_iphone_12_black_pure_back_2-up_print__usen.tif, iphone_12_black_34fl_iphone_12_mini_black_34br_2-up_print__wwen.tif, iphone_12_white_34fl_iphone_12_mini_white_34br_2-up_print__wwen.tif, iphone_12_black_hero_2-up_cropped_print__usen.tif, iphone_12_blue_hero_2-up_cropped_print__usen.tif, iphone_12_hero_5-up_red_print__wwen.tif, iphone_12_lineup_print__wwen.tif",7,7
619,Re-new | טלפון סלולרי iPhone 12 128GB white,iphone_12_white_34fl_iphone_12_mini_white_34br_2-up_print__wwen.tif,1,1
620,iPhone 12 128GB Blue,iphone_12_blue_pure_front_iphone_12_blue_pure_back_2-up_print__usen.tif,1,1
621,Re-new | טלפון סלולרי iPhone 12 128GB שחור,iphone_12_mini_black_pure_front_iphone_12_mini_black_pure_back_2-up_print__usen.tif,1,1
622,טלוויזיה חכמה בגודל 85 SONY KD-85X80LAEP,"85_x80l_blk_blk_outsideh_front.jpg, 85_x80l_blk_blk_outsideh_cw.jpg, seu_x80l_50-43.jpg",3,3
623,טלוויזיה חכמה בגודל 85 SONY KD-85X80LAEP,"85_x80l_blk_blk_outsideh_front.jpg, 85_x80l_blk_blk_outsideh_cw.jpg, seu_x80l_50-43.jpg",3,3
624,אייפון iPhone 16 128GB Apple,"iphone_16_ultramarine_pdp_image_position_1__wwen.jpg, iphone_16_ultramarine_pdp_image_position_2__wwen.jpg, iphone_16_ultramarine_pdp_image_position_3__wwen.jpg, iphone_16_ultramarine_pdp_image_position_4__wwen.jpg, iphone_16_ultramarine_pdp_image_position_5__wwen.jpg, iphone_16_ultramarine_pdp_image_position_6_alt__wwen.jpg, iphone_16_ultramarine_pdp_image_position_7_alt__wwen.jpg, iphone_16_ultramarine_pdp_image_position_8__wwen.jpg, iphone_16_ultramarine_pdp_image_position_9__wwen.jpg, iphone_16_black_pdp_image_position_1__wwen.jpg, iphone_16_pink_pdp_image_position_1__wwen.jpg, iphone_16_teal_pdp_image_position_1__wwen.jpg, iphone_16_white_pdp_image_position_1__wwen.jpg",13,13
625,iPhone 16 128GB Black,iphone_16_black_pdp_image_position_1__wwen.jpg,1,1
626,iPhone 16 128GB White,iphone_16_white_pdp_image_position_1__wwen.jpg,1,1
627,iPhone 16 128GB Ultramarine,iphone_16_ultramarine_pdp_image_position_1__wwen.jpg,1,1
628,iPhone 16 128GB Teal,iphone_16_teal_pdp_image_position_1__wwen.jpg,1,1
629,iPhone 16 128GB Pink,iphone_16_pink_pdp_image_position_1__wwen.jpg,1,1
630,אייפון iPhone 16 Plus 128GB Apple,"iphone_16_plus_ultramarine_pdp_image_position_1__wwen.jpg, iphone_16_plus_ultramarine_pdp_image_position_2__wwen.jpg, iphone_16_plus_ultramarine_pdp_image_position_3__wwen.jpg, iphone_16_plus_ultramarine_pdp_image_position_4__wwen.jpg, iphone_16_plus_ultramarine_pdp_image_position_5__wwen.jpg, iphone_16_plus_ultramarine_pdp_image_position_6_alt__wwen.jpg, iphone_16_plus_ultramarine_pdp_image_position_7_alt__wwen.jpg, iphone_16_plus_ultramarine_pdp_image_position_8__wwen.jpg, iphone_16_plus_ultramarine_pdp_image_position_9__wwen.jpg, iphone_16_plus_black_pdp_image_position_1__wwen.jpg, iphone_16_plus_pink_pdp_image_position_1__wwen.jpg, iphone_16_plus_teal_pdp_image_position_1__wwen.jpg, iphone_16_plus_white_pdp_image_position_1__wwen.jpg",13,13
631,iPhone 16 Plus 128GB Black,iphone_16_plus_black_pdp_image_position_1__wwen.jpg,1,1
632,iPhone 16 Plus 128GB White,iphone_16_plus_white_pdp_image_position_1__wwen.jpg,1,1
633,iPhone 16 Plus 128GB Ultramarine,iphone_16_plus_ultramarine_pdp_image_position_1__wwen.jpg,1,1
634,iPhone 16 Plus 128GB Teal,iphone_16_plus_teal_pdp_image_position_1__wwen.jpg,1,1
635,iPhone 16 Plus 128GB Pink,iphone_16_plus_pink_pdp_image_position_1__wwen.jpg,1,1
636,אייפון iPhone 16 Plus 256GB Apple,"iphone_16_plus_ultramarine_pdp_image_position_1__wwen.jpg, iphone_16_plus_ultramarine_pdp_image_position_2__wwen.jpg, iphone_16_plus_ultramarine_pdp_image_position_3__wwen.jpg, iphone_16_plus_ultramarine_pdp_image_position_4__wwen.jpg, iphone_16_plus_ultramarine_pdp_image_position_5__wwen.jpg, iphone_16_plus_ultramarine_pdp_image_position_6_alt__wwen.jpg, iphone_16_plus_ultramarine_pdp_image_position_7_alt__wwen.jpg, iphone_16_plus_ultramarine_pdp_image_position_8__wwen.jpg, iphone_16_plus_ultramarine_pdp_image_position_9__wwen.jpg, iphone_16_plus_black_pdp_image_position_1__wwen.jpg, iphone_16_plus_pink_pdp_image_position_1__wwen.jpg, iphone_16_plus_teal_pdp_image_position_1__wwen.jpg, iphone_16_plus_white_pdp_image_position_1__wwen.jpg",13,13
637,iPhone 16 Plus 256GB Black,iphone_16_plus_black_pdp_image_position_1__wwen.jpg,1,1
638,iPhone 16 Plus 256GB White,iphone_16_plus_white_pdp_image_position_1__wwen.jpg,1,1
639,iPhone 16 Plus 256GB Ultramarine,iphone_16_plus_ultramarine_pdp_image_position_1__wwen.jpg,1,1
640,iPhone 16 Plus 256GB Teal,iphone_16_plus_teal_pdp_image_position_1__wwen.jpg,1,1
641,iPhone 16 Plus 256GB Pink,iphone_16_plus_pink_pdp_image_position_1__wwen.jpg,1,1
642,אייפון iPhone 16 Pro 128GB Apple,"iphone_16_pro_desert_titanium_pdp_image_position_1__wwen.jpg, iphone_16_pro_desert_titanium_pdp_image_position_2__wwen.jpg, iphone_16_pro_desert_titanium_pdp_image_position_3__wwen.jpg, iphone_16_pro_desert_titanium_pdp_image_position_4__wwen.jpg, iphone_16_pro_desert_titanium_pdp_image_position_5__wwen.jpg, iphone_16_pro_desert_titanium_pdp_image_position_6_alt__wwen.jpg, iphone_16_pro_desert_titanium_pdp_image_position_7_alt__wwen.jpg, iphone_16_pro_desert_titanium_pdp_image_position_8__wwen.jpg, iphone_16_pro_desert_titanium_pdp_image_position_9__wwen.jpg, iphone_16_pro_black_titanium_pdp_image_position_1__wwen.jpg, iphone_16_pro_white_titanium_pdp_image_position_1__wwen.jpg, iphone_16_pro_natural_titanium_pdp_image_position_1__wwen.jpg",12,12
643,iPhone 16 Pro 128GB Black Titanium,iphone_16_pro_black_titanium_pdp_image_position_1__wwen.jpg,1,1
644,iPhone 16 Pro 128GB White Titanium,iphone_16_pro_white_titanium_pdp_image_position_1__wwen.jpg,1,1
645,iPhone 16 Pro 128GB Natural Titanium,iphone_16_pro_natural_titanium_pdp_image_position_1__wwen.jpg,1,1
646,iPhone 16 Pro 128GB Desert Titanium,iphone_16_pro_desert_titanium_pdp_image_position_1__wwen.jpg,1,1
647,אייפון iPhone 16 Pro Max 256GB Apple,"iphone_16_pro_max_desert_titanium_pure_back_iphone_16_pro_max_desert_titanium_pure_front_2-up_screen__usen.jpg, iphone_16_pro_desert_titanium_pdp_image_position_2__wwen.jpg, iphone_16_pro_desert_titanium_pdp_image_position_3__wwen.jpg, iphone_16_pro_desert_titanium_pdp_image_position_4__wwen.jpg, iphone_16_pro_desert_titanium_pdp_image_position_5__wwen.jpg, iphone_16_pro_desert_titanium_pdp_image_position_6_alt__wwen.jpg, iphone_16_pro_desert_titanium_pdp_image_position_7_alt__wwen.jpg, iphone_16_pro_desert_titanium_pdp_image_position_8__wwen.jpg, iphone_16_pro_desert_titanium_pdp_image_position_9__wwen.jpg, iphone_16_pro_black_titanium_pdp_image_position_1__wwen.jpg, iphone_16_pro_white_titanium_pdp_image_position_1__wwen.jpg, iphone_16_pro_natural_titanium_pdp_image_position_1__wwen.jpg",12,12
648,iPhone 16 Pro Max 256GB Black Titanium,iphone_16_pro_black_titanium_pdp_image_position_1__wwen.jpg,1,1
649,iPhone 16 Pro Max 256GB White Titanium,iphone_16_pro_white_titanium_pdp_image_position_1__wwen.jpg,1,1
650,iPhone 16 Pro Max 256GB Natural Titanium,iphone_16_pro_natural_titanium_pdp_image_position_1__wwen.jpg,1,1
651,iPhone 16 Pro Max 256GB Desert Titanium,iphone_16_pro_desert_titanium_pdp_image_position_1__wwen.jpg,1,1
652,אייפון iPhone 16 Pro Max 512GB Apple,"iphone_16_pro_max_desert_titanium_pure_back_iphone_16_pro_max_desert_titanium_pure_front_2-up_screen__usen.jpg, iphone_16_pro_desert_titanium_pdp_image_position_2__wwen.jpg, iphone_16_pro_desert_titanium_pdp_image_position_3__wwen.jpg, iphone_16_pro_desert_titanium_pdp_image_position_4__wwen.jpg, iphone_16_pro_desert_titanium_pdp_image_position_5__wwen.jpg, iphone_16_pro_desert_titanium_pdp_image_position_6_alt__wwen.jpg, iphone_16_pro_desert_titanium_pdp_image_position_7_alt__wwen.jpg, iphone_16_pro_desert_titanium_pdp_image_position_8__wwen.jpg, iphone_16_pro_desert_titanium_pdp_image_position_9__wwen.jpg, iphone_16_pro_black_titanium_pdp_image_position_1__wwen.jpg, iphone_16_pro_white_titanium_pdp_image_position_1__wwen.jpg, iphone_16_pro_natural_titanium_pdp_image_position_1__wwen.jpg",12,12
653,iPhone 16 Pro Max 512GB Black Titanium,iphone_16_pro_black_titanium_pdp_image_position_1__wwen.jpg,1,1
654,iPhone 16 Pro Max 512GB White Titanium,iphone_16_pro_white_titanium_pdp_image_position_1__wwen.jpg,1,1
655,iPhone 16 Pro Max 512GB Natural Titanium,iphone_16_pro_natural_titanium_pdp_image_position_1__wwen.jpg,1,1
656,iPhone 16 Pro Max 512GB Desert Titanium,iphone_16_pro_desert_titanium_pdp_image_position_1__wwen.jpg,1,1
657,Apple Watch 10 GPS 46mm - שעון חכם Aluminum,"apple_watch_series_10_42mm_lte_jet_black_aluminum_sport_loop_ink_pdp_image_position_1__wwen.jpg, apple_watch_series_10_42mm_lte_jet_black_aluminum_sport_loop_ink_pdp_image_position_2__wwen.jpg, apple_watch_series_10_42mm_lte_jet_black_aluminum_sport_loop_ink_pdp_image_position_3__wwen.jpg, apple_watch_series_10_42mm_lte_jet_black_aluminum_sport_loop_ink_pdp_image_position_4__wwen.jpg, apple_watch_series_10_42mm_lte_jet_black_aluminum_sport_loop_ink_pdp_image_position_5__wwen.jpg, apple_watch_series_10_42mm_lte_jet_black_aluminum_sport_loop_ink_pdp_image_position_6__wwen.jpg, apple_watch_series_10_42mm_lte_jet_black_aluminum_sport_loop_ink_pdp_image_position_7__wwen.jpg, apple_watch_series_10_42mm_lte_jet_black_aluminum_sport_loop_ink_pdp_image_position_8__wwen.jpg, apple_watch_series_10_42mm_lte_rose_gold_aluminum_sport_band_light_blush_pdp_image_position_1__wwen.jpg, apple_watch_series_10_46mm_lte_gold_titanium_milanese_loop_gold_pdp_image_position_1__wwen.jpg, apple_watch_series_10_42mm_lte_silver_aluminum_sport_band_denim_pdp_image_position_1__wwen.jpg, apple_watch_series_10_46mm_lte_natural_titanium_milanese_loop_natural_pdp_image_position_1__wwen.jpg, apple_watch_series_10_46mm_lte_rose_gold_aluminum_sport_band_light_blush_pdp_image_position_1__wwen.jpg, apple_watch_series_10_46mm_lte_slate_titanium_milanese_loop_slate_pdp_image_position_1__wwen.jpg",14,14
658,Silver Aluminium Case with Denim Sport Band S/M,apple_watch_series_10_42mm_lte_silver_aluminum_sport_band_denim_pdp_image_position_1__wwen.jpg,1,1
659,Jet Black Aluminium Case with Black Sport Band S/M,apple_watch_series_10_42mm_lte_jet_black_aluminum_sport_loop_ink_pdp_image_position_1__wwen.jpg,1,1
660,Rose Gold Aluminium Case with Light Blush Sport Band S/M,apple_watch_series_10_46mm_lte_rose_gold_aluminum_sport_band_light_blush_pdp_image_position_1__wwen.jpg,1,1
661,Jet Black Aluminium Case with Black Sport Band M/L,apple_watch_series_10_42mm_lte_jet_black_aluminum_sport_loop_ink_pdp_image_position_1__wwen.jpg,1,1
662,Apple Watch 10 GPS 42mm - שעון חכם Aluminum,"apple_watch_series_10_42mm_lte_jet_black_aluminum_sport_loop_ink_pdp_image_position_1__wwen.jpg, apple_watch_series_10_42mm_lte_jet_black_aluminum_sport_loop_ink_pdp_image_position_2__wwen.jpg, apple_watch_series_10_42mm_lte_jet_black_aluminum_sport_loop_ink_pdp_image_position_3__wwen.jpg, apple_watch_series_10_42mm_lte_jet_black_aluminum_sport_loop_ink_pdp_image_position_4__wwen.jpg, apple_watch_series_10_42mm_lte_jet_black_aluminum_sport_loop_ink_pdp_image_position_5__wwen.jpg, apple_watch_series_10_42mm_lte_jet_black_aluminum_sport_loop_ink_pdp_image_position_6__wwen.jpg, apple_watch_series_10_42mm_lte_jet_black_aluminum_sport_loop_ink_pdp_image_position_7__wwen.jpg, apple_watch_series_10_42mm_lte_jet_black_aluminum_sport_loop_ink_pdp_image_position_8__wwen.jpg, apple_watch_series_10_42mm_lte_jet_black_aluminum_sport_loop_ink_pdp_image_position_9__wwen.jpg, apple_watch_series_10_42mm_lte_rose_gold_aluminum_sport_band_light_blush_pdp_image_position_1__wwen.jpg, apple_watch_series_10_46mm_lte_gold_titanium_milanese_loop_gold_pdp_image_position_1__wwen.jpg, apple_watch_series_10_42mm_lte_silver_aluminum_sport_band_denim_pdp_image_position_1__wwen.jpg, apple_watch_series_10_46mm_lte_natural_titanium_milanese_loop_natural_pdp_image_position_1__wwen.jpg, apple_watch_series_10_46mm_lte_rose_gold_aluminum_sport_band_light_blush_pdp_image_position_1__wwen.jpg, apple_watch_series_10_46mm_lte_slate_titanium_milanese_loop_slate_pdp_image_position_1__wwen.jpg",15,15
663,Silver Aluminium Case with Denim Sport Band S/M,apple_watch_series_10_42mm_lte_silver_aluminum_sport_band_denim_pdp_image_position_1__wwen.jpg,1,1
664,Jet Black Aluminium Case with Black Sport Band S/M,apple_watch_series_10_42mm_lte_jet_black_aluminum_sport_loop_ink_pdp_image_position_1__wwen.jpg,1,1
665,Jet Black Aluminium Case with Black Sport Band M/L,apple_watch_series_10_42mm_lte_jet_black_aluminum_sport_loop_ink_pdp_image_position_1__wwen.jpg,1,1
666,Rose Gold Aluminium Case with Light Blush Sport Band S/M,apple_watch_series_10_46mm_lte_rose_gold_aluminum_sport_band_light_blush_pdp_image_position_1__wwen.jpg,1,1
667,Apple Watch 10 eSIM 46mm - שעון חכם Titanium,"apple_watch_series_10_42mm_lte_jet_black_aluminum_sport_loop_ink_pdp_image_position_1__wwen.jpg, apple_watch_series_10_42mm_lte_jet_black_aluminum_sport_loop_ink_pdp_image_position_2__wwen.jpg, apple_watch_series_10_42mm_lte_jet_black_aluminum_sport_loop_ink_pdp_image_position_3__wwen.jpg, apple_watch_series_10_42mm_lte_jet_black_aluminum_sport_loop_ink_pdp_image_position_4__wwen.jpg, apple_watch_series_10_42mm_lte_jet_black_aluminum_sport_loop_ink_pdp_image_position_5__wwen.jpg, apple_watch_series_10_42mm_lte_jet_black_aluminum_sport_loop_ink_pdp_image_position_6__wwen.jpg, apple_watch_series_10_42mm_lte_jet_black_aluminum_sport_loop_ink_pdp_image_position_7__wwen.jpg, apple_watch_series_10_42mm_lte_jet_black_aluminum_sport_loop_ink_pdp_image_position_8__wwen.jpg, apple_watch_series_10_42mm_lte_jet_black_aluminum_sport_loop_ink_pdp_image_position_9__wwen.jpg, apple_watch_series_10_42mm_lte_rose_gold_aluminum_sport_band_light_blush_pdp_image_position_1__wwen.jpg, apple_watch_series_10_42mm_lte_silver_aluminum_sport_band_denim_pdp_image_position_1__wwen.jpg, apple_watch_series_10_46mm_lte_gold_titanium_milanese_loop_gold_pdp_image_position_1__wwen.jpg, apple_watch_series_10_46mm_lte_natural_titanium_milanese_loop_natural_pdp_image_position_1__wwen.jpg, apple_watch_series_10_46mm_lte_rose_gold_aluminum_sport_band_light_blush_pdp_image_position_1__wwen.jpg, apple_watch_series_10_46mm_lte_slate_titanium_milanese_loop_slate_pdp_image_position_1__wwen.jpg",15,15
668,אוזניות אלחוטיות AirPods Max Type C 2024,"airpods_max_2024_starlight_pdp_image_position_01__wwen.jpg, airpods_max_2024_starlight_pdp_image_position_02__wwen.jpg, airpods_max_2024_starlight_pdp_image_position_03__wwen.jpg, airpods_max_2024_starlight_pdp_image_position_04__wwen.jpg, airpods_max_2024_starlight_pdp_image_position_05__wwen.jpg, airpods_max_2024_starlight_pdp_image_position_06__wwen.jpg, airpods_max_2024_starlight_pdp_image_position_07__wwen.jpg, airpods_max_2024_starlight_pdp_image_position_08__wwen.jpg, airpods_max_2024_starlight_pdp_image_position_09__wwen.jpg, airpods_max_2024_midnight_pdp_image_position_01__wwen.jpg",10,10
669,Apple AirPods Max - Midnight,"airpods_max_2024_starlight_pdp_image_position_01__wwen.jpg, airpods_max_2024_starlight_pdp_image_position_02__wwen.jpg, airpods_max_2024_starlight_pdp_image_position_03__wwen.jpg, airpods_max_2024_starlight_pdp_image_position_04__wwen.jpg, airpods_max_2024_starlight_pdp_image_position_05__wwen.jpg, airpods_max_2024_starlight_pdp_image_position_06__wwen.jpg, airpods_max_2024_starlight_pdp_image_position_07__wwen.jpg, airpods_max_2024_starlight_pdp_image_position_08__wwen.jpg, airpods_max_2024_starlight_pdp_image_position_09__wwen.jpg, airpods_max_2024_midnight_pdp_image_position_01__wwen.jpg",10,10
670,Apple AirPods Max - Starlight,"airpods_max_2024_starlight_pdp_image_position_01__wwen.jpg, airpods_max_2024_starlight_pdp_image_position_02__wwen.jpg, airpods_max_2024_starlight_pdp_image_position_03__wwen.jpg, airpods_max_2024_starlight_pdp_image_position_04__wwen.jpg, airpods_max_2024_starlight_pdp_image_position_05__wwen.jpg, airpods_max_2024_starlight_pdp_image_position_06__wwen.jpg, airpods_max_2024_starlight_pdp_image_position_07__wwen.jpg, airpods_max_2024_starlight_pdp_image_position_08__wwen.jpg, airpods_max_2024_starlight_pdp_image_position_09__wwen.jpg, airpods_max_2024_midnight_pdp_image_position_01__wwen.jpg",10,10
671,שעון חכם Apple Watch SE GPS 44mm 2024,"apple_watch_se_44mm_gps_silver_aluminum_sport_band_denim_pdp_image_position_1__wwen.jpg, apple_watch_se_44mm_gps_silver_aluminum_sport_band_denim_pdp_image_position_2__wwen.jpg, apple_watch_se_44mm_gps_silver_aluminum_sport_band_denim_pdp_image_position_7__wwen.jpg, apple_watch_se_gps_44mm_midnight_aluminum_midnight_sport_band_34fr_screen__usen.jpg, apple_watch_se_gps_40mm_starlight_aluminum_starlight_sport_band_34fr_screen__usen.jpg, apple_watch_se_gps_44mm_starlight_aluminum_starlight_sport_band_pure_front_screen__usen.jpg",6,6
672,Midnight with Midnight Sport Band S/M,apple_watch_se_gps_44mm_midnight_aluminum_midnight_sport_band_34fr_screen__usen.jpg,1,1
673,Silver Aluminium with Denim Sport Band S/M,apple_watch_se_44mm_gps_silver_aluminum_sport_band_denim_pdp_image_position_1__wwen.jpg,1,1
674,Starlight with Starlight Sport Band  S/M,apple_watch_se_gps_40mm_starlight_aluminum_starlight_sport_band_34fr_screen__usen.jpg,1,1
675,שעון חכם Apple Watch SE GPS 40mm 2024,"apple_watch_se_44mm_gps_silver_aluminum_sport_band_denim_pdp_image_position_1__wwen.jpg, apple_watch_se_44mm_gps_silver_aluminum_sport_band_denim_pdp_image_position_2__wwen.jpg, apple_watch_se_44mm_gps_silver_aluminum_sport_band_denim_pdp_image_position_7__wwen.jpg, apple_watch_se_gps_40mm_starlight_aluminum_starlight_sport_band_34fr_screen__usen.jpg, apple_watch_se_gps_40mm_midnight_aluminum_midnight_sport_band_34fr_screen__usen.jpg",5,5
676,Midnight with Midnight Sport Band S/M,apple_watch_se_gps_44mm_midnight_aluminum_midnight_sport_band_34fr_screen__usen.jpg,1,1
677,Silver Aluminium with Denim Sport Band S/M,apple_watch_se_44mm_gps_silver_aluminum_sport_band_denim_pdp_image_position_1__wwen.jpg,1,1
678,Starlight with Starlight Sport Band  S/M,apple_watch_se_gps_40mm_starlight_aluminum_starlight_sport_band_34fr_screen__usen.jpg,1,1
679,שעון חכם Apple Watch SE GPS + Cellular 40mm 2024,"apple_watch_se_44mm_gps_silver_aluminum_sport_band_denim_pdp_image_position_1__wwen.jpg, apple_watch_se_44mm_gps_silver_aluminum_sport_band_denim_pdp_image_position_2__wwen.jpg, apple_watch_se_44mm_gps_silver_aluminum_sport_band_denim_pdp_image_position_7__wwen.jpg, apple_watch_se_gps_40mm_starlight_aluminum_starlight_sport_band_34fr_screen__usen.jpg, apple_watch_se_gps_40mm_midnight_aluminum_midnight_sport_band_34fr_screen__usen.jpg",5,5
680,רמקול בלוטוס JBL CLIP 5,"jbl_clip_5_3_4_left_grey_48392_x1.jpg, jbl_clip_5_back_grey_48229_x1.jpg, jbl_clip_5_bottom_grey_48375_x1.jpg, jbl_clip_5_front_grey_48216_x1.jpg, jbl_clip_5_hero_grey_48150_x4.jpg, jbl_clip_5_left_grey_48242_x1.jpg, jbl_clip_5_right_grey_48238_x1.jpg, jbl_clip_5_top_grey_48387_x1.jpg, jbl_clip_5_3_4_left_black_48393_x1.jpg, jbl_clip_5_3_4_left_blue_48394_x1.jpg, jbl_clip_5_3_4_left_camo_48400_x1.jpg, jbl_clip_5_3_4_left_funky_pink_49725_x1.jpg, jbl_clip_5_3_4_left_purple_48399_x1.jpg, jbl_clip_5_3_4_left_red_48402_x1.jpg",14,14
681,רמקול בלוטוס JBL CLIP 5 - White,jbl_clip_5_3_4_left_grey_48392_x1.jpg,1,1
682,רמקול בלוטוס JBL CLIP 5 - Blue,jbl_clip_5_3_4_left_blue_48394_x1.jpg,1,1
683,רמקול בלוטוס JBL CLIP 5 - Pink,jbl_clip_5_3_4_left_funky_pink_49725_x1.jpg,1,1
684,רמקול בלוטוס JBL CLIP 5 - Black,jbl_clip_5_3_4_left_black_48393_x1.jpg,1,1
685,רמקול בלוטוס JBL CLIP 5 - Red,jbl_clip_5_3_4_left_red_48402_x1.jpg,1,1
686,רמקול בלוטוס JBL GO 4,"jbl_go_4_3_4_left_camo_48174_x1.jpg, jbl_go_4_back_camo_48200_x1.jpg, jbl_go_4_bottom_camo_48361_x1.jpg, jbl_go_4_detail_1_camo_48311_x1.jpg, jbl_go_4_detail_2_camo_48335_x1.jpg, jbl_go_4_detail_3_camo_48343_x1.jpg, jbl_go_4_front_camo_48195_x1.jpg, jbl_go_4_left_camo_48274_x1.jpg, jbl_go_4_3_4_left_black_48178_x1.jpg, jbl_go_4_3_4_left_blue_48173_x1.jpg, jbl_go_4_3_4_left_funky_pink_49719_x1.jpg, jbl_go_4_3_4_left_purple_48181_x1.jpg, jbl_go_4_3_4_left_red_48180_x1.jpg",13,13
687,רמקול בלוטוס JBL XTREME 4,"jbl_xtreme_4_3_4_right_black_47179_x2.jpg, jbl_xtreme_4_3_4_right_strap_black_47190_x2.jpg, jbl_xtreme_4_bottom_black_47274_x1.jpg, jbl_xtreme_4_front_black_47225_x2.jpg, jbl_xtreme_4_hero_strap_black_47151_x2-1.jpg, jbl_xtreme_4_right_black_47234_x2.jpg, jbl_xtreme_4_top_black_47273_x1.jpg, jbl_xtreme_4_3_4_right_blue_47201_x4.jpg, jbl_xtreme_4_3_4_right_camo_47193_x2.jpg",9,9
688,רמקול בלוטוס JBL XTREME 4 - Blue,jbl_xtreme_4_3_4_right_blue_47201_x4.jpg,1,1
689,רמקול בלוטוס JBL XTREME 4 - Black,jbl_xtreme_4_3_4_right_black_47179_x2.jpg,1,1
690,אוזניות אלחוטיות מסנן רעשים JBL Live Beam 3 TWS,"022.jpg, 03.jpg, 033.jpg, 04.jpg, 05.jpg, 07.jpg, 077.jpg, jbl_live-beam-3_product-image_feature-screen-01_purple.jpg, 01.jpg, 02.jpg, 0222.jpg, 02222.jpg",12,12
691,Black,02222.jpg,1,1
692,Blue,0222.jpg,1,1
693,Silver,02.jpg,1,1
694,Silicone Case with MagSafe כיסוי לנייד אייפון 16 מקורי מסיליקון של אפל - Black,apple-iphone-16-כיסוי-מקורי-סיליקון-black.jpg,1,1
695,iPhone 16 Pro Max - Black,apple-iphone-16-כיסוי-מקורי-סיליקון-black.jpg,1,1
696,iPhone 16 Pro - Black,apple-iphone-16-כיסוי-מקורי-סיליקון-black.jpg,1,1
697,כיסוי לאייפון 16 מקורי שקוף עם מאגסייף של אפל - iPhone 16 Clear Case with MagSafe,1מגנים.png,1,1
698,M - Otterbox iPhone 16 קיט מטען + מגן מסך + כיסוי לנייד לסדרת,"symmetry-clear.jpg, charge2.jpg, sp2.jpg, charge.jpg, sp.jpg, symmetry-clear2.jpg, box-avizarim-iphone-1.jpg",7,7
699,iPhone 16 Pro Max,"symmetry-clear.jpg, charge2.jpg, sp2.jpg, charge.jpg, sp.jpg, symmetry-clear2.jpg, box-avizarim-iphone-1.jpg",7,7
700,iPhone 16 Pro,"symmetry-clear.jpg, charge2.jpg, sp2.jpg, charge.jpg, sp.jpg, symmetry-clear2.jpg, box-avizarim-iphone-1.jpg",7,7
701,iPhone 16 Plus,"symmetry-clear.jpg, charge2.jpg, sp2.jpg, charge.jpg, sp.jpg, symmetry-clear2.jpg, box-avizarim-iphone-1.jpg",7,7
702,iPhone 16,"symmetry-clear.jpg, charge2.jpg, sp2.jpg, charge.jpg, sp.jpg, symmetry-clear2.jpg, box-avizarim-iphone-1.jpg",7,7
703,כיסוי לנייד מסדרת iPhone 16 Otterbox React MagSafe - שקוף,"iphone-16-react-mag-clear-pkg.jpg, iphone-16-sym-clear-mag-gla-clear-f-1.jpg, iphone-16-sym-clear-mag-gla-clear-fr-1.jpg, iphone-16-sym-clear-mag-gla-clear-fr-exp-2.jpg",4,4
704,iPhone 16 Pro Max,"iphone-16-react-mag-clear-pkg.jpg, iphone-16-sym-clear-mag-gla-clear-f-1.jpg, iphone-16-sym-clear-mag-gla-clear-fr-1.jpg, iphone-16-sym-clear-mag-gla-clear-fr-exp-2.jpg",4,4
705,iPhone 16 Pro,"iphone-16-react-mag-clear-pkg.jpg, iphone-16-sym-clear-mag-gla-clear-f-1.jpg, iphone-16-sym-clear-mag-gla-clear-fr-1.jpg, iphone-16-sym-clear-mag-gla-clear-fr-exp-2.jpg",4,4
706,iPhone 16 Plus,"iphone-16-react-mag-clear-pkg.jpg, iphone-16-sym-clear-mag-gla-clear-f-1.jpg, iphone-16-sym-clear-mag-gla-clear-fr-1.jpg, iphone-16-sym-clear-mag-gla-clear-fr-exp-2.jpg",4,4
707,iPhone 16,"iphone-16-react-mag-clear-pkg.jpg, iphone-16-sym-clear-mag-gla-clear-f-1.jpg, iphone-16-sym-clear-mag-gla-clear-fr-1.jpg, iphone-16-sym-clear-mag-gla-clear-fr-exp-2.jpg",4,4
708,כיסוי לנייד מסדרת iPhone 16 Otterbox React MagSafe - שחור,"iphone-16-react-mag-blackcrystal-pkg.jpg, iphone-16-react-mag-blackcrystal-b.jpg, iphone-16-react-mag-blackcrystal-br.jpg, iphone-16-react-mag-blackcrystal-falling.jpg",4,4
709,iPhone 16 Plus,"iphone-16-react-mag-blackcrystal-pkg.jpg, iphone-16-react-mag-blackcrystal-b.jpg, iphone-16-react-mag-blackcrystal-br.jpg, iphone-16-react-mag-blackcrystal-falling.jpg",4,4
710,iPhone 16,"iphone-16-react-mag-blackcrystal-pkg.jpg, iphone-16-react-mag-blackcrystal-b.jpg, iphone-16-react-mag-blackcrystal-br.jpg, iphone-16-react-mag-blackcrystal-falling.jpg",4,4
711,כיסוי לנייד מסדרת iPhone 16 Otterbox Symmetry MagSafe - שחור,"iphone-16-sym-mag-black-pkg.jpg, iphone-16-sym-mag-black-falling.jpg, iphone-16-sym-mag-black-b.jpg",3,3
712,iPhone 16 Pro Max,"iphone-16-sym-mag-black-pkg.jpg, iphone-16-sym-mag-black-falling.jpg, iphone-16-sym-mag-black-b.jpg",3,3
713,iPhone 16 Pro,"iphone-16-sym-mag-black-pkg.jpg, iphone-16-sym-mag-black-falling.jpg, iphone-16-sym-mag-black-b.jpg",3,3
714,iPhone 16 Plus,"iphone-16-sym-mag-black-pkg.jpg, iphone-16-sym-mag-black-falling.jpg, iphone-16-sym-mag-black-b.jpg",3,3
715,iPhone 16,"iphone-16-sym-mag-black-pkg.jpg, iphone-16-sym-mag-black-falling.jpg, iphone-16-sym-mag-black-b.jpg",3,3
716,כיסוי לנייד מסדרת iPhone 16 Otterbox Symmetry MagSafe - שקוף,"iphone-16-sym-clear-mag-clear-pkg-1.jpg, iphone-16-sym-clear-mag-clear-b.jpg, iphone-16-sym-clear-mag-clear-falling.jpg, iphone-16-sym-clear-mag-clear-br.jpg",4,4
717,iPhone 16 Pro Max,"iphone-16-sym-clear-mag-clear-pkg-1.jpg, iphone-16-sym-clear-mag-clear-b.jpg, iphone-16-sym-clear-mag-clear-falling.jpg, iphone-16-sym-clear-mag-clear-br.jpg",4,4
718,iPhone 16 Pro,"iphone-16-sym-clear-mag-clear-pkg-1.jpg, iphone-16-sym-clear-mag-clear-b.jpg, iphone-16-sym-clear-mag-clear-falling.jpg, iphone-16-sym-clear-mag-clear-br.jpg",4,4
719,iPhone 16 Plus,"iphone-16-sym-clear-mag-clear-pkg-1.jpg, iphone-16-sym-clear-mag-clear-b.jpg, iphone-16-sym-clear-mag-clear-falling.jpg, iphone-16-sym-clear-mag-clear-br.jpg",4,4
720,iPhone 16,"iphone-16-sym-clear-mag-clear-pkg-1.jpg, iphone-16-sym-clear-mag-clear-b.jpg, iphone-16-sym-clear-mag-clear-falling.jpg, iphone-16-sym-clear-mag-clear-br.jpg",4,4
721,כיסוי לנייד מסדרת iPhone 16 Otterbox Symstardust MagSafe - שקוף,"כיסוי-ל-iphone-16-מבית-otterbox-symmetry-stardust-1.jpg, כיסוי-ל-iphone-16-מבית-otterbox-symmetry-stardust-2.jpg, כיסוי-ל-iphone-16-מבית-otterbox-symmetry-stardust.jpg",3,3
722,כיסוי לנייד מסדרת iPhone 16 Otterbox Stardust React MagSafe - שקוף,"כיסוי-ל-iphone-16-מבית-otterbox-symmetry-stardust-1.jpg, כיסוי-ל-iphone-16-מבית-otterbox-symmetry-stardust-2.jpg, כיסוי-ל-iphone-16-מבית-otterbox-symmetry-stardust.jpg",3,3
723,iPhone 16 Pro Max,"כיסוי-ל-iphone-16-מבית-otterbox-symmetry-stardust-1.jpg, כיסוי-ל-iphone-16-מבית-otterbox-symmetry-stardust-2.jpg, כיסוי-ל-iphone-16-מבית-otterbox-symmetry-stardust.jpg",3,3
724,כיסוי לנייד מסדרת iPhone 16 Otterbox Cover Defender MagSafe - שחור,"כיסוי-שחור-ל-iphone-16-מבית-otterbox-defender.jpg, כיסוי-שחור-ל-iphone-16-מבית-otterbox-defender-3.jpg, כיסוי-שחור-ל-iphone-16-מבית-otterbox-defender-1.jpg, כיסוי-שחור-ל-iphone-16-מבית-otterbox-defender-2.jpg",4,4
725,"ערכת השקה ל iPhone 16 - ראש מטען, סוללה ניידת ושובר לבחירת כיסוי ומגן מסך","box-avizarim-iphone-1.jpg, 3.jpg, _mg_3537.jpg, 20w_usb-c_power_adapter_front_eu_screen.png, 20w_usb-c_power_adapter_bottom_eu_screen.png, תמונה1.png",6,6
726,Kit,"box-avizarim-iphone-1.jpg, 3.jpg, _mg_3537.jpg, 20w_usb-c_power_adapter_front_eu_screen.png, 20w_usb-c_power_adapter_bottom_eu_screen.png, תמונה1.png",6,6
727,נתב סלולרי נייד ZTE MF971LS Mi-Fi CAT6,"99369-971-00-1.jpg, 99369-971-00-2.jpg, 99369-971-00-3.jpg",3,3
728,Product,"99369-971-00-1.jpg, 99369-971-00-2.jpg, 99369-971-00-3.jpg",3,3
729,מודם סלולרי USB ללא אלחוטי ZTE MF833U1,"99369-833-00-1.jpg, 99369-833-00-3.jpg, 99369-833-00-4.jpg",3,3
730,Product,"99369-833-00-1.jpg, 99369-833-00-3.jpg, 99369-833-00-4.jpg",3,3
731,ZTE G5C 5G נתב 5G שולחני עם Wi-Fi 6 AX1800,"99369-950-01-3-scaled.jpg, 99369-950-01-2.jpg",2,2
732,Product,"99369-950-01-3-scaled.jpg, 99369-950-01-2.jpg",2,2
733,ZTE LTE MF296R - נתב סלולרי שולחני + 4G + טלפון,"99369-296-00-1.jpg, 99369-296-00-2.jpg, 99369-296-00-4.jpg",3,3
734,Product,"99369-296-00-1.jpg, 99369-296-00-2.jpg, 99369-296-00-4.jpg",3,3
735,Re-new | טלפון סלולרי Samsung Galaxy S22 5G 128GB,sm-s901_galaxys22_front_phantomblack_211122.png,1,1
736,samsung galaxy s21 Pink,sm-s901_galaxys22_front_pinkgold_211122.png,1,1
737,samsung galaxy s21 white,sm-s901_galaxys22_front_phantomwhite_211122.png,1,1
738,samsung galaxy s22 Black - S-95385,sm-s901_galaxys22_front_phantomblack_211122.png,1,1
739,Eco Universal PowerPack - מטען אלחוטי נייד,"eco-universal-powerpack-6.jpg, eco-universal-powerpack-4-1.jpg, eco-universal-powerpack-5.jpg, eco-universal-powerpack-4-1.jpg",4,4
740,Eco Universal PowerPack White - מטען אלחוטי נייד,eco-universal-powerpack-6.jpg,1,1
741,Eco Universal PowerPack Black - מטען אלחוטי נייד,eco-universal-powerpack-4-1.jpg,1,1
742,אוזניות סטריאו חוטיות Samsung Type-C,"sam2.jpg, sam1.png",2,2
743,Black,"sam2.jpg, sam1.png",2,2
744,אוזניות אלחוטיות Samsung Galaxy Buds 3,"sm-r530_004_case-front_silver_240503.jpg, sm-r530_002_back_silver_240503.jpg, sm-r530_001_front_silver_240503.jpg, sm-r530_006_case-bottom_silver_240503.jpg, sm-r530_004_case-front_white_240503.jpg, sm-r530_001_front_white_240503.jpg, sm-r530_002_back_white_240503.jpg, sm-r530_006_case-bottom_white_240503.jpg",8,8
745,Galaxy Buds3 - כסוף,sm-r530_004_case-front_silver_240503.jpg,1,1
746,Galaxy Buds3 - לבן,sm-r530_004_case-front_white_240503.jpg,1,1
747,אוזניות אלחוטיות Samsung Galaxy Buds 3 Pro,"sm-r630_009_case-opened_silver_240503.jpg, sm-r630_006_case-front-w2.jpg, sm-r630_002_front-w2.jpg, sm-r630_003_back_silver_240503.jpg, sm-r630_001_front_silver_240503.jpg, sm-r530_006_case-bottom_silver_240503.jpg, sm-r630_009_case-opened_white_240503.jpg, sm-r630_006_case-front-w.jpg, sm-r630_001_front_white_240503.jpg, sm-r630_002_front-w.jpg, sm-r630_003_back_white_240503.jpg",11,11
748,Galaxy Buds3 Pro - כסוף,sm-r630_009_case-opened_silver_240503.jpg,1,1
749,Galaxy Buds3 Pro - לבן,sm-r630_009_case-opened_white_240503.jpg,1,1
750,טלוויזיה חכמהQLED בגודל 65 SONY K65XR70AEP,"xr70.jpg, באנדל-chippc-מסך-מקלדת.jpg, k-85xr70.jpg, k-85xr70-1.jpg",4,4
751,טלוויזיה חכמה QLED בגודל 65 SONY K65XR70AEP,"xr70.jpg, באנדל-chippc-מסך-מקלדת.jpg, k-85xr70.jpg, k-85xr70-1.jpg",4,4
752,טלוויזיה חכמהQLED בגודל 75 SONY K75XR70AEP,"xr70.jpg, באנדל-chippc-מסך-מקלדת.jpg, k-85xr70.jpg, k-85xr70-1.jpg",4,4
753,טלוויזיה חכמהQLED בגודל 75 SONY K75XR70AEP,"xr70.jpg, באנדל-chippc-מסך-מקלדת.jpg, k-85xr70.jpg, k-85xr70-1.jpg",4,4
754,Re-new | טלפון סלולרי Samsung Galaxy S21 128GB,"sm-g990-g991_s21_phantom-gray_front-l30_201110.png, sm-g990-g991_s21_phantom-gray_back-l30_201110.png, sm-g990-g991_s21_phantom-gray_front_201110.png",3,3
755,Samsung Galaxy s21 Gray,sm-g990-g991_s21_phantom-gray_back_201110.png,1,1
756,samsung galaxy s21 white,sm-g990-g991_s21_phantom-white_back_201110.png,1,1
757,Re-New | טלפון סלולרי iPhone 13 128GB,"iphone_13_midnight_pdp_image_position-2__wwen.jpg, iphone_13_starlight_pdp_image_position-2__wwen.jpg",2,2
758,iPhone 13 128GB Black,iphone_13_midnight_pdp_image_position-1a__wwen.jpg,1,1
759,iPhone 13 128GB White,iphone_13_starlight_pdp_image_position-1a__wwen.jpg,1,1
760,iPhone 13 128GB Pink,iphone_13_pink_pdp_image_position-1a__wwen.jpg,1,1
761,iPhone 13 128GB Blue,iphone_13_blue_pdp_image_position-1a__wwen.jpg,1,1
762,Apple Watch 10 eSIM 42mm - שעון חכם Aluminum,"apple_watch_series_10_42mm_lte_jet_black_aluminum_sport_loop_ink_pdp_image_position_1__wwen.jpg, apple_watch_series_10_42mm_lte_jet_black_aluminum_sport_loop_ink_pdp_image_position_2__wwen.jpg, apple_watch_series_10_42mm_lte_jet_black_aluminum_sport_loop_ink_pdp_image_position_3__wwen.jpg, apple_watch_series_10_42mm_lte_jet_black_aluminum_sport_loop_ink_pdp_image_position_4__wwen.jpg, apple_watch_series_10_42mm_lte_jet_black_aluminum_sport_loop_ink_pdp_image_position_5__wwen.jpg, apple_watch_series_10_42mm_lte_jet_black_aluminum_sport_loop_ink_pdp_image_position_6__wwen.jpg, apple_watch_series_10_42mm_lte_jet_black_aluminum_sport_loop_ink_pdp_image_position_7__wwen.jpg, apple_watch_series_10_42mm_lte_jet_black_aluminum_sport_loop_ink_pdp_image_position_8__wwen.jpg, apple_watch_series_10_42mm_lte_jet_black_aluminum_sport_loop_ink_pdp_image_position_9__wwen.jpg, apple_watch_series_10_42mm_lte_rose_gold_aluminum_sport_band_light_blush_pdp_image_position_1__wwen.jpg, apple_watch_series_10_42mm_lte_silver_aluminum_sport_band_denim_pdp_image_position_1__wwen.jpg, apple_watch_series_10_46mm_lte_gold_titanium_milanese_loop_gold_pdp_image_position_1__wwen.jpg, apple_watch_series_10_46mm_lte_natural_titanium_milanese_loop_natural_pdp_image_position_1__wwen.jpg, apple_watch_series_10_46mm_lte_rose_gold_aluminum_sport_band_light_blush_pdp_image_position_1__wwen.jpg, apple_watch_series_10_46mm_lte_slate_titanium_milanese_loop_slate_pdp_image_position_1__wwen.jpg",15,15
763,Silver Aluminium Case with Denim Sport Band S/M,apple_watch_series_10_42mm_lte_silver_aluminum_sport_band_denim_pdp_image_position_1__wwen.jpg,1,1
764,Jet Black Aluminium Case with Black Sport Band S/M,apple_watch_series_10_42mm_lte_jet_black_aluminum_sport_loop_ink_pdp_image_position_1__wwen.jpg,1,1
765,Rose Gold Aluminium Case with Light Blush Sport Band S/M,apple_watch_series_10_46mm_lte_rose_gold_aluminum_sport_band_light_blush_pdp_image_position_1__wwen.jpg,1,1
766,Apple Watch 10 eSIM 46mm - שעון חכם Aluminum,"apple_watch_series_10_42mm_lte_jet_black_aluminum_sport_loop_ink_pdp_image_position_1__wwen.jpg, apple_watch_series_10_42mm_lte_jet_black_aluminum_sport_loop_ink_pdp_image_position_2__wwen.jpg, apple_watch_series_10_42mm_lte_jet_black_aluminum_sport_loop_ink_pdp_image_position_3__wwen.jpg, apple_watch_series_10_42mm_lte_jet_black_aluminum_sport_loop_ink_pdp_image_position_4__wwen.jpg, apple_watch_series_10_42mm_lte_jet_black_aluminum_sport_loop_ink_pdp_image_position_5__wwen.jpg, apple_watch_series_10_42mm_lte_jet_black_aluminum_sport_loop_ink_pdp_image_position_6__wwen.jpg, apple_watch_series_10_42mm_lte_jet_black_aluminum_sport_loop_ink_pdp_image_position_7__wwen.jpg, apple_watch_series_10_42mm_lte_jet_black_aluminum_sport_loop_ink_pdp_image_position_8__wwen.jpg, apple_watch_series_10_42mm_lte_jet_black_aluminum_sport_loop_ink_pdp_image_position_9__wwen.jpg, apple_watch_series_10_42mm_lte_rose_gold_aluminum_sport_band_light_blush_pdp_image_position_1__wwen.jpg, apple_watch_series_10_42mm_lte_silver_aluminum_sport_band_denim_pdp_image_position_1__wwen.jpg, apple_watch_series_10_46mm_lte_gold_titanium_milanese_loop_gold_pdp_image_position_1__wwen.jpg, apple_watch_series_10_46mm_lte_natural_titanium_milanese_loop_natural_pdp_image_position_1__wwen.jpg, apple_watch_series_10_46mm_lte_rose_gold_aluminum_sport_band_light_blush_pdp_image_position_1__wwen.jpg, apple_watch_series_10_46mm_lte_slate_titanium_milanese_loop_slate_pdp_image_position_1__wwen.jpg",15,15
767,Silver Aluminium Case with Denim Sport Band S/M,apple_watch_series_10_42mm_lte_silver_aluminum_sport_band_denim_pdp_image_position_1__wwen.jpg,1,1
768,Jet Black Aluminium Case with Black Sport Band S/M,apple_watch_series_10_46mm_lte_slate_titanium_sport_band_black_pdp_image_position_1__wwen.jpg,1,1
769,Jet Black Aluminium Case with Black Sport Band M/L,apple_watch_series_10_46mm_lte_slate_titanium_sport_band_black_pdp_image_position_1__wwen.jpg,1,1
770,קונסולה Sony PlayStation 5 Pro,"ps5pro_pr_01_right_cmyk.jpg, ps5pro_pr_05_cmyk.jpg, ps5pro_pr_05_vstand_cmyk.jpg, ps5pro_pr_05_vstand_dualsense_cmyk.jpg, ps5pro_pr_01_cmyk.jpg",5,5
771,קונסולה Sony PlayStation 5 Pro,"ps5pro_pr_01_right_cmyk.jpg, ps5pro_pr_05_cmyk.jpg, ps5pro_pr_05_vstand_cmyk.jpg, ps5pro_pr_05_vstand_dualsense_cmyk.jpg, ps5pro_pr_01_cmyk.jpg",5,5
772,iPad Mini WiFi 128GB,48509d66-263b-412d-9715-1d0663e9.png,2,1
773,iPad Mini WiFi 128GB Space Grey,48509d66-263b-412d-9715-1d0663e9.png,2,1
774,iPad Mini eSIM 256GB 5G,48509d66-263b-412d-9715-1d0663e9.png,2,1
775,iPad Mini eSIM 256GB 5G Space Grey,48509d66-263b-412d-9715-1d0663e9.png,2,1
776,כונן תקליטורים - Sony USB Disk Drive,1.jpg,1,1
777,כונן תקליטורים - Sony USB Disk Drive,1.jpg,1,1
778,"סוללת גיבוי Anker Prime 12,000mAh Power Bank 130W","סוללת-גיבוי-anker-prime-12-000mah-power-bank_1_-130w.jpg, סוללת-גיבוי-anker-prime-12-000mah-power-bank_3_-130w.jpg, סוללת-גיבוי-anker-prime-12-000mah-power-bank_4_-130w.jpg, סוללת-גיבוי-anker-prime-12-000mah-power-bank_5_-130w.jpg, סוללת-גיבוי-anker-prime-12-000mah-power-bank_6_-130w.jpg, סוללת-גיבוי-anker-prime-12-000mah-power-bank_7_-130w.jpg, סוללת-גיבוי-anker-prime-12-000mah-power-bank_8_-130w.jpg, סוללת-גיבוי-anker-prime-12-000mah-power-bank_2_-130w.jpg",8,8
779,Product,"סוללת-גיבוי-anker-prime-12-000mah-power-bank_1_-130w.jpg, סוללת-גיבוי-anker-prime-12-000mah-power-bank_3_-130w.jpg, סוללת-גיבוי-anker-prime-12-000mah-power-bank_4_-130w.jpg, סוללת-גיבוי-anker-prime-12-000mah-power-bank_5_-130w.jpg, סוללת-גיבוי-anker-prime-12-000mah-power-bank_6_-130w.jpg, סוללת-גיבוי-anker-prime-12-000mah-power-bank_7_-130w.jpg, סוללת-גיבוי-anker-prime-12-000mah-power-bank_8_-130w.jpg, סוללת-גיבוי-anker-prime-12-000mah-power-bank_2_-130w.jpg",8,8
780,אוזניות קשת On-Ear soundcore H30i,"anker-soundcore-h30i-black_51074_1.jpg, anker-soundcore-h30i-black_51074_4.jpg, anker-soundcore-h30i-black_51074_2.jpg, anker-soundcore-h30i-black_51074_5.jpg, anker-soundcore-h30i-black_51074_6.jpg, anker-soundcore-h30i-black_51074_3.jpg",6,6
781,Black,"anker-soundcore-h30i-black_51074_1.jpg, anker-soundcore-h30i-black_51074_4.jpg, anker-soundcore-h30i-black_51074_2.jpg, anker-soundcore-h30i-black_51074_5.jpg, anker-soundcore-h30i-black_51074_6.jpg, anker-soundcore-h30i-black_51074_3.jpg",6,6
782,Anker SoundCore Rave Party 2 120W רמקול מסיבות,"soundcore-rave-party-2_1.jpg, soundcore-rave-party-2_2.jpg, soundcore-rave-party-2_3.jpg, soundcore-rave-party-2_4.jpg, soundcore-rave-party-2_5.jpg, soundcore-rave-party-2_6.jpg, soundcore-rave-party-2_7.jpg, soundcore-rave-party-2_8.jpg",8,8
783,Black,"soundcore-rave-party-2_1.jpg, soundcore-rave-party-2_2.jpg, soundcore-rave-party-2_3.jpg, soundcore-rave-party-2_4.jpg, soundcore-rave-party-2_5.jpg, soundcore-rave-party-2_6.jpg, soundcore-rave-party-2_7.jpg, soundcore-rave-party-2_8.jpg",8,8
784,מחשב נייד Acer Nitro V 15,"untitled-design.png, nitro-v15-ksp-6.jpg, nitro-v15-ksp-2.jpg, nitro-v15-ksp-4.jpg, nitro-v15-ksp-5.jpg",5,5
785,מחשב נייד Acer Nitro V 15,"untitled-design.png, nitro-v15-ksp-6.jpg, nitro-v15-ksp-2.jpg, nitro-v15-ksp-4.jpg, nitro-v15-ksp-5.jpg",5,5
786,Black Titanium Milanese Loop - רצועת Milanese Loop טיטניום שחור,untitled-design-13.png,2,1
787,Black Titanium Milanese Loop - רצועת Milanese Loop טיטניום שחור S,untitled-design-13.png,1,1
788,טלפון סלולרי Samsung Galaxy A35 5G 128GB,"sm-a556_galaxy-a55_awesome-lilac_front.jpg, sm-a556_galaxy-a55_awesome-lilac_back.jpg, sm-a556_galaxy-a55_awesome-lilac_front-l30.jpg, sm-a556_galaxy-a55_awesome-lilac_front-r30.jpg, sm-a556_galaxy-a55_awesome-lilac_front2.jpg, sm-a556_galaxy-a55_awesome-lilac_l-side.jpg, sm-a556_galaxy-a55_awesome-lilac_r-side.jpg, sm-a356_galaxy-a35_awesome-navy_back-l30.jpg, sm-a356_galaxy-a35_awesome-navy_back-r30.jpg, sm-a356_galaxy-a35_awesome-navy_back.jpg, sm-a356_galaxy-a35_awesome-navy_front-l30.jpg, sm-a356_galaxy-a35_awesome-navy_front-r30.jpg, sm-a356_galaxy-a35_awesome-navy_front.jpg, sm-a356_galaxy-a35_awesome-navy_front2.jpg",14,14
789,כיסוי לנייד Galaxy A16 מקורי של סמסונג - שחור,"5.jpg, 4.jpg, 3.jpg, 2.jpg, 1.jpg, 6.jpg",6,6
790,כיסוי לנייד Galaxy A16 מקורי של סמסונג - שחור,"5.jpg, 4.jpg, 3.jpg, 2.jpg, 1.jpg, 6.jpg",6,6
791,נתב TP-Link Deco X50-5G 5G AX3000 Mesh WiFi 6 – יחידה אחת,"deco-x50-5g-ax3000-10.png, 1730709604e04sc.png, 1730709605d05hp.png, 1730709605g05wj.png, 1730709605u05eh.png, deco-x50-5g.png, deco-x50-5g-ax3000.png, deco-x50-5g-ax3000-2.png, deco-x50-5g-ax3000-3.png",9,9
792,נתב TP-Link Deco X50-5G 5G AX3000 Mesh WiFi 6 – יחידה אחת  S-96304,"deco-x50-5g-ax3000-10.png, 1730709604e04sc.png, 1730709605d05hp.png, 1730709605g05wj.png, 1730709605u05eh.png, deco-x50-5g.png, deco-x50-5g-ax3000.png, deco-x50-5g-ax3000-2.png, deco-x50-5g-ax3000-3.png",9,9
793,"טאבלט Blackview Tab 60 WiFi 10.1"" 128GB","3-6.jpg, 7-6.jpg, 1-6.jpg, 2-6.jpg, 4-6.jpg, 5-6.jpg",6,6
794,Space Gray,"3-6.jpg, 7-6.jpg, 1-6.jpg, 2-6.jpg, 4-6.jpg, 5-6.jpg",6,6
795,טאבלט ילדים Blackview Tab A5 Kids,"4-1.png, 7-1.png, 2-1.png",8,3
797,Pink,3-1.png,1,1
798,מודם סלולרי ‏ZTE MF79N USB 4G,"untitled-design-20.png, untitled-design-19.png, untitled-design-18.png, untitled-design-17.png",4,4
799,מודם סלולרי ‏ZTE MF79N USB 4G,"untitled-design-20.png, untitled-design-19.png, untitled-design-18.png, untitled-design-17.png",4,4
800,טלוויזיה ''65 QLED 4K שיאומי דגם Xiaomi TV A Pro 65'' (2025),"xiaomi-tv-a-pro-2025-65_3.jpg, xiaomi-tv-a-pro-2025-65_11.jpg, xiaomi-tv-a-pro-2025-65_4.jpg, xiaomi-tv-a-pro-2025-65_2.jpg",4,4
801,טלוויזיה ''65 QLED 4K שיאומי דגם Xiaomi TV A Pro 65'' (2025),"xiaomi-tv-a-pro-2025-65_3.jpg, xiaomi-tv-a-pro-2025-65_11.jpg, xiaomi-tv-a-pro-2025-65_4.jpg, xiaomi-tv-a-pro-2025-65_2.jpg",4,4
802,טלוויזיה ''75 QLED 4K שיאומי דגם Xiaomi TV A Pro 75'' (2025),"xiaomi-tv-a-pro-2025-75_3.jpg, xiaomi-tv-a-pro-2025-75_4.jpg, xiaomi-tv-a-pro-2025-75_2.jpg, xiaomi-tv-a-pro-2025-75_1.jpg, xiaomi-tv-a-pro-2025-75_11.jpg",5,5
803,טלוויזיה ''75 QLED 4K שיאומי דגם Xiaomi TV A Pro 75'' (2025),"xiaomi-tv-a-pro-2025-75_3.jpg, xiaomi-tv-a-pro-2025-75_4.jpg, xiaomi-tv-a-pro-2025-75_2.jpg, xiaomi-tv-a-pro-2025-75_1.jpg, xiaomi-tv-a-pro-2025-75_11.jpg",5,5
804,שלט גיימינג PS5 DualSense Controller Fortnite,"untitled-design-23.png, artboard-1.jpg, dualsense_le_fortnite.jpg",3,3
805,טלפון סלולרי POCO X7 5G 12GB+512GB,"poco-x7_black_1.jpg, poco-x7_black_6.jpg, poco-x7_black_2.jpg, poco-x7_black_3.jpg, poco-x7_black_5.jpg",5,5
806,טלפון סלולרי POCO X7 5G 12GB+512GB,"poco-x7_black_1.jpg, poco-x7_black_6.jpg, poco-x7_black_2.jpg, poco-x7_black_3.jpg, poco-x7_black_5.jpg",5,5
807,טלפון סלולרי POCO X7 Pro 5G 12GB+512GB,"poco-x7-pro_black_1.jpg, poco-x7-pro_black_6.jpg, poco-x7-pro_black_2.jpg, poco-x7-pro_black_3.jpg, poco-x7-pro_black_5.jpg",5,5
808,טלפון סלולרי POCO X7 Pro 5G 12GB+512GB S-97014,"poco-x7-pro_black_1.jpg, poco-x7-pro_black_6.jpg, poco-x7-pro_black_2.jpg, poco-x7-pro_black_3.jpg, poco-x7-pro_black_5.jpg",5,5
809,בקר אלחוטי ורוד ל Xbox X / S Series / PC,"10362-001-18-5.png, 10362-001-18-6.png, 10362-001-18-4.png, 10362-001-18-8.png, 10362-001-18-3.png, 10362-001-18-2.png",6,6
810,בקר אלחוטי ורוד ל Xbox X / S Series / PC,"10362-001-18-5.png, 10362-001-18-6.png, 10362-001-18-4.png, 10362-001-18-8.png, 10362-001-18-3.png, 10362-001-18-2.png",6,6
811,כיסוי לנייד Galaxy S25 מקורי של סמסונג - שקוף מגנטי,untitled-1.jpg,1,1
812,כיסוי לנייד Galaxy S25 מקורי של סמסונג - שקוף מגנטי,untitled-1.jpg,1,1
813,כיסוי לנייד Galaxy S25 Plus מקורי של סמסונג - שקוף מגנטי,untitled-1.jpg,1,1
814,כיסוי לנייד Galaxy S25 Plus מקורי של סמסונג - שקוף מגנטי,untitled-1.jpg,1,1
815,כיסוי לנייד Galaxy S25 Ultra מקורי של סמסונג - שקוף מגנטי,untitled-1.jpg,1,1
816,כיסוי לנייד Galaxy S25 Ultra מקורי של סמסונג - שקוף מגנטי,untitled-1.jpg,1,1
817,DJI Neo רחפן,"dji-neo_propeller-battery-detached.jpg, dji-neo_from-above.jpg, dji-neo_propeller-detached-copy.png, dji-neo_rendered_3.png",4,4
818,ללא שלט DJI Neo רחפן,"dji-neo_propeller-battery-detached.jpg, dji-neo_from-above.jpg, dji-neo_propeller-detached-copy.png, dji-neo_rendered_3.png",4,4
819,רחפן DJI Neo Fly More Combo,"dji-neo_propeller-battery-detached.jpg, dji-neo_from-above.jpg, dji-neo_propeller-detached-copy.png, dji-neo_rendered_3.png, dji-neo-fly-more-combo_rendered_2.png, dji-neo-fly-more-combo_batteries-detached.jpg, dji-neo-fly-more-combo_from-above.jpg",7,7
820,רחפן DJI Neo Fly More Combo,"dji-neo_propeller-battery-detached.jpg, dji-neo_from-above.jpg, dji-neo_propeller-detached-copy.png, dji-neo_rendered_3.png, dji-neo-fly-more-combo_rendered_2.png, dji-neo-fly-more-combo_batteries-detached.jpg, dji-neo-fly-more-combo_from-above.jpg",7,7
821,רמקול אלחוטי נייד Xiaomi Sound Pocket 5W,"xiaomi-sound-pocket-s28d-_81098_4.jpg, xiaomi-sound-pocket-s28d-_81098_1.jpg, xiaomi-sound-pocket-s28d-_81098_6.jpg, xiaomi-sound-pocket-s28d-_81098_7.jpg, xiaomi-sound-pocket-s28d-_81098_2.jpg, xiaomi-sound-pocket-s28d-_81098_3.jpg, xiaomi-sound-pocket-s28d-_81098_5.jpg",7,7
822,רמקול אלחוטי נייד Xiaomi Sound Pocket 5W,"xiaomi-sound-pocket-s28d-_81098_4.jpg, xiaomi-sound-pocket-s28d-_81098_1.jpg, xiaomi-sound-pocket-s28d-_81098_6.jpg, xiaomi-sound-pocket-s28d-_81098_7.jpg, xiaomi-sound-pocket-s28d-_81098_2.jpg, xiaomi-sound-pocket-s28d-_81098_3.jpg, xiaomi-sound-pocket-s28d-_81098_5.jpg",7,7
823,שעון ספורט חכם שיאומי דגם Redmi Watch 5 Active,"redmi-watch-5-active_black_3.jpg, redmi-watch-5-active_black_6.jpg, redmi-watch-5-active_black_1.jpg, redmi-watch-5-active_black_2.jpg, 5.jpg, 6.jpg, 7.jpg",7,7
824,שעון ספורט חכם שיאומי דגם Redmi Watch 5 Active S-97110,redmi-watch-5-active_black_3.jpg,1,1
825,שעון ספורט חכם שיאומי דגם Redmi Watch 5 Active S-98262,7.jpg,1,1
826,אוזניות TWS דור 6 שיאומי Redmi Buds 6 Play,"n79b-black-caseopen-top3.png, n79b-black-caseopen.png, n79b-black-caseopen4.png, n79b-black-earback.png, n79b-black-earback1.png, n79b-black-earphone-top.png, n79b-black-earside.png, n79b-black-box-front.png, n79b-black-box-front2.png, n79b-black-caseopen-top.png",10,10
827,אוזניות TWS דור 6 שיאומי Redmi Buds 6 Play S-95448,"n79b-black-caseopen-top3.png, n79b-black-caseopen.png, n79b-black-caseopen4.png, n79b-black-earback.png, n79b-black-earback1.png, n79b-black-earphone-top.png, n79b-black-earside.png, n79b-black-box-front.png, n79b-black-box-front2.png, n79b-black-caseopen-top.png",10,10
828,טלפון סלולרי Samsung Galaxy S25 5G 128GB,"sm-s931_galaxys25_front_blue_241108.jpg, sm-s931_galaxys25_front2_blue_241106.jpg, sm-s931_galaxys25_frontl30_blue_241108.jpg, sm-s931_galaxys25_frontr30_blue_241108.jpg, sm-s931_galaxys25_lside_blue_241108.jpg, sm-s931_galaxys25_rside_blue_241108.jpg, sm-s931_galaxys25_backl30_blue_241108.jpg, sm-s931_galaxys25_backr30_blue_241108.jpg, sm-s931_galaxys25_back_blue_241108.jpg, sm-s931_galaxys25_backl30_mint_241108.jpg, sm-s931_galaxys25_backl30_silvershadow_241108.jpg, sm-s931_galaxys25_backl30_navy_241108.jpg, sm-s931_galaxys25_backr30_mint_241108.jpg, sm-s931_galaxys25_backr30_silvershadow_241108.jpg, sm-s931_galaxys25_backr30_navy_241108.jpg, sm-s931_galaxys25_back_mint_241108.jpg, sm-s931_galaxys25_back_silvershadow_241108.jpg, sm-s931_galaxys25_back_navy_241108.jpg, sm-s931_galaxys25_front2_navy_241108.jpg, sm-s931_galaxys25_front2_mint_241108.jpg, sm-s931_galaxys25_front2_silvershadow_241108.jpg, sm-s931_galaxys25_frontl30_navy_241108.jpg, sm-s931_galaxys25_frontl30_mint_241108.jpg, sm-s931_galaxys25_frontl30_silvershadow_241108.jpg, sm-s931_galaxys25_frontr30_navy_241108.jpg, sm-s931_galaxys25_frontr30_mint_241108.jpg, sm-s931_galaxys25_frontr30_silvershadow_241108.jpg, sm-s931_galaxys25_front_navy_241108.jpg, sm-s931_galaxys25_front_mint_241108.jpg, sm-s931_galaxys25_front_silvershadow_241108.jpg, sm-s931_galaxys25_lside_navy_241108.jpg, sm-s931_galaxys25_lside_mint_241108.jpg, sm-s931_galaxys25_lside_silvershadow_241108.jpg, sm-s931_galaxys25_rside_navy_241108.jpg, sm-s931_galaxys25_rside_mint_241108.jpg, sm-s931_galaxys25_rside_silvershadow_241108.jpg",36,36
829,טלפון סלולרי Samsung Galaxy S25 5G 128GB Mint,sm-s931_galaxys25_front_mint_241108.jpg,1,1
830,טלפון סלולרי Samsung Galaxy S25 5G 128GB SilverShadow,sm-s931_galaxys25_front_silvershadow_241108.jpg,1,1
831,טלפון סלולרי Samsung Galaxy S25 5G 128GB Navy,sm-s931_galaxys25_front_navy_241108.jpg,1,1
832,טלפון סלולרי Samsung Galaxy S25 5G 256GB,"sm-s931_galaxys25_front_navy_241108.jpg, sm-s931_galaxys25_backl30_navy_241108.jpg, sm-s931_galaxys25_backr30_navy_241108.jpg, sm-s931_galaxys25_back_navy_241108.jpg, sm-s931_galaxys25_front2_navy_241108.jpg, sm-s931_galaxys25_frontl30_navy_241108.jpg, sm-s931_galaxys25_frontr30_navy_241108.jpg, sm-s931_galaxys25_lside_navy_241108.jpg, sm-s931_galaxys25_rside_navy_241108.jpg, sm-s931_galaxys25_backl30_blue_241108.jpg, sm-s931_galaxys25_backl30_mint_241108.jpg, sm-s931_galaxys25_backl30_silvershadow_241108.jpg, sm-s931_galaxys25_backr30_blue_241108.jpg, sm-s931_galaxys25_backr30_mint_241108.jpg, sm-s931_galaxys25_backr30_silvershadow_241108.jpg, sm-s931_galaxys25_back_blue_241108.jpg, sm-s931_galaxys25_back_mint_241108.jpg, sm-s931_galaxys25_back_silvershadow_241108.jpg, sm-s931_galaxys25_front2_blue_241106.jpg, sm-s931_galaxys25_front2_blue_241108.jpg, sm-s931_galaxys25_front2_silvershadow_241108.jpg, sm-s931_galaxys25_frontl30_blue_241108.jpg, sm-s931_galaxys25_frontl30_silvershadow_241108.jpg, sm-s931_galaxys25_frontr30_blue_241108.jpg, sm-s931_galaxys25_frontl30_mint_241108.jpg, sm-s931_galaxys25_front2_mint_241108.jpg, sm-s931_galaxys25_frontr30_mint_241108.jpg, sm-s931_galaxys25_frontr30_silvershadow_241108.jpg, sm-s931_galaxys25_front_blue_241108.jpg, sm-s931_galaxys25_front_mint_241108.jpg, sm-s931_galaxys25_lside_blue_241108.jpg, sm-s931_galaxys25_front_silvershadow_241108.jpg, sm-s931_galaxys25_lside_mint_241108.jpg, sm-s931_galaxys25_lside_silvershadow_241108.jpg, sm-s931_galaxys25_rside_blue_241108.jpg, sm-s931_galaxys25_rside_mint_241108.jpg, sm-s931_galaxys25_rside_silvershadow_241108.jpg",37,37
833,טלפון סלולרי Samsung Galaxy S25 5G 256GB Navy,sm-s931_galaxys25_front_navy_241108.jpg,1,1
834,טלפון סלולרי Samsung Galaxy S25 5G 256GB כחול,sm-s931_galaxys25_front_blue_241108.jpg,1,1
835,טלפון סלולרי Samsung Galaxy S25 5G 256GB מנטה,sm-s931_galaxys25_front_mint_241108.jpg,1,1
836,טלפון סלולרי Samsung Galaxy S25 5G 256GB כסוף,sm-s931_galaxys25_front_silvershadow_241108.jpg,1,1
837,טלפון סלולרי Samsung Galaxy S25 5G 512GB,"sm-s931_galaxys25_front_navy_241108.jpg, sm-s931_galaxys25_backl30_navy_241108.jpg, sm-s931_galaxys25_backr30_navy_241108.jpg, sm-s931_galaxys25_back_navy_241108.jpg, sm-s931_galaxys25_front2_navy_241108.jpg, sm-s931_galaxys25_frontl30_navy_241108.jpg, sm-s931_galaxys25_frontr30_navy_241108.jpg, sm-s931_galaxys25_lside_navy_241108.jpg, sm-s931_galaxys25_rside_navy_241108.jpg",9,9
838,טלפון סלולרי Samsung Galaxy S25 Ultra 5G 256GB,"sm-s938_galaxys25ultra_front_titaniumgray_241107.jpg, sm-s938_galaxys25ultra_devicepenbackl30_titaniumgray_241107.jpg, sm-s938_galaxys25ultra_devicepenbackr30_titaniumgray_241107.jpg, sm-s938_galaxys25ultra_devicepenfront_titaniumgray_241107.jpg, sm-s938_galaxys25ultra_devicepenfrontl30_titaniumgray_241107.jpg, sm-s938_galaxys25ultra_devicepenfrontr30_titaniumgray_241107.jpg, sm-s938_galaxys25ultra_lside_titaniumgray_241107.jpg, sm-s938_galaxys25ultra_penfront_titaniumgray_241107.jpg, sm-s938_galaxys25ultra_penl30_titaniumgray_241107.jpg, sm-s938_galaxys25ultra_penr30_titaniumgray_241107.jpg, sm-s938_galaxys25ultra_rside_titaniumgray_241107.jpg, sm-s938_galaxys25ultra_deviceback_titaniumgray_241107.jpg, sm-s938_galaxys25ultra_devicebackl30_titaniumgray_241107.jpg, sm-s938_galaxys25ultra_devicebackr30_titaniumgray_241107.jpg, sm-s938_galaxys25ultra_devicefront_titaniumgray_241107.jpg, sm-s938_galaxys25ultra_devicefrontl30_titaniumgray_241107.jpg, sm-s938_galaxys25ultra_devicefrontr30_titaniumgray_241107.jpg, sm-s938_galaxys25ultra_devicepenback_titaniumgray_241107.jpg, sm-s938_galaxys25ultra_devicepenbackl30_titaniumblack_241107.jpg, sm-s938_galaxys25ultra_devicepenback_titaniumsilver_241107.jpg, sm-s938_galaxys25ultra_devicepenbackl30_titaniumblue_241106.jpg, sm-s938_galaxys25ultra_devicepenbackr30_titaniumblack_241107.jpg, sm-s938_galaxys25ultra_devicepenbackl30_titaniumsilver_241107.jpg, sm-s938_galaxys25ultra_devicepenbackr30_titaniumblue_241106.jpg, sm-s938_galaxys25ultra_devicepenfront_titaniumblack_241107.jpg, sm-s938_galaxys25ultra_devicepenbackr30_titaniumsilver_241107.jpg, sm-s938_galaxys25ultra_devicepenfront_titaniumblue_241106.jpg, sm-s938_galaxys25ultra_devicepenfrontl30_titaniumblack_241107.jpg, sm-s938_galaxys25ultra_devicepenfront_titaniumsilver_241107.jpg, sm-s938_galaxys25ultra_devicepenfrontl30_titaniumblue_241106.jpg, sm-s938_galaxys25ultra_devicepenfrontr30_titaniumblack_241107.jpg, sm-s938_galaxys25ultra_devicepenfrontl30_titaniumsilver_241107.jpg, sm-s938_galaxys25ultra_devicepenfrontr30_titaniumblue_241106.jpg, sm-s938_galaxys25ultra_front_titaniumblack_241107.jpg, sm-s938_galaxys25ultra_devicepenfrontr30_titaniumsilver_241107.jpg, sm-s938_galaxys25ultra_front_titaniumblue_241106.jpg, sm-s938_galaxys25ultra_lside_titaniumblack_241107.jpg, sm-s938_galaxys25ultra_front_titaniumsilver_241107.jpg, sm-s938_galaxys25ultra_lside_titaniumblue_241106.jpg, sm-s938_galaxys25ultra_penfront_titaniumblack_241107.jpg, sm-s938_galaxys25ultra_lside_titaniumsilver_241107.jpg, sm-s938_galaxys25ultra_penfront_titaniumblue_241106.jpg, sm-s938_galaxys25ultra_penl30_titaniumblack_241107.jpg, sm-s938_galaxys25ultra_penfront_titaniumsilver_241107.jpg, sm-s938_galaxys25ultra_penl30_titaniumblue_241106.jpg, sm-s938_galaxys25ultra_penr30_titaniumblack_241107.jpg, sm-s938_galaxys25ultra_penl30_titaniumsilver_241107.jpg, sm-s938_galaxys25ultra_penr30_titaniumblue_241106.jpg, sm-s938_galaxys25ultra_rside_titaniumblack_241107.jpg, sm-s938_galaxys25ultra_penr30_titaniumsilver_241107.jpg, sm-s938_galaxys25ultra_rside_titaniumblue_241106.jpg, sm-s938_galaxys25ultra_deviceback_titaniumblack_241107.jpg, sm-s938_galaxys25ultra_rside_titaniumsilver_241107.jpg, sm-s938_galaxys25ultra_deviceback_titaniumblue_241106.jpg, sm-s938_galaxys25ultra_devicebackl30_titaniumblack_241107.jpg, sm-s938_galaxys25ultra_deviceback_titaniumsilver_241107.jpg, sm-s938_galaxys25ultra_devicebackl30_titaniumblue_241106.jpg, sm-s938_galaxys25ultra_devicebackr30_titaniumblack_241107.jpg, sm-s938_galaxys25ultra_devicebackl30_titaniumsilver_241107.jpg, sm-s938_galaxys25ultra_devicebackr30_titaniumblue_241106.jpg, sm-s938_galaxys25ultra_devicefront_titaniumblack_241107.jpg, sm-s938_galaxys25ultra_devicebackr30_titaniumsilver_241107.jpg, sm-s938_galaxys25ultra_devicefront_titaniumblue_241106.jpg, sm-s938_galaxys25ultra_devicefrontl30_titaniumblack_241107.jpg, sm-s938_galaxys25ultra_devicefront_titaniumsilver_241107.jpg, sm-s938_galaxys25ultra_devicefrontl30_titaniumblue_241106.jpg, sm-s938_galaxys25ultra_devicefrontr30_titaniumblack_241107.jpg, sm-s938_galaxys25ultra_devicefrontl30_titaniumsilver_241107.jpg, sm-s938_galaxys25ultra_devicefrontr30_titaniumblue_241106.jpg, sm-s938_galaxys25ultra_devicepenback_titaniumblack_241107.jpg, sm-s938_galaxys25ultra_devicefrontr30_titaniumsilver_241107.jpg, sm-s938_galaxys25ultra_devicepenback_titaniumblue_241106.jpg",72,72
839,טלפון סלולרי Samsung Galaxy S25 Ultra 5G 256GB Gray,sm-s938_galaxys25ultra_front_titaniumgray_241107.jpg,1,1
840,טלפון סלולרי Samsung Galaxy S25 Ultra 5G 256GB Black,sm-s938_galaxys25ultra_front_titaniumblack_241107.jpg,1,1
841,טלפון סלולרי Samsung Galaxy S25 Ultra 5G 512GB,"sm-s938_galaxys25ultra_front_titaniumgray_241107.jpg, sm-s938_galaxys25ultra_devicepenbackl30_titaniumgray_241107.jpg, sm-s938_galaxys25ultra_devicepenbackr30_titaniumgray_241107.jpg, sm-s938_galaxys25ultra_devicepenfront_titaniumgray_241107.jpg, sm-s938_galaxys25ultra_devicepenfrontl30_titaniumgray_241107.jpg, sm-s938_galaxys25ultra_devicepenfrontr30_titaniumgray_241107.jpg, sm-s938_galaxys25ultra_lside_titaniumgray_241107.jpg, sm-s938_galaxys25ultra_penfront_titaniumgray_241107.jpg, sm-s938_galaxys25ultra_penl30_titaniumgray_241107.jpg, sm-s938_galaxys25ultra_penr30_titaniumgray_241107.jpg, sm-s938_galaxys25ultra_rside_titaniumgray_241107.jpg, sm-s938_galaxys25ultra_deviceback_titaniumgray_241107.jpg, sm-s938_galaxys25ultra_devicebackl30_titaniumgray_241107.jpg, sm-s938_galaxys25ultra_devicebackr30_titaniumgray_241107.jpg, sm-s938_galaxys25ultra_devicefront_titaniumgray_241107.jpg, sm-s938_galaxys25ultra_devicefrontl30_titaniumgray_241107.jpg, sm-s938_galaxys25ultra_devicefrontr30_titaniumgray_241107.jpg, sm-s938_galaxys25ultra_devicepenback_titaniumgray_241107.jpg, sm-s938_galaxys25ultra_devicepenbackl30_titaniumblack_241107.jpg, sm-s938_galaxys25ultra_devicepenbackr30_titaniumblack_241107.jpg, sm-s938_galaxys25ultra_devicepenback_titaniumsilver_241107.jpg, sm-s938_galaxys25ultra_devicepenbackl30_titaniumsilver_241107.jpg, sm-s938_galaxys25ultra_devicepenbackr30_titaniumsilver_241107.jpg, sm-s938_galaxys25ultra_devicepenfront_titaniumblack_241107.jpg, sm-s938_galaxys25ultra_devicepenfront_titaniumsilver_241107.jpg, sm-s938_galaxys25ultra_devicepenfrontl30_titaniumblack_241107.jpg, sm-s938_galaxys25ultra_devicepenfrontl30_titaniumsilver_241107.jpg, sm-s938_galaxys25ultra_devicepenfrontr30_titaniumblack_241107.jpg, sm-s938_galaxys25ultra_devicepenfrontr30_titaniumsilver_241107.jpg, sm-s938_galaxys25ultra_front_titaniumblack_241107.jpg, sm-s938_galaxys25ultra_front_titaniumsilver_241107.jpg, sm-s938_galaxys25ultra_lside_titaniumblack_241107.jpg, sm-s938_galaxys25ultra_lside_titaniumsilver_241107.jpg, sm-s938_galaxys25ultra_penfront_titaniumblack_241107.jpg, sm-s938_galaxys25ultra_penfront_titaniumsilver_241107.jpg, sm-s938_galaxys25ultra_penl30_titaniumblack_241107.jpg, sm-s938_galaxys25ultra_penl30_titaniumsilver_241107.jpg, sm-s938_galaxys25ultra_penr30_titaniumblack_241107.jpg, sm-s938_galaxys25ultra_penr30_titaniumsilver_241107.jpg, sm-s938_galaxys25ultra_rside_titaniumblack_241107.jpg, sm-s938_galaxys25ultra_rside_titaniumsilver_241107.jpg, sm-s938_galaxys25ultra_deviceback_titaniumblack_241107.jpg, sm-s938_galaxys25ultra_deviceback_titaniumsilver_241107.jpg, sm-s938_galaxys25ultra_devicebackl30_titaniumblack_241107.jpg, sm-s938_galaxys25ultra_devicebackl30_titaniumsilver_241107.jpg, sm-s938_galaxys25ultra_devicebackr30_titaniumblack_241107.jpg, sm-s938_galaxys25ultra_devicebackr30_titaniumsilver_241107.jpg, sm-s938_galaxys25ultra_devicefront_titaniumblack_241107.jpg, sm-s938_galaxys25ultra_devicefront_titaniumsilver_241107.jpg, sm-s938_galaxys25ultra_devicefrontl30_titaniumblack_241107.jpg, sm-s938_galaxys25ultra_devicefrontl30_titaniumsilver_241107.jpg, sm-s938_galaxys25ultra_devicefrontr30_titaniumblack_241107.jpg, sm-s938_galaxys25ultra_devicefrontr30_titaniumsilver_241107.jpg, sm-s938_galaxys25ultra_devicepenback_titaniumblack_241107.jpg",54,54
842,טלפון סלולרי Samsung Galaxy S25 Ultra 5G 512GB Black,sm-s938_galaxys25ultra_front_titaniumblack_241107.jpg,1,1
843,אוזניות Anker Soundcore Space R50i TWS Black,"product-photo2__original.jpeg, product-photo5__original.jpeg, product-photo-6__original.jpeg",3,3
844,אוזניות Anker Soundcore Space R50i TWS Black,"product-photo2__original.jpeg, product-photo5__original.jpeg, product-photo-6__original.jpeg",3,3
845,מנורת קריאה שולחנית שיאומי דגם Xiaomi Desk Lamp Lite,".png, bass-3.png, .png, .png, bass-1.png, bass-2.png",6,6
846,מנורת קריאה שולחנית שיאומי דגם Xiaomi Desk Lamp Lite,".png, bass-3.png, .png, .png, bass-1.png, bass-2.png",6,6
847,טלפון סלולרי Redmi Note 14 4G 8GB+256GB,"redmi-note-14-o7-black_1.jpg, redmi-note-14-o7-black_7.jpg, redmi-note-14-o7-black_2.jpg, redmi-note-14-o7-black_3.jpg, redmi-note-14-o7-black_4.jpg, redmi-note-14-o7-black_5.jpg, redmi-note-14-o7-black_6.jpg",7,7
848,טלפון סלולרי Redmi Note 14 4G 8GB+256GB,"redmi-note-14-o7-black_1.jpg, redmi-note-14-o7-black_7.jpg, redmi-note-14-o7-black_2.jpg, redmi-note-14-o7-black_3.jpg, redmi-note-14-o7-black_4.jpg, redmi-note-14-o7-black_5.jpg, redmi-note-14-o7-black_6.jpg",7,7
849,טלפון סלולרי Redmi Note 14 Pro 5G 12GB+512GB,"redmi-note-14-o7-black_1.jpg, redmi-note-14-o7-black_7.jpg, redmi-note-14-o7-black_2.jpg, redmi-note-14-o7-black_3.jpg, redmi-note-14-o7-black_4.jpg, redmi-note-14-o7-black_5.jpg, redmi-note-14-o7-black_6.jpg, redmi-note-14-pro-5g-o16-black_7.jpg, redmi-note-14-pro-5g-o16-black_1.jpg, redmi-note-14-pro-5g-o16-black_2.jpg, redmi-note-14-pro-5g-o16-black_3.jpg, redmi-note-14-pro-5g-o16-black_4.jpg, redmi-note-14-pro-5g-o16-black_5.jpg, redmi-note-14-pro-5g-o16-black_6.jpg",14,14
850,טלפון סלולרי Redmi Note 14 Pro 5G 12GB+512GB,"redmi-note-14-o7-black_1.jpg, redmi-note-14-o7-black_7.jpg, redmi-note-14-o7-black_2.jpg, redmi-note-14-o7-black_3.jpg, redmi-note-14-o7-black_4.jpg, redmi-note-14-o7-black_5.jpg, redmi-note-14-o7-black_6.jpg, redmi-note-14-pro-5g-o16-black_7.jpg, redmi-note-14-pro-5g-o16-black_1.jpg, redmi-note-14-pro-5g-o16-black_2.jpg, redmi-note-14-pro-5g-o16-black_3.jpg, redmi-note-14-pro-5g-o16-black_4.jpg, redmi-note-14-pro-5g-o16-black_5.jpg, redmi-note-14-pro-5g-o16-black_6.jpg",14,14
851,SONOS - רמקול חכם Era 100,"optimo1_3qlow_white.jpg, optimo1_white_top.jpg, optimo1_3qhero_white.jpg, optimo1_3qlow_black.jpg, optimo1_back_black.jpg, optimo1_back_white.jpg, optimo1_black_top.jpg, optimo1_bottom_black.jpg, optimo1_front_white.jpg, optimo1_side_white.jpg",10,10
852,SONOS - רמקול חכם Era 300,"optimo2_3qlow_white.jpg, optimo2_side_white.jpg, optimo2_3qlow_black.jpg, optimo2_3q_hero_black.jpg, optimo2_3q_hero_white.jpg, optimo2_front_hero_black.jpg, optimo2_front_hero_white.jpg, optimo2_side_black.jpg",8,8
853,כיסוי OtterBox Symmetry Stardust לסדרת Galaxy S25,"galaxy-s25-ultra-sym-clear-mag-stardust-split.jpg, galaxy-s25-ultra-sym-clear-mag-stardust-pkg-1.jpg",2,2
854,Galaxy S25 Plus,galaxy-s25-ultra-sym-clear-mag-stardust-split.jpg,1,1
855,Galaxy S25 Ultra,galaxy-s25-ultra-sym-clear-mag-stardust-split.jpg,1,1
856,כיסוי OtterBox Symmetry לסדרת Galaxy S25 - בצבע שחור,"galaxy-s25-ultra-sym-mag-black-split.jpg, galaxy-s25-ultra-sym-mag-black-pkg-1.jpg",2,2
857,Galaxy S25,galaxy-s25-ultra-sym-mag-black-split.jpg,1,1
858,Galaxy S25 Plus,galaxy-s25-ultra-sym-mag-black-split.jpg,1,1
859,Galaxy S25 Ultra,galaxy-s25-ultra-sym-mag-black-split.jpg,1,1
860,כיסוי OtterBox Symmetry לסדרת Galaxy S25 - שקוף,"galaxy-s25-ultra-sym-clear-mag-clear-split.jpg, galaxy-s25-ultra-sym-clear-mag-clear-pkg-1.jpg",2,2
861,Galaxy S25,galaxy-s25-ultra-sym-clear-mag-clear-split.jpg,1,1
862,Galaxy S25 Plus,galaxy-s25-ultra-sym-clear-mag-clear-split.jpg,1,1
863,Galaxy S25 Ultra,galaxy-s25-ultra-sym-clear-mag-clear-split.jpg,1,1
864,Rise Solo Qi2 Wireless Charger – מטען אלחוטי יחיד,_mg_3760-2.jpg,1,1
868,Rise 3-in-1 Qi2 Wireless Charger – מטען אלחוטי משולש,"3in1_sandstone.png, 3in1open_black.png, 3in1open_sandstone.png, 3in1side_black.png, 3in1standby_black.png, 3in1standby_sandstone.png, 3in1top_black.png, 3in1top_sandstone.png",9,8
870,Sandstone,3in1_sandstone.png,1,1
871,כיסוי ל AirPods 4 – LAUT HUEX PROTECT,"2.jpg, 3.jpg, 4.jpg, 2.jpg, 3.jpg, 2.jpg, 1.jpg, 5.jpg, 2.jpg",9,9
872,Black,2.jpg,1,1
873,Clear,"2.jpg, 3.jpg, 4.jpg, 2.jpg, 3.jpg, 2.jpg, 1.jpg, 5.jpg, 2.jpg",9,9
874,Blue,4.jpg,1,1
875,Pink,5.jpg,1,1
876,מעמד מגנטי MagicMount Pro2 4-ב-1 למזגן/לוח מחוונים,"mp2odvm_ps1.png, mp2odvm_fcs_3.png, mp2ov.png, mp2v.png, mp2_fcs_1.png, mp2_fcs_2.png, mp2d.png, mp2od.png, mp2odvm_fcs_1.png",9,9
877,Black,"mp2odvm_ps1.png, mp2odvm_fcs_3.png, mp2ov.png, mp2v.png, mp2_fcs_1.png, mp2_fcs_2.png, mp2d.png, mp2od.png, mp2odvm_fcs_1.png",9,9
878,מעמד MagSafe MagicMount SELECT לחלון/לוח מחוונים,"magwsm2_magicmount_dash_window_ps3_hr.jpg, magwsm2_magicmount_window_dash_ps2.jpg, magicmount_mag_square_fcs.png, magwsm2_ghosted4.jpg",4,4
879,Black,"magwsm2_magicmount_dash_window_ps3_hr.jpg, magwsm2_magicmount_window_dash_ps2.jpg, magicmount_mag_square_fcs.png, magwsm2_ghosted4.jpg",4,4
880,מעמד מגנטי magicMOUNT - למזגן,"4.jpg, 5.jpg",4,2
881,Black,"4.jpg, 5.jpg",4,2
882,מעמד מגנטי magicMOUNT לחלון/לוח מחוונים,"magwsm2_magicmount_window_dash_ps2.jpg, magicmount_mag_square_fcs.png, magwsm2_ghosted4.jpg, magwsm2_magicmount_dash_window_ps3_hr.jpg",4,4
883,Black,"magwsm2_magicmount_window_dash_ps2.jpg, magicmount_mag_square_fcs.png, magwsm2_ghosted4.jpg, magwsm2_magicmount_dash_window_ps3_hr.jpg",4,4
884,מעמד מגנטי magicMOUNT להדבקה על משטחים,mp2odvm_fcs_3.png,2,1
885,Black,mp2odvm_fcs_3.png,2,1
886,Re-new | טלפון סלולרי Samsung Galaxy S23 FE 5G 128GB,"250_sm-s711_galaxys23fe_front_cream_thumb.png, 250_sm-s711_galaxys23fe_backr30_cream_thumb.png, sm-s711_galaxys23fe_backl30_cream_thumb.png, sm-s711_galaxys23fe_front_graphite_thumb.png, sm-s711_galaxys23fe_front_purple_thumb.png, sm-s711_galaxys23fe_front_mint_thumb.png",7,6
887,מסך,"250_sm-s711_galaxys23fe_front_cream_thumb.png, 250_sm-s711_galaxys23fe_backr30_cream_thumb.png, sm-s711_galaxys23fe_backl30_cream_thumb.png, sm-s711_galaxys23fe_front_graphite_thumb.png, sm-s711_galaxys23fe_front_purple_thumb.png, sm-s711_galaxys23fe_front_mint_thumb.png",7,6
888,Samsung Galaxy S23 FE 5G 128GB Cream,"250_sm-s711_galaxys23fe_front_cream_thumb.png, 250_sm-s711_galaxys23fe_backr30_cream_thumb.png, sm-s711_galaxys23fe_backl30_cream_thumb.png, sm-s711_galaxys23fe_front_graphite_thumb.png, sm-s711_galaxys23fe_front_purple_thumb.png, sm-s711_galaxys23fe_front_mint_thumb.png",7,6
889,Xiaomi TV S Mini LED 2025,"xiaomi-tv-s-mini-led-55-2025-1.jpg, 889f0599-6463-4b63-9200-d2f5db6b2678.jpg, 4af3d0a6-483e-4781-b162-91d028845a5c.jpg",3,3
890,"55""","xiaomi-tv-s-mini-led-55-2025-1.jpg, 889f0599-6463-4b63-9200-d2f5db6b2678.jpg, 4af3d0a6-483e-4781-b162-91d028845a5c.jpg",3,3
891,"65""","xiaomi-tv-s-mini-led-55-2025-1.jpg, 889f0599-6463-4b63-9200-d2f5db6b2678.jpg, 4af3d0a6-483e-4781-b162-91d028845a5c.jpg",3,3
892,"75""","xiaomi-tv-s-mini-led-55-2025-1.jpg, 889f0599-6463-4b63-9200-d2f5db6b2678.jpg, 4af3d0a6-483e-4781-b162-91d028845a5c.jpg",3,3
893,"Xiaomi TV Max 2025 QLED 85""","xiaomi-tv-max-100_1.jpg, xiaomi-tv-max-85_2.jpg, xiaomi-tv-max-85_3-1.jpg, xiaomi-tv-max-85_4.jpg",4,4
894,Xiaomi TV A Pro 43'',"3b07e226-b9f8-4f2b-a1e6-457e90a827b7.jpg, 6c83ba60-a04c-4b96-befe-f3c641db1db9.jpg, c36d7515-aaca-408b-bf12-b7c736b10652.jpg, 30da395d-7069-4d73-9686-1b884c5d6bc2.jpg, 7359d07f-99bf-4561-b3c3-98f53be435f8.jpg",5,5
895,Re-New | טלפון סלולרי iPhone 14 Pro 256GB,"iphone_14_pro_silver_pdp_image_position-1a__en-us.png, iphone_14_pro_silver_pdp_image_position-2__en-us.png, iphone_14_pro_silver_pdp_image_position-3__en-us.png",3,3
896,כסף,"iphone_14_pro_silver_pdp_image_position-1a__en-us.png, iphone_14_pro_silver_pdp_image_position-2__en-us.png, iphone_14_pro_silver_pdp_image_position-3__en-us.png",3,3
897,שחור,iphone_14_pro_space_black_pdp_image_position-1a__en-us.png,1,1
898,iPhone 14 Pro 256GB Deep Purple,iphone_14_pro_deep_purple_pdp_image_position-1a__en-us.png,1,1
899,Re-New | טלפון סלולרי iPhone 13 Pro Max 256GB,"iphone_13_pro_max_graphite_pdp_image_position-1a__wwen.jpg, iphone_13_pro_max_graphite_pdp_image_position-2__wwen.jpg",2,2
900,iPhone 13 Pro Max 256GB silver,iphone_13_pro_max_silver_pdp_image_position-1a__wwen.jpg,1,1
901,iPhone 13 Pro Max 256GB Blue,iphone_13_pro_max_sierra_blue_pdp_image_position-1a__wwen.jpg,1,1
902,iPhone 13 Pro Max 256GB Gold,iphone_13_pro_max_gold_pdp_image_position-1a__wwen.jpg,1,1
903,iPhone 13 Pro Max 256GB graphite grey,iphone_13_pro_max_graphite_pdp_image_position-1a__wwen.jpg,1,1
904,שעון חכם Samsung Galaxy Watch 7 LTE 40mm,"sm-l300_002_front2_cream_240429.jpg, sm-l300_001_front_cream_240429.jpg, sm-l305_005_side_cream_240429.jpg, sm-l305_006_front3_cream_240429.jpg, galaxy-watch7_lifestyle-kv_sleep_2p_rgb_240513.jpg",5,5
905,שעון חכם Samsung Galaxy Watch 7 LTE 40mm - Cream,"sm-l300_002_front2_cream_240429.jpg, sm-l300_001_front_cream_240429.jpg, sm-l305_005_side_cream_240429.jpg, sm-l305_006_front3_cream_240429.jpg, galaxy-watch7_lifestyle-kv_sleep_2p_rgb_240513.jpg",5,5
906,שעון חכם Samsung Galaxy Watch 7 BT 40mm,"sm-l300_001_front_cream_240429.jpg, sm-l300_002_front2_cream_240429.jpg, sm-l305_005_side_cream_240429.jpg, sm-l305_006_front3_cream_240429.jpg, sm-l300_001_front_green_240429.jpg, sm-l300_002_front2_green_240429.jpg, sm-l305_005_side_green_240429.jpg, sm-l305_006_front3_green_240429.jpg, galaxy-watch-ultra_lifestyle-kv_rock-climbing_1p_rgb_240523.jpg, galaxy-watch7_lifestyle-kv_sleep_2p_rgb_240513.jpg",10,10
907,שעון חכם Samsung Galaxy Watch 7 BT 40mm - Cream,sm-l300_002_front2_cream_240429.jpg,1,1
908,שעון חכם Samsung Galaxy Watch 7 BT 40mm - Green,sm-l300_002_front2_green_240429.jpg,1,1
909,שעון חכם Samsung Galaxy Watch 7 LTE 44mm,"sm-l310_001_front_silver_240429.jpg, sm-l310_002_front2_silver_240429.jpg, sm-l310_003_l-perspective_silver_240429.jpg, sm-l310_004_dynamic_silver_240429.jpg, sm-l310_005_side_silver_240429.jpg, sm-l310_006_front3_silver_240429.jpg, galaxy-watch-ultra_lifestyle-kv_rock-climbing_1p_rgb_240523.jpg, galaxy-watch7_lifestyle-kv_sleep_2p_rgb_240513.jpg",8,8
910,שעון חכם Samsung Galaxy Watch 7 LTE 44mm - Cream,"sm-l310_001_front_silver_240429.jpg, sm-l310_002_front2_silver_240429.jpg, sm-l310_003_l-perspective_silver_240429.jpg, sm-l310_004_dynamic_silver_240429.jpg, sm-l310_005_side_silver_240429.jpg, sm-l310_006_front3_silver_240429.jpg, galaxy-watch-ultra_lifestyle-kv_rock-climbing_1p_rgb_240523.jpg, galaxy-watch7_lifestyle-kv_sleep_2p_rgb_240513.jpg",8,8
911,Re-New | טלפון סלולרי iPhone 13 Pro 128GB,"iphone_13_pro_graphite_pdp_image_position-2__wwen.jpg, iphone_13_pro_gold_pdp_image_position-2__wwen.jpg",2,2
912,iPhone 13 Pro 128GB Silver,iphone_13_pro_silver_pdp_image_position-1a__wwen.jpg,1,1
913,iPhone 13 Pro 128GB Sierra Blue,iphone_13_pro_sierra_blue_pdp_image_position-1a__wwen.jpg,1,1
914,iPhone 13 Pro 128GB Gold,iphone_13_pro_gold_pdp_image_position-2__wwen.jpg,1,1
915,iPhone 13 Pro 128GB Graphite,iphone_13_pro_graphite_pdp_image_position-1a__wwen.jpg,1,1
916,iPhone 13 Pro 128GB Alpine Green,iphone-13-pro-green-select.png,1,1
917,Re-New | טלפון סלולרי iPhone 13 Pro 256GB,"iphone_12_black_hero_2-up_cropped_print__usen.tif, iphone_12_blue_hero_2-up_cropped_print__usen.tif, iphone_12_hero_5-up_red_print__wwen.tif, iphone_12_lineup_print__wwen.tif",4,4
918,iPhone 13  PRO 256GB silver,iphone_13_pro_silver_pdp_image_position-1a__wwen.jpg,1,1
919,iPhone 13  PRO 256GB Blue,iphone_13_pro_sierra_blue_pdp_image_position-1a__wwen.jpg,1,1
920,iPhone 13  PRO 256GB Gold,iphone_13_pro_max_gold_pdp_image_position-1a__wwen.jpg,1,1
921,iPhone 13  PRO 256GB graphite grey,iphone_13_pro_graphite_pdp_image_position-1a__wwen.jpg,1,1
922,Re-New | טלפון סלולרי iPhone 13 256GB,"iphone_13_blue_pdp_image_position-2__wwen.jpg, iphone_13_midnight_pdp_image_position-2__wwen.jpg, iphone_13_productred_pdp_image_position-2__wwen.jpg, iphone_13_starlight_pdp_image_position-2__wwen.jpg, iphone_13_pink_pdp_image_position-2__wwen.jpg",5,5
923,iPhone 13 256GB Blue,iphone_13_blue_pdp_image_position-1a__wwen.jpg,1,1
924,iPhone 13 256GB Pink,iphone_13_pink_pdp_image_position-1a__wwen.jpg,1,1
925,iPhone 13 256GB White,iphone_13_starlight_pdp_image_position-1a__wwen.jpg,1,1
926,iPhone 13 256GB Black,iphone_13_midnight_pdp_image_position-1a__wwen.jpg,1,1
927,Re-New | טלפון סלולרי iPhone 14 128GB,"iphone_14_midnight_pdp_image_position-2__en-us.png, iphone_14_midnight_pdp_image_position-3__en-us.png, iphone_14_blue_pdp_image_position-3__en-us.png, iphone_14_productred_pdp_image_position-2__en-us.png, iphone_14_productred_pdp_image_position-3__en-us.png, iphone_14_purple_pdp_image_position-3__en-us.png, iphone_14_purple_pdp_image_position-2__en-us.png, iphone_14_starlight_pdp_image_position-2__en-us.png, iphone_14_starlight_pdp_image_position-3__en-us.png",11,9
929,iPhone 14 128GB Blue,iphone_14_blue_pdp_image_position-1a__en-us.png,1,1
931,iPhone 14 128GB Starlight,iphone_14_starlight_pdp_image_position-1a__en-us.png,1,1
932,Re-New | טלפון סלולרי iPhone 14 Pro Max 128GB,"iphone_14_pro_max_space_black_pdp_image_position-1a__en-us.png, iphone_14_pro_max_space_black_pdp_image_position-2__en-us.png, iphone_14_pro_max_space_black_pdp_image_position-3__en-us.png, iphone_14_pro_max_silver_pdp_image_position-2__en-us.png, iphone_14_pro_max_silver_pdp_image_position-3__en-us.png, iphone_14_pro_max_gold_pdp_image_position-2__en-us.png, iphone_14_pro_max_deep_purple_pdp_image_position-3__en-us.png, iphone_14_pro_max_deep_purple_pdp_image_position-2__en-us.png",9,8
933,iPhone 14 Pro Max 128GB Space Black,iphone_14_pro_max_space_black_pdp_image_position-1a__en-us.png,1,1
934,iPhone 14 Pro Max 128GB Silver,iphone_14_pro_max_silver_pdp_image_position-1a__en-us.png,1,1
935,iPhone 14 Pro Max 128GB Gold,iphone_14_pro_max_gold_pdp_image_position-1a__en-us.png,1,1
936,Re-New | טלפון סלולרי iPhone 14 Pro Max 256GB,"iphone_14_pro_max_space_black_pdp_image_position-1a__en-us.png, iphone_14_pro_max_space_black_pdp_image_position-2__en-us.png, iphone_14_pro_max_space_black_pdp_image_position-3__en-us.png, iphone_14_pro_max_silver_pdp_image_position-2__en-us.png, iphone_14_pro_max_silver_pdp_image_position-3__en-us.png, iphone_14_pro_max_gold_pdp_image_position-2__en-us.png, iphone_14_pro_max_deep_purple_pdp_image_position-3__en-us.png, iphone_14_pro_max_deep_purple_pdp_image_position-2__en-us.png",9,8
937,iPhone 14 Pro Max 256GB Space Black,iphone_14_pro_max_space_black_pdp_image_position-1a__en-us.png,1,1
939,iPhone 14 Pro Max 256GB Silver,iphone_14_pro_max_silver_pdp_image_position-1a__en-us.png,1,1
940,iPhone 14 Pro Max 256GB Gold,iphone_14_pro_max_gold_pdp_image_position-1a__en-us.png,1,1
947,Re-new | טלפון סלולרי Samsung Galaxy S22 Ultra 5G 512GB,"sm-s908_galaxys22ultra_front_phantomblack_211119.png, sm-s908_galaxys22ultra_deviceback_phantomblack_211119.png",2,2
948,samsung galaxy s22 Ultra black,sm-s908_galaxys22ultra_front_phantomblack_211119.png,1,1
949,samsung galaxy s22 Ultra white,sm-s908_galaxys22ultra_front_phantomwhite_211119.png,1,1
958,קונסולת משחק Nintendo Switch OLED 32GB - מהדורת Mario Kart Deluxe 8 עם מנוי שנתי,"mario7.png, mario8.png",2,2
959,קונסולת משחק Nintendo Switch OLED 32GB - מהדורת Mario Kart Deluxe 8 עם מנוי שנתי,"mario7.png, mario8.png",2,2
960,מצלמת רכב חכמה דו-כיוונית 70mai Dash Cam A510-1,"70mai-dash-cam-a510-1-_1.jpg, 70mai-dash-cam-a510-1-_8.jpg",2,2
961,Black,"70mai-dash-cam-a510-1-_1.jpg, 70mai-dash-cam-a510-1-_8.jpg",2,2
962,מצלמת רכב 4K-HDR חכמה דו-כיוונית 70mai Dash Cam A810-2,"70mai-dash-cam-a810_1.jpg, 170mai-dash-cam-a800s-1_8.jpg, 70mai-dash-cam-a810_.jpg, 70mai-dash-cam-a810_2.jpg, 70mai-dash-cam-a810_4.jpg, 70mai-dash-cam-a810_3.jpg, 70mai-dash-cam-a810_6.jpg, 70mai-dash-cam-a810_7.jpg, 170mai-dash-cam-a800s-1_1.jpg, 70mai-dash-cam-a810_8.jpg",10,10
963,Black,"70mai-dash-cam-a810_1.jpg, 170mai-dash-cam-a800s-1_8.jpg, 70mai-dash-cam-a810_.jpg, 70mai-dash-cam-a810_2.jpg, 70mai-dash-cam-a810_4.jpg, 70mai-dash-cam-a810_3.jpg, 70mai-dash-cam-a810_6.jpg, 70mai-dash-cam-a810_7.jpg, 170mai-dash-cam-a800s-1_1.jpg, 70mai-dash-cam-a810_8.jpg",10,10
964,Re-new | טלפון סלולרי Samsung Galaxy S22 Ultra 5G 256GB,"sm-s908_galaxys22ultra_front_phantomwhite_211119.png, sm-s908_galaxys22ultra_devicepenback_phantomwhite_211119.png, sm-s908_galaxys22ultra_deviceback_phantomwhite_211119.png, sm-s908_galaxys22ultra_front_phantomblack_211119.png, sm-s908_galaxys22ultra_deviceback_phantomblack_211119.png",5,5
965,samsung galaxy s22 Ultra black,sm-s908_galaxys22ultra_front_phantomblack_211119.png,1,1
966,samsung galaxy s22 Ultra white,sm-s908_galaxys22ultra_front_phantomwhite_211119.png,1,1
967,samsung galaxy s22 Green,sm-s908_galaxys22ultra_front_green_211119.png,1,1
968,samsung galaxy s22 Ultra Burgundy,sm-s908_galaxys22ultra_front_burgundy_211119.png,1,1
969,שואב אבק שוטף רובוטי משולב שיאומי דגם Xiaomi Robot Vacuum X20 Max,"xiaomi-robot-vacuum-x20-max_1.jpg, xiaomi-robot-vacuum-x20-max_5.jpg, xiaomi-robot-vacuum-x20-max_2.jpg, xiaomi-robot-vacuum-x20-max_3.jpg, xiaomi-robot-vacuum-x20-max_4.jpg",5,5
970,שואב אבק שוטף רובוטי משולב שיאומי דגם Xiaomi Robot Vacuum X20 Max,"xiaomi-robot-vacuum-x20-max_1.jpg, xiaomi-robot-vacuum-x20-max_5.jpg, xiaomi-robot-vacuum-x20-max_2.jpg, xiaomi-robot-vacuum-x20-max_3.jpg, xiaomi-robot-vacuum-x20-max_4.jpg",5,5
971,שואב אבק שוטף רובוטי שיאומי דגם Xiaomi Robot Vacuum S20,"xiaomi-robot-vacuum-s20_81114_81115_white_3.jpg, xiaomi-robot-vacuum-s20_81114_81115_white.jpg, xiaomi-robot-vacuum-s20_81114_81115_white_2.jpg, xiaomi-robot-vacuum-s20_81114_81115_white_4.jpg, xiaomi-robot-vacuum-s20_81114_81115_white_5.jpg, xiaomi-robot-vacuum-s20_81114_81115_black.jpg, xiaomi-robot-vacuum-s20_81114_81115_black_2.jpg, xiaomi-robot-vacuum-s20_81114_81115_black_3.jpg, xiaomi-robot-vacuum-s20_81114_81115_black_4.jpg, xiaomi-robot-vacuum-s20_81114_81115_black_5.jpg",10,10
972,שחור,xiaomi-robot-vacuum-s20_81114_81115_black_3.jpg,1,1
973,לבן,xiaomi-robot-vacuum-s20_81114_81115_white_3.jpg,1,1
974,שואב אבק שוטף רובוטי שיאומי דגם Xiaomi Robot Vacuum S20 Plus,"xiaomi-robot-vacuum-s20-_81116_81117_white_3.jpg, xiaomi-robot-vacuum-s20-_81116_81117_white.jpg, xiaomi-robot-vacuum-s20-_81116_81117_white_2.jpg, xiaomi-robot-vacuum-s20-_81116_81117_white_4.jpg, xiaomi-robot-vacuum-s20-_81116_81117_black.jpg, xiaomi-robot-vacuum-s20-_81116_81117_black_2.jpg, xiaomi-robot-vacuum-s20-_81116_81117_black_3.jpg, xiaomi-robot-vacuum-s20-_81116_81117_black_4.jpg",8,8
975,שחור,xiaomi-robot-vacuum-s20-_81116_81117_black_3.jpg,1,1
976,לבן,xiaomi-robot-vacuum-s20-_81116_81117_white_3.jpg,1,1
977,שואב אבק אלחוטי נטען דגם Xiaomi Vacuum Cleaner G20 Max,"xiaomi-vacuum-cleaner-g20-max_1.jpg, xiaomi-vacuum-cleaner-g20-max_2-copy.jpg, xiaomi-vacuum-cleaner-g20-max_2.jpg, xiaomi-vacuum-cleaner-g20-max_3-copy.jpg, xiaomi-vacuum-cleaner-g20-max_3.jpg, xiaomi-vacuum-cleaner-g20-max_4-copy.jpg, xiaomi-vacuum-cleaner-g20-max_4.jpg, xiaomi-vacuum-cleaner-g20-max_5-copy.jpg, xiaomi-vacuum-cleaner-g20-max_5.jpg, xiaomi-vacuum-cleaner-g20-max_6.jpg, xiaomi-vacuum-cleaner-g20-max_7.jpg, xiaomi-vacuum-cleaner-g20-max_8.jpg, xiaomi-vacuum-cleaner-g20-max_9.jpg, xiaomi-vacuum-cleaner-g20-max_1-copy.jpg",14,14
978,שואב שוטף אלחוטי נטען שיאומי Xiaomi Truclean W20 Wet Dry Vacuum,"xiaomi-vacuum-cleaner-g20-max_1.jpg, xiaomi-vacuum-cleaner-g20-max_2-copy.jpg, xiaomi-vacuum-cleaner-g20-max_2.jpg, xiaomi-vacuum-cleaner-g20-max_3-copy.jpg, xiaomi-vacuum-cleaner-g20-max_3.jpg, xiaomi-vacuum-cleaner-g20-max_4-copy.jpg, xiaomi-vacuum-cleaner-g20-max_4.jpg, xiaomi-vacuum-cleaner-g20-max_5-copy.jpg, xiaomi-vacuum-cleaner-g20-max_5.jpg, xiaomi-vacuum-cleaner-g20-max_6.jpg, xiaomi-vacuum-cleaner-g20-max_7.jpg, xiaomi-vacuum-cleaner-g20-max_8.jpg, xiaomi-vacuum-cleaner-g20-max_9.jpg, xiaomi-vacuum-cleaner-g20-max_1-copy.jpg",14,14
979,טלפון סלולרי Samsung Galaxy A26 5G 128GB,"sm-a266_galaxy-a26-5g_black_front2.jpg, sm-a266_galaxy-a26-5g_black_back-l30.jpg, sm-a266_galaxy-a26-5g_black_back-r30.jpg, sm-a266_galaxy-a26-5g_black_back.jpg, sm-a266_galaxy-a26-5g_black_front-l30.jpg, sm-a266_galaxy-a26-5g_black_front-r30.jpg, sm-a266_galaxy-a26-5g_black_front.jpg, sm-a266_galaxy-a26-5g_white_back-l30.jpg, sm-a266_galaxy-a26-5g_white_back-r30.jpg, sm-a266_galaxy-a26-5g_white_back.jpg, sm-a266_galaxy-a26-5g_white_front-l30.jpg, sm-a266_galaxy-a26-5g_white_front-r30.jpg, sm-a266_galaxy-a26-5g_white_front.jpg, sm-a266_galaxy-a26-5g_white_front2.jpg, sm-a266_galaxy-a26-5g_peach-pink_front2.png, sm-a266_galaxy-a26-5g_peach-pink_back.png, sm-a266_galaxy-a26-5g_peach-pink_front.png",17,17
980,Samsung Galaxy A26 Black,sm-a266_galaxy-a26-5g_black_front.jpg,1,1
981,Samsung Galaxy A26 White,sm-a266_galaxy-a26-5g_white_front.jpg,1,1
982,Samsung Galaxy A26 Pink,sm-a266_galaxy-a26-5g_peach-pink_front.png,1,1
983,טלפון סלולרי Samsung Galaxy A36 5G 128GB,"sm-a366_galaxy-a36-5g_awesome-black_front.jpg, sm-a366_galaxy-a36-5g_awesome-black_back-l30.jpg, sm-a366_galaxy-a36-5g_awesome-black_back-r30.jpg, sm-a366_galaxy-a36-5g_awesome-black_back.jpg, sm-a366_galaxy-a36-5g_awesome-black_front-l30.jpg, sm-a366_galaxy-a36-5g_awesome-black_front-r30.jpg, sm-a366_galaxy-a36-5g_awesome-black_front2.jpg, sm-a366_galaxy-a36-5g_awesome-lavender_back-l30.jpg, sm-a366_galaxy-a36-5g_awesome-lavender_back-r30.jpg, sm-a366_galaxy-a36-5g_awesome-lavender_back.jpg, sm-a366_galaxy-a36-5g_awesome-lavender_front-l30.jpg, sm-a366_galaxy-a36-5g_awesome-lavender_front-r30.jpg, sm-a366_galaxy-a36-5g_awesome-lavender_front.jpg, sm-a366_galaxy-a36-5g_awesome-lavender_front2.jpg, sm-a366_galaxy-a36-5g_awesome-lime_back-l30.jpg, sm-a366_galaxy-a36-5g_awesome-lime_back-r30.jpg, sm-a366_galaxy-a36-5g_awesome-lime_back.jpg, sm-a366_galaxy-a36-5g_awesome-lime_front-l30.jpg, sm-a366_galaxy-a36-5g_awesome-lime_front-r30.jpg, sm-a366_galaxy-a36-5g_awesome-lime_front.jpg, sm-a366_galaxy-a36-5g_awesome-lime_front2.jpg, sm-a366_galaxy-a36-5g_awesome-white_back-l30.jpg, sm-a366_galaxy-a36-5g_awesome-white_back-r30.jpg, sm-a366_galaxy-a36-5g_awesome-white_back.jpg, sm-a366_galaxy-a36-5g_awesome-white_front-l30.jpg, sm-a366_galaxy-a36-5g_awesome-white_front-r30.jpg, sm-a366_galaxy-a36-5g_awesome-white_front.jpg, sm-a366_galaxy-a36-5g_awesome-white_front2.jpg",28,28
984,Samsung Galaxy A36 - Light Green,sm-a366_galaxy-a36-5g_awesome-lime_front.jpg,1,1
985,Samsung Galaxy A36 - Black,sm-a366_galaxy-a36-5g_awesome-black_front.jpg,1,1
986,Samsung Galaxy A36 - Light Violet,sm-a366_galaxy-a36-5g_awesome-lavender_front.jpg,1,1
987,טלפון סלולרי Samsung Galaxy A56 5G 128GB,"sm-a566_galaxy-a56-5g_awesome-graphite_front.jpg, sm-a566_galaxy-a56-5g_awesome-graphite_back-l30.jpg, sm-a566_galaxy-a56-5g_awesome-graphite_back-r30.jpg, sm-a566_galaxy-a56-5g_awesome-graphite_back.jpg, sm-a566_galaxy-a56-5g_awesome-graphite_front-l30.jpg, sm-a566_galaxy-a56-5g_awesome-graphite_front-r30.jpg, sm-a566_galaxy-a56-5g_awesome-graphite_front2.jpg, sm-a566_galaxy-a56-5g_awesome-lightgray_back-l30.jpg, sm-a566_galaxy-a56-5g_awesome-lightgray_back-r30.jpg, sm-a566_galaxy-a56-5g_awesome-lightgray_back.jpg, sm-a566_galaxy-a56-5g_awesome-lightgray_front-l30.jpg, sm-a566_galaxy-a56-5g_awesome-lightgray_front-r30.jpg, sm-a566_galaxy-a56-5g_awesome-lightgray_front.jpg, sm-a566_galaxy-a56-5g_awesome-lightgray_front2.jpg, sm-a566_galaxy-a56-5g_awesome-olive_back-l30.jpg, sm-a566_galaxy-a56-5g_awesome-olive_back-r30.jpg, sm-a566_galaxy-a56-5g_awesome-olive_back.jpg, sm-a566_galaxy-a56-5g_awesome-olive_front-l30.jpg, sm-a566_galaxy-a56-5g_awesome-olive_front-r30.jpg, sm-a566_galaxy-a56-5g_awesome-olive_front.jpg, sm-a566_galaxy-a56-5g_awesome-olive_front2.jpg, sm-a566_galaxy-a56-5g_awesome-pink_back-l30.jpg, sm-a566_galaxy-a56-5g_awesome-pink_back-r30.jpg, sm-a566_galaxy-a56-5g_awesome-pink_back.jpg, sm-a566_galaxy-a56-5g_awesome-pink_front-l30.jpg, sm-a566_galaxy-a56-5g_awesome-pink_front-r30.jpg, sm-a566_galaxy-a56-5g_awesome-pink_front.jpg, sm-a566_galaxy-a56-5g_awesome-pink_front2.jpg",28,28
988,Samsung Galaxy A56 - Black,sm-a566_galaxy-a56-5g_awesome-graphite_front.jpg,1,1
989,Samsung Galaxy A56 - GREEN,sm-a566_galaxy-a56-5g_awesome-olive_front.jpg,1,1
990,Samsung Galaxy A56 - Light Pink,sm-a566_galaxy-a56-5g_awesome-pink_front.jpg,1,1
991,טלפון סלולרי Samsung Galaxy A56 5G 256GB,"sm-a566_galaxy-a56-5g_awesome-graphite_front.jpg, sm-a566_galaxy-a56-5g_awesome-graphite_back-l30.jpg, sm-a566_galaxy-a56-5g_awesome-graphite_back-r30.jpg, sm-a566_galaxy-a56-5g_awesome-graphite_back.jpg, sm-a566_galaxy-a56-5g_awesome-graphite_front-l30.jpg, sm-a566_galaxy-a56-5g_awesome-graphite_front-r30.jpg, sm-a566_galaxy-a56-5g_awesome-graphite_front2.jpg, sm-a566_galaxy-a56-5g_awesome-lightgray_back-l30.jpg, sm-a566_galaxy-a56-5g_awesome-lightgray_back-r30.jpg, sm-a566_galaxy-a56-5g_awesome-lightgray_back.jpg, sm-a566_galaxy-a56-5g_awesome-lightgray_front-l30.jpg, sm-a566_galaxy-a56-5g_awesome-lightgray_front-r30.jpg, sm-a566_galaxy-a56-5g_awesome-lightgray_front.jpg, sm-a566_galaxy-a56-5g_awesome-lightgray_front2.jpg, sm-a566_galaxy-a56-5g_awesome-olive_back-l30.jpg, sm-a566_galaxy-a56-5g_awesome-olive_back-r30.jpg, sm-a566_galaxy-a56-5g_awesome-olive_back.jpg, sm-a566_galaxy-a56-5g_awesome-olive_front-l30.jpg, sm-a566_galaxy-a56-5g_awesome-olive_front-r30.jpg, sm-a566_galaxy-a56-5g_awesome-olive_front.jpg, sm-a566_galaxy-a56-5g_awesome-olive_front2.jpg, sm-a566_galaxy-a56-5g_awesome-pink_back-l30.jpg, sm-a566_galaxy-a56-5g_awesome-pink_back-r30.jpg, sm-a566_galaxy-a56-5g_awesome-pink_back.jpg, sm-a566_galaxy-a56-5g_awesome-pink_front-l30.jpg, sm-a566_galaxy-a56-5g_awesome-pink_front-r30.jpg, sm-a566_galaxy-a56-5g_awesome-pink_front.jpg, sm-a566_galaxy-a56-5g_awesome-pink_front2.jpg",28,28
992,Samsung Galaxy A56 - Black,sm-a566_galaxy-a56-5g_awesome-graphite_front.jpg,1,1
993,Samsung Galaxy A56 - GREEN,sm-a566_galaxy-a56-5g_awesome-olive_front.jpg,1,1
994,Samsung Galaxy A56 - Light Pink,sm-a566_galaxy-a56-5g_awesome-pink_front.jpg,1,1
995,iPad Air 13 M3 2025 Cellular,"air-24.jpg, air-24-2.jpg, ipad_air_m2_chip_cellular_hero_vertical_cmyk_hi-res__usen.jpg, ipad_air_13-inch_m2_chip_wi-fi_magic_keyboard_apple_pencil_pro_pure_front_cmyk_hi-res__usen.jpg",4,4
996,128GB S-98184,"air-24.jpg, air-24-2.jpg, ipad_air_m2_chip_cellular_hero_vertical_cmyk_hi-res__usen.jpg, ipad_air_13-inch_m2_chip_wi-fi_magic_keyboard_apple_pencil_pro_pure_front_cmyk_hi-res__usen.jpg",4,4
997,256GB S-98185,"air-24.jpg, air-24-2.jpg, ipad_air_m2_chip_cellular_hero_vertical_cmyk_hi-res__usen.jpg, ipad_air_13-inch_m2_chip_wi-fi_magic_keyboard_apple_pencil_pro_pure_front_cmyk_hi-res__usen.jpg",4,4
998,iPad Air 13 M3 2025 WiFi,"air-24.jpg, air-24-2.jpg, ipad_air_m2_chip_cellular_hero_vertical_cmyk_hi-res__usen.jpg, ipad_air_13-inch_m2_chip_wi-fi_magic_keyboard_apple_pencil_pro_pure_front_cmyk_hi-res__usen.jpg",4,4
999,128GB S-98186,"air-24.jpg, air-24-2.jpg, ipad_air_m2_chip_cellular_hero_vertical_cmyk_hi-res__usen.jpg, ipad_air_13-inch_m2_chip_wi-fi_magic_keyboard_apple_pencil_pro_pure_front_cmyk_hi-res__usen.jpg",4,4
1000,256GB S-98187,"air-24.jpg, air-24-2.jpg, ipad_air_m2_chip_cellular_hero_vertical_cmyk_hi-res__usen.jpg, ipad_air_13-inch_m2_chip_wi-fi_magic_keyboard_apple_pencil_pro_pure_front_cmyk_hi-res__usen.jpg",4,4
1001,iPad Air 11 M3 2025 Cellular,"air-24.jpg, air-24-2.jpg, ipad_air_m2_chip_cellular_hero_vertical_cmyk_hi-res__usen.jpg, ipad_air_13-inch_m2_chip_wi-fi_magic_keyboard_apple_pencil_pro_pure_front_cmyk_hi-res__usen.jpg",4,4
1002,128GB S-98182,"air-24.jpg, air-24-2.jpg, ipad_air_m2_chip_cellular_hero_vertical_cmyk_hi-res__usen.jpg, ipad_air_13-inch_m2_chip_wi-fi_magic_keyboard_apple_pencil_pro_pure_front_cmyk_hi-res__usen.jpg",4,4
1003,256GB - S-98183,"air-24.jpg, air-24-2.jpg, ipad_air_m2_chip_cellular_hero_vertical_cmyk_hi-res__usen.jpg, ipad_air_13-inch_m2_chip_wi-fi_magic_keyboard_apple_pencil_pro_pure_front_cmyk_hi-res__usen.jpg",4,4
1004,iPad Air 11 M3 2025 WiFi,"air-24.jpg, air-24-2.jpg, ipad_air_m2_chip_cellular_hero_vertical_cmyk_hi-res__usen.jpg, ipad_air_13-inch_m2_chip_wi-fi_magic_keyboard_apple_pencil_pro_pure_front_cmyk_hi-res__usen.jpg",4,4
1005,128GB S-98180,"air-24.jpg, air-24-2.jpg, ipad_air_m2_chip_cellular_hero_vertical_cmyk_hi-res__usen.jpg, ipad_air_13-inch_m2_chip_wi-fi_magic_keyboard_apple_pencil_pro_pure_front_cmyk_hi-res__usen.jpg",4,4
1006,256GB S-98181,"air-24.jpg, air-24-2.jpg, ipad_air_m2_chip_cellular_hero_vertical_cmyk_hi-res__usen.jpg, ipad_air_13-inch_m2_chip_wi-fi_magic_keyboard_apple_pencil_pro_pure_front_cmyk_hi-res__usen.jpg",4,4
1007,"iPad 11"" (A16) 2025 Wi-Fi","ipad_a16_cellular_silver_pdp_image_position_1__wwen.png, ipad_a16_cellular_silver_pdp_image_position_2__wwen.png, ipad_a16_cellular_silver_pdp_image_position_4__wwen.png, ipad_a16_cellular_silver_pdp_image_position_7__wwen.png",5,4
1008,128GB S-98176,"ipad_a16_cellular_silver_pdp_image_position_1__wwen.png, ipad_a16_cellular_silver_pdp_image_position_2__wwen.png, ipad_a16_cellular_silver_pdp_image_position_4__wwen.png, ipad_a16_cellular_silver_pdp_image_position_7__wwen.png",5,4
1009,"iPad 11"" (A16) 2025 Cellular","ipad_a16_cellular_silver_pdp_image_position_1__wwen.png, ipad_a16_cellular_silver_pdp_image_position_2__wwen.png, ipad_a16_cellular_silver_pdp_image_position_4__wwen.png, ipad_a16_cellular_silver_pdp_image_position_7__wwen.png",5,4
1010,128GB S-98178,"ipad_a16_cellular_silver_pdp_image_position_1__wwen.png, ipad_a16_cellular_silver_pdp_image_position_2__wwen.png, ipad_a16_cellular_silver_pdp_image_position_4__wwen.png, ipad_a16_cellular_silver_pdp_image_position_7__wwen.png",5,4
1011,קונסולה Sony PlayStation 5 Slim 1TB Blu-Ray Edition כולל שובר למשחק Astro Bot,"br1.png, br2.png",2,2
1012,קונסולה Sony PlayStation 5 Slim 1TB Blu-Ray Edition כולל שובר למשחק Astro Bot,"br1.png, br2.png",2,2
1013,קונסולה Sony PlayStation 5 Slim 1TB Digital Edition כולל שובר למשחק Astro Bot,de1.png,2,1
1014,קונסולה Sony PlayStation 5 Slim 1TB Digital Edition כולל שובר למשחק Astro Bot,de1.png,2,1
1016,שעון ספורט חכם שיאומי דגם Redmi Watch 5 Lite,"fb67dfb7-7bfb-462b-aefa-deab9b15787f.jpg, 8.jpg, 6.jpg, 9.jpg, 5.jpg",5,5
1017,BLACK,fb67dfb7-7bfb-462b-aefa-deab9b15787f.jpg,1,1
1018,טלפון סלולרי Xiaomi 15 Ultra 5G 16GB+512GB,"xiaomi-15-ultra_white_1.jpg, xiaomi-15-ultra_silver_4.jpg, xiaomi-15-ultra_silver_5.jpg, xiaomi-15-ultra_silver_6.jpg, xiaomi-15-ultra_silver_7.jpg, xiaomi-15-ultra_white_2.jpg, xiaomi-15-ultra_white_4.jpg, xiaomi-15-ultra_white_5.jpg, xiaomi-15-ultra_white_6.jpg, xiaomi-15-ultra_white_7.jpg, xiaomi-15-ultra_black_2.jpg, xiaomi-15-ultra_black_3.jpg, xiaomi-15-ultra_black_4.jpg, xiaomi-15-ultra_black_5.jpg, xiaomi-15-ultra_black_6.jpg, xiaomi-15-ultra_black_7.jpg, xiaomi-15-ultra_silver_1.jpg, xiaomi-15-ultra_silver_2.jpg, xiaomi-15-ultra_silver_3.jpg",19,19
1019,טלפון סלולרי Xiaomi 15 5G 12GB+512GB,"xiaomi-15-black-2.jpg, xiaomi-15-black-3.jpg, xiaomi-15-black-4.jpg, xiaomi-15-black-5.jpg, xiaomi-15-black-6.jpg, xiaomi-15-white-1.jpg, xiaomi-15-white-2.jpg, xiaomi-15-white-3.jpg, xiaomi-15-white-4.jpg, xiaomi-15-white-5.jpg, xiaomi-15-black-1.jpg",11,11
1020,Black,xiaomi-15-black-2.jpg,1,1
1021,White,xiaomi-15-white-2.jpg,1,1
1022,Amazfit Bip 5 Unity – שעון חכם,"bip-5-unity-black-back-2.png, bip-5-unity-charcoal-深灰.jpg, picture-1-only-for-eu.jpg, picture-1-us.jpg, picture-2.jpg, picture-3-only-for-eu.jpg, picture-4.jpg, picture-4-only-for-eu.jpg, picture-5.jpg, picture-6-us.jpg, picture-6-eu.jpg, picture-7.jpg, bip-5-unity-black-back-1.png, bip-5-unity-black-back-3.png, bip-5-unity-black-back-4.png, bip-5-unity-black-back-5.png, bip-5-unity-black-back-6.png",17,17
1023,dark grey,"bip-5-unity-black-back-2.png, bip-5-unity-charcoal-深灰.jpg, picture-1-only-for-eu.jpg, picture-1-us.jpg, picture-2.jpg, picture-3-only-for-eu.jpg, picture-4.jpg, picture-4-only-for-eu.jpg, picture-5.jpg, picture-6-us.jpg, picture-6-eu.jpg, picture-7.jpg, bip-5-unity-black-back-1.png, bip-5-unity-black-back-3.png, bip-5-unity-black-back-4.png, bip-5-unity-black-back-5.png, bip-5-unity-black-back-6.png",17,17
1024,ערכת רכב – SmartDrive Pro Kit,"a-c.jpg, pumpx-8-pic-web-01.png, untitled-3.jpg",3,3
1025,ערכת רכב – SmartDrive Pro Kit,"a-c.jpg, pumpx-8-pic-web-01.png, untitled-3.jpg",3,3
1026,כבל טעינה מגנטי בהספק 100W – בצבע שחור,"c-c.jpg, a-c.jpg",2,2
1027,A TO C,a-c.jpg,1,1
1028,C TO C,c-c.jpg,1,1
1029,אוזניות קשת soundcore Space One Pro On-Ear,"b961819c-cfb1-40c4-b552-a4d6d20e64f9.jpg, 73209d17-4e97-4386-aafc-76fd35e86d01.jpg, c84ee728-0193-4301-a94d-c5b1b5409ddf.jpg, b78a340d-ab50-4da6-89e1-ce53a472212f.jpg, 0a4c40ee-2d5e-4f0e-a561-e53ad4fd5ce2.jpg, af5c1ec7-dda2-4e23-8a20-d5b177c296ff.jpg, cf2663a0-f896-4326-af1d-eebca623476f.jpg, ecce5fa3-2152-418a-92f6-9919caa65d34.jpg, 2166f4c6-e136-45f2-9305-69af14bb1595.jpg",9,9
1030,Black,b78a340d-ab50-4da6-89e1-ce53a472212f.jpg,1,1
1031,White,2166f4c6-e136-45f2-9305-69af14bb1595.jpg,1,1
1032,אוזניות soundcore Liberty 4 Pro TWS,"b8070273-6125-4fc9-83d1-a27dabb7d871.jpg, 05097a83-c34b-4924-b003-8eb8aea455c5.jpg, 06659170-c9d1-48aa-8789-4e67517ac380.jpg, 58508fb9-be6e-4304-9b2d-7ac701836702.jpg, d06829f2-3317-47f8-bbeb-9e6cfa9600b8.jpg, db3158b1-ab39-48ec-b527-9eaa06d14123.jpg, 5f6842b1-2fcc-41fa-ab4d-21a64359757f.jpg, c11a09e8-8953-484f-8155-25ab830324a5.jpg, 2c8d778e-6c09-40df-8bba-12355b5c7ca1.jpg, 96946c8d-79df-4787-a422-71c697d0a834.jpg",10,10
1033,Black,db3158b1-ab39-48ec-b527-9eaa06d14123.jpg,1,1
1034,Silver,06659170-c9d1-48aa-8789-4e67517ac380.jpg,1,1
1035,אוזניות soundcore P30i TWS,"81037e26-cc70-4ff9-89e1-a4f5ce431743.jpg, 35509c18-7c4e-4236-aec8-d33d6a831c84.jpg, 100e5606-1ee8-43db-8474-21fc2ebcc539.jpg, a899b0e7-07e0-4dbc-83be-6d2558abc369.jpg, 2b4c32a1-c701-47a8-9937-b914363dd21f.jpg, 7958656e-c614-48ef-b50d-00697252ce1e.jpg, 1e01383b-920e-4d8f-b069-0707add2b49d.jpg, e7585c11-503f-4852-b272-441b3057d54f.jpg",8,8
1036,Black,e7585c11-503f-4852-b272-441b3057d54f.jpg,1,1
1037,White,81037e26-cc70-4ff9-89e1-a4f5ce431743.jpg,1,1
1038,Blue,1e01383b-920e-4d8f-b069-0707add2b49d.jpg,1,1
1039,רמקול קומפקטי soundcore Select 4 GO TWS,"f5cc78b8-7f79-4d5e-90be-7acc88044344.jpg, bc8ce0a4-7dde-4192-9975-73626b7340b7.jpg, 6b0a1055-4c8e-46ae-aeaf-d6a217fc890d.jpg, 7fb9e174-97b2-45c8-8ea7-2b66755383b7.jpg, bac241a8-0b83-4ec8-b5e1-474ca20e40c1.jpg, f1847c9a-0641-4dd5-a56a-5a703ab7ee9c.jpg, c38f1826-eef9-446b-a142-8c195d6f331b.jpg, f671d5bb-b7cc-4b85-ae70-b182c0add92d.jpg, 4e1d79d1-dd97-480d-837e-e1468c201af5.jpg, 7cdfc602-5b5f-4c42-9e19-0e923dc26133.jpg, 9d84a979-673e-4fdb-b353-bda8c4a06c4f.jpg, d866fe13-c942-40eb-8016-683fd4f0d24b.jpg, eaa8bff8-aed7-4ea6-b17e-d18ca3d2a96b.jpg, dbbac755-9848-4d6e-9d74-4a072b6d1f51.jpg, 811b9061-bf79-4d9f-9c24-6ead73bccefb.jpg",15,15
1040,Black,f5cc78b8-7f79-4d5e-90be-7acc88044344.jpg,1,1
1041,White,eaa8bff8-aed7-4ea6-b17e-d18ca3d2a96b.jpg,1,1
1042,Blue,9d84a979-673e-4fdb-b353-bda8c4a06c4f.jpg,1,1
1043,Purple,dbbac755-9848-4d6e-9d74-4a072b6d1f51.jpg,1,1
1044,Gold,d866fe13-c942-40eb-8016-683fd4f0d24b.jpg,1,1
1045,ערכת 2 מצלמות חכמות 2K + רכזת eufy Security eufyCam 2C Pro Kit,"3999fa55-c85d-4a29-98af-be55713000a5.jpg, 20298487-bfc3-4f33-ae0c-1f4634e127a4.jpg, c703839c-52ab-4f18-9801-7bed5b620ecc.jpg, ee3f584c-2ab5-4536-9475-12f0ec8f61f1.jpg, 3b196ec1-4e0c-4dc7-9c7d-4be2a21a3cce.jpg, d253f3f4-c664-4d00-aebf-fdab0eb97fb5.jpg",6,6
1046,Black,3999fa55-c85d-4a29-98af-be55713000a5.jpg,1,1
1047,ערכת 2 מצלמות חכמות 4K + רכזת eufy Security S330 Kit,"37dcd2bb-0e07-41f3-9e4d-01e5d72bc0b2.jpg, ec315b71-e7cd-46f4-ab38-93f614478fdf.jpg, 80df2aa3-a427-45b2-8533-fdff0c6111e3.jpg, a999861a-1a66-4ba7-9384-c4dfced80481.jpg, ba5bacd3-2f9a-40a1-9858-90dff135d118.jpg, b718b11b-cb14-4ed6-b406-a0d1e1b18314.jpg, ed967ee7-017b-4606-a9ec-d8c049ac5261.jpg",7,7
1048,Black,37dcd2bb-0e07-41f3-9e4d-01e5d72bc0b2.jpg,1,1
1049,נתב נייד ZTE 5G U50,"zte.png, zte-2.png",2,2
1050,Product S-98737,"zte.png, zte-2.png",2,2
1051,מודם סלולרי ZTE F30 Pro Wi-Fi 6,"zte.png, zte-2.png, zte3.png, zte-4.png",4,4
1052,Product S-98738,"zte.png, zte-2.png, zte3.png, zte-4.png",4,4
1053,שואב אבק ושוטף רובוטי Dreame L20 Ultra,"l20.png, l20-1.png, l20-3.png, l20-2.png",4,4
1054,שולחן חכם מתכוונן SMARTER – לבן עם משטח עץ אלון,"smarter1.png, smarter5.png, smarter4.png, smarter3.png, smarter2.png",5,5
1055,Re-New | טלפון סלולרי iPhone 14 256GB,"iphone_14_midnight_pdp_image_position-2__en-us.png, iphone_14_midnight_pdp_image_position-3__en-us.png, iphone_14_blue_pdp_image_position-3__en-us.png, iphone_14_productred_pdp_image_position-2__en-us.png, iphone_14_productred_pdp_image_position-3__en-us.png, iphone_14_purple_pdp_image_position-3__en-us.png, iphone_14_purple_pdp_image_position-2__en-us.png, iphone_14_starlight_pdp_image_position-2__en-us.png, iphone_14_starlight_pdp_image_position-3__en-us.png",11,9
1057,iPhone 14 128GB Blue,iphone_14_blue_pdp_image_position-1a__en-us.png,1,1
1058,iPhone 14 256GB Starlight,iphone_14_starlight_pdp_image_position-1a__en-us.png,1,1
1059,Re-New | טלפון סלולרי iPhone 14 Pro 128GB,"iphone_14_pro_silver_pdp_image_position-1a__en-us.png, iphone_14_pro_silver_pdp_image_position-2__en-us.png, iphone_14_pro_silver_pdp_image_position-3__en-us.png",3,3
1060,כסף,"iphone_14_pro_silver_pdp_image_position-1a__en-us.png, iphone_14_pro_silver_pdp_image_position-2__en-us.png, iphone_14_pro_silver_pdp_image_position-3__en-us.png",3,3
1061,iPhone 14 Pro 256GB Gold,iphone_14_pro_gold_pdp_image_position-1a__en-us.png,1,1
1065,Re-new | טלפון סלולרי Samsung Galaxy S22 Plus 5G 256GB,"sm-s906_galaxys22plus_front_phantomblack_211122.png, sm-s901_galaxys22_front2_pinkgold_211122.png, sm-s906_galaxys22plus_front_phantomwhite_211122.png, sm-s906_galaxys22plus_front_pinkgold_211122.png, sm-s906_galaxys22plus_back_green_211119.png, sm-s906_galaxys22plus_back_phantomblack_211122.png, sm-s906_galaxys22plus_back_phantomwhite_211122.png, sm-s906_galaxys22plus_back_pinkgold_211122.png, sm-s906_galaxys22plus_front_green_211119.png",10,9
1066,samsung galaxy s22 Plus white,sm-s906_galaxys22plus_front_phantomwhite_211122.png,1,1
1067,samsung galaxy s22 Plus Black,sm-s906_galaxys22plus_front_phantomblack_211122.png,1,1
1071,כיסוי + ראש מטען 25W מבית סמסונג לסדרת A החדשה,300x300.png,2,1
1072,A26,300x300.png,2,1
1073,A36,300x300.png,2,1
1074,A56,300x300.png,2,1
1075,סטרימר 4K Ultra HD דגם Xiaomi TV Box S 3rd Gen,"1.jpg, 6.jpg, 5.jpg, 4.jpg, 3.jpg, 2.jpg",6,6
1076,Product,"1.jpg, 6.jpg, 5.jpg, 4.jpg, 3.jpg, 2.jpg",6,6
1077,אוזניות TWS שיאומי דגם Redmi Buds 6,"redmi-buds-6-coral-green_1.jpg, redmi-buds-6-coral-green_2.jpg, redmi-buds-6-coral-green_3.jpg, redmi-buds-6-white_1.jpg, redmi-buds-6-white_3.jpg, redmi-buds-6-black_2.jpg, redmi-buds-6-black_3.jpg, redmi-buds-6-white_5.jpg",8,8
1078,שחור,redmi-buds-6-black_2.jpg,1,1
1079,לבן,redmi-buds-6-white_1.jpg,1,1
1080,ירוק,redmi-buds-6-coral-green_2.jpg,1,1
1081,שעון ספורט חכם שיאומי דגם Redmi Watch 5,"watch-5-black_1.jpg, watch-5-black_2.jpg, watch-5-black_4.jpg, watch-5-black_5.jpg, watch-5-black_6.jpg, watch-5-lavender-purple_3.jpg, watch-5-silver-gray_1.jpg, watch-5-silver-purple_1.jpg",8,8
1082,אפור,watch-5-silver-gray_1.jpg,1,1
1083,סגול,watch-5-silver-purple_1.jpg,1,1
1084,שחור,watch-5-black_1.jpg,1,1
1085,Re-New | טלפון סלולרי iPhone 11 Pro Max 256GB,"iphonepro_midnight_green_2-up_vertical_us-en_screen.jpg, iphonepro_max_space_gray_iphonepro_space_gray_2-up_vertical_us-en_screen.jpg, iphonepro_max_midnight_green_iphonepro_midnight_green_2-up_vertical_us-en_screen.jpg, iphonepro_max_gold_iphonepro_gold_2-up_vertical_us_screen.jpg, iphonepro_max_silver_iphonepro_silver_2-up_vertical_us-en_screen.jpg",5,5
1087,Re-new | טלפון סלולרי Samsung Galaxy M55 5G 256GB,"sm-m556_galaxy-m55-5g_front_black.jpg, sm-m556_galaxy-m55-5g_back_black.jpg, sm-m556_galaxy-m55-5g_backr30_black.jpg, sm-m556_galaxy-m55-5g_backl30_black.jpg",4,4
1088,Samsung Galaxy M55 - Black - S-91378,"sm-m556_galaxy-m55-5g_front_black.jpg, sm-m556_galaxy-m55-5g_back_black.jpg, sm-m556_galaxy-m55-5g_backr30_black.jpg, sm-m556_galaxy-m55-5g_backl30_black.jpg",4,4
1093,Re-new | טלפון סלולרי Samsung Galaxy A55 5G 128GB,"sm-a356_galaxy-a35_awesome-navy_front.jpg, sm-a356_galaxy-a35_awesome-navy_back.jpg, sm-a356_galaxy-a35_awesome-navy_back-l30.jpg, sm-a356_galaxy-a35_awesome-navy_back-r30.jpg, sm-a356_galaxy-a35_awesome-navy_front-l30.jpg, sm-a356_galaxy-a35_awesome-navy_front-r30.jpg, sm-a356_galaxy-a35_awesome-navy_front2.jpg, sm-a356_galaxy-a35_awesome-navy_l-side.jpg, sm-a356_galaxy-a35_awesome-navy_r-side.jpg",9,9
1094,Samsung Galaxy A55 - Black - S-91374,"sm-a356_galaxy-a35_awesome-navy_front.jpg, sm-a356_galaxy-a35_awesome-navy_back.jpg, sm-a356_galaxy-a35_awesome-navy_back-l30.jpg, sm-a356_galaxy-a35_awesome-navy_back-r30.jpg, sm-a356_galaxy-a35_awesome-navy_front-l30.jpg, sm-a356_galaxy-a35_awesome-navy_front-r30.jpg, sm-a356_galaxy-a35_awesome-navy_front2.jpg, sm-a356_galaxy-a35_awesome-navy_l-side.jpg, sm-a356_galaxy-a35_awesome-navy_r-side.jpg",9,9
1095,מחשב נייד עם מסך מגע Lenovo IdeaPad 5 2-in-1 5-14IRH9 83KX001PIV,11.png,11,1
1096,"מחשב נייד 14"" Lenovo IdeaPad 5 i5 16GB RAM",11.png,11,1
1103,כיסא גיימינג Dragon ACE PU,"1d5a9513.png, 1d5a9528.png, 1d5a9514.png, 1d5a9520.png, 1d5a9523.png, 1d5a9526.png",6,6
1104,מאוורר עומד חכם נטען Xiaomi Smart Standing Fan 2 Pro,"600x600-81209smart-standing-fan-2-pro_1.jpg, 600x600-81209smart-standing-fan-2-pro_2.jpg, 600x600-81209smart-standing-fan-2-pro_3.jpg, 600x600-81209smart-standing-fan-2-pro_4.jpg, 600x600-81209smart-standing-fan-2-pro_5.jpg, 600x600-81209smart-standing-fan-2-pro_6.jpg",6,6
1105,Product S-99391,"600x600-81209smart-standing-fan-2-pro_1.jpg, 600x600-81209smart-standing-fan-2-pro_2.jpg, 600x600-81209smart-standing-fan-2-pro_3.jpg, 600x600-81209smart-standing-fan-2-pro_4.jpg, 600x600-81209smart-standing-fan-2-pro_5.jpg, 600x600-81209smart-standing-fan-2-pro_6.jpg",6,6
1106,כיסוי מקלדת לטאבלט Samsung Galaxy S9 / S9 FE,"ef-dx715u_011_package_black.jpg, ef-dx715u_007_standing3_black.jpg, ef-dx715u_005_standing1_black.jpg, ef-dx715u_008_standing4_black.jpg",4,4
1107,כיסוי מקלדת לטאבלט Samsung Galaxy S9 / S9 FE,"ef-dx715u_011_package_black.jpg, ef-dx715u_007_standing3_black.jpg, ef-dx715u_005_standing1_black.jpg, ef-dx715u_008_standing4_black.jpg",4,4
1108,כיסוי מקלדת לטאבלט Samsung Galaxy S10 FE +,"ef-dx715u_008_standing4_black.jpg, ef-dx715u_007_standing3_black.jpg, ef-dx715u_005_standing1_black.jpg",3,3
1109,כיסוי מקלדת לטאבלט Samsung Galaxy S9 / S9 FE,"ef-dx715u_008_standing4_black.jpg, ef-dx715u_007_standing3_black.jpg, ef-dx715u_005_standing1_black.jpg",3,3
1110,כיסא משרדי ארגונומי דגם R10 מבית Dragon Smart Tech,"gh2a5792.png, gh2a5804.png, gh2a5651.png, gh2a5643.png, gh2a5646.png",6,5
1111,מצלמת אבטחה 4K HDR אלחוטית 360° שיאומי דגם Xiaomi Smart Camera C700,"600x600-c700smart-camera-c700_2.jpg, 600x600-c700smart-camera-c700_1.jpg, 600x600-c700smart-camera-c700_4.jpg, 600x600-c700smart-camera-c700_5.jpg",4,4
1112,C700,"600x600-c700smart-camera-c700_2.jpg, 600x600-c700smart-camera-c700_1.jpg, 600x600-c700smart-camera-c700_4.jpg, 600x600-c700smart-camera-c700_5.jpg",4,4
1113,מצלמת אבטחה כפולה אלחוטית 360° שיאומי דגם Xiaomi Smart Camera C500 Dual,"600x600-c500xiaomi-smart-camera-c500-dual_1.jpg, 600x600-c500smart-camera-c500-dual_2.jpg, 600x600-c500smart-camera-c500-dual_3.jpg, 600x600-c500smart-camera-c500-dual_4.jpg, 600x600-c500smart-camera-c500-dual_5.jpg, 600x600-c500smart-camera-c500-dual_8.jpg, 600x600-c500smart-camera-c500-dual_7.jpg",7,7
1114,C500 Dual,"600x600-c500xiaomi-smart-camera-c500-dual_1.jpg, 600x600-c500smart-camera-c500-dual_2.jpg, 600x600-c500smart-camera-c500-dual_3.jpg, 600x600-c500smart-camera-c500-dual_4.jpg, 600x600-c500smart-camera-c500-dual_5.jpg, 600x600-c500smart-camera-c500-dual_8.jpg, 600x600-c500smart-camera-c500-dual_7.jpg",7,7
1115,מצלמת אבטחת חוץ 2.5K שיאומי דגם Xiaomi Outdoor Camera CW700S,"600x600-cw700soutdoor-camera-cw700s_2.jpg, 600x600-cw700soutdoor-camera-cw700s_1.jpg, 600x600-cw700soutdoor-camera-cw700s_5.jpg",3,3
1116,CW700S,"600x600-cw700soutdoor-camera-cw700s_2.jpg, 600x600-cw700soutdoor-camera-cw700s_1.jpg, 600x600-cw700soutdoor-camera-cw700s_5.jpg",3,3
1117,סוללת גיבוי 212W 25000mAh ניידת דגם Xiaomi 212W HyperCharge Power Bank 25000mAh,"600x600-212w_212w-hypercharge-25000mah_3.jpg, 600x600-212w_212w-hypercharge-25000mah_1.jpg, 600x600-212w_212w-hypercharge-25000mah_2.jpg, 600x600-212w_212w-hypercharge-25000mah_5.jpg",4,4
1118,Product,"600x600-212w_212w-hypercharge-25000mah_3.jpg, 600x600-212w_212w-hypercharge-25000mah_1.jpg, 600x600-212w_212w-hypercharge-25000mah_2.jpg, 600x600-212w_212w-hypercharge-25000mah_5.jpg",4,4
1119,סוללת גיבוי 165W 10000mAh ניידת דגם Xiaomi 165W Power Bank 10000mAh,"600x600-165w165w-power-bank-10000_2.jpg, 600x600-165w165w-power-bank-10000_3.jpg, 600x600-165w165w-power-bank-10000_5.jpg, 600x600-165w165w-power-bank-10000_6.jpg, 600x600-165w165w-power-bank-10000_7.jpg, 600x600-165w165w-power-bank-10000_8.jpg, 600x600-165w165w-power-bank-10000_9.jpg, 600x600-165w165w-power-bank-10000_10.jpg, 600x600-165w165w-power-bank-10000_11.jpg",9,9
1120,Product,"600x600-165w165w-power-bank-10000_2.jpg, 600x600-165w165w-power-bank-10000_3.jpg, 600x600-165w165w-power-bank-10000_5.jpg, 600x600-165w165w-power-bank-10000_6.jpg, 600x600-165w165w-power-bank-10000_7.jpg, 600x600-165w165w-power-bank-10000_8.jpg, 600x600-165w165w-power-bank-10000_9.jpg, 600x600-165w165w-power-bank-10000_10.jpg, 600x600-165w165w-power-bank-10000_11.jpg",9,9
1121,טלפון סלולרי Samsung Galaxy Z Flip 7 256GB,"טמפלייט-תמונה-ראשית.png, sm-f766_zflip7_tabletopl30back_jetblack_250425.jpg, sm-f766_zflip7_closedback_jetblack_250425.jpg, sm-f766_zflip7_closedfront_jetblack_250425.jpg, sm-f766_zflip7_fronttabletop_jetblack_250425.jpg, sm-f766_zflip7_hinge_jetblack_250425.jpg, sm-f766_zflip7_openback_jetblack_250425.jpg, sm-f766_zflip7_openfront_jetblack_250425.jpg, sm-f766_zflip7_rside30_jetblack_250425.jpg, sm-f766_zflip7_sidetabletopl30_jetblack_250425.jpg, sm-f766_zflip7_tabletopl30_jetblack_250425.jpg, sm-f766_zflip7_tabletopl30back_blue-shadow_250424.jpg, sm-f766_zflip7_tabletopl30back_coralred_250425.jpg",13,13
1122,JETBLACK S-99496,טמפלייט-תמונה-ראשית.png,1,1
1123,BLUE SHADOW S-99495,sm-f766_zflip7_tabletopl30back_blue-shadow_250424.jpg,1,1
1124,שעון חכם Samsung Galaxy Watch Ultra eSIM 2025,"sm-l705_003_l-perspective_titanium-blue.png, sm-l705_001_front_titanium-white_240429.jpg, sm-l705_001_front_titanium-gray_240429.jpg, galaxy-watch-ultra_lifestyle-kv_rock-climbing_1p_rgb_240523.jpg, galaxy-watch-ultra_main-product-kv_2p_rgb_240426.jpg, galaxy-watch-ultra_lifestyle-kv_ocean-swimming_1p_rgb_240617.jpg, galaxy-watch-ultra_lifestyle-kv_rock-climbing_2p_rgb_240523.jpg",9,7
1125,BLUE S-99648,"sm-l705_003_l-perspective_titanium-blue.png, sm-l705_001_front_titanium-white_240429.jpg, sm-l705_001_front_titanium-gray_240429.jpg, galaxy-watch-ultra_lifestyle-kv_rock-climbing_1p_rgb_240523.jpg, galaxy-watch-ultra_main-product-kv_2p_rgb_240426.jpg, galaxy-watch-ultra_lifestyle-kv_ocean-swimming_1p_rgb_240617.jpg, galaxy-watch-ultra_lifestyle-kv_rock-climbing_2p_rgb_240523.jpg",9,7
1126,ORANGE S-99524,sm-l705_001_front_titanium-gray_240429.jpg,1,1
1127,WHITE S-99525,sm-l705_001_front_titanium-white_240429.jpg,1,1
1129,שעון חכם Samsung Galaxy Watch 8 40mm BT,"sm-l320_002_front2_silver.png, sm-l330_006_front3_graphite.png, sm-l330_001_front_graphite.png, sm-l330_002_front2_graphite.png, sm-l330_003_l-perspective_graphite.png, sm-l330_004_dynamic_graphite.png, sm-l330_005_side_graphite.png, sm-l320_006_front3_silver.png, sm-l320_001_front_silver.png, sm-l320_003_l-perspective_silver.png, sm-l320_004_dynamic_silver.png, sm-l320_005_side_silver.png",12,12
1130,SILVER S-99527,"sm-l320_002_front2_silver.png, sm-l330_006_front3_graphite.png, sm-l330_001_front_graphite.png, sm-l330_002_front2_graphite.png, sm-l330_003_l-perspective_graphite.png, sm-l330_004_dynamic_graphite.png, sm-l330_005_side_graphite.png, sm-l320_006_front3_silver.png, sm-l320_001_front_silver.png, sm-l320_003_l-perspective_silver.png, sm-l320_004_dynamic_silver.png, sm-l320_005_side_silver.png",12,12
1131,DARK GRAY S-99528,sm-l330_002_front2_graphite.png,1,1
1132,שעון חכם Samsung Galaxy Watch 8 44mm BT,"sm-l320_002_front2_silver.png, sm-l330_006_front3_graphite.png, sm-l330_001_front_graphite.png, sm-l330_002_front2_graphite.png, sm-l330_003_l-perspective_graphite.png, sm-l330_004_dynamic_graphite.png, sm-l330_005_side_graphite.png, sm-l320_006_front3_silver.png, sm-l320_001_front_silver.png, sm-l320_003_l-perspective_silver.png, sm-l320_004_dynamic_silver.png, sm-l320_005_side_silver.png",12,12
1133,SILVER S-99531,"sm-l320_002_front2_silver.png, sm-l330_006_front3_graphite.png, sm-l330_001_front_graphite.png, sm-l330_002_front2_graphite.png, sm-l330_003_l-perspective_graphite.png, sm-l330_004_dynamic_graphite.png, sm-l330_005_side_graphite.png, sm-l320_006_front3_silver.png, sm-l320_001_front_silver.png, sm-l320_003_l-perspective_silver.png, sm-l320_004_dynamic_silver.png, sm-l320_005_side_silver.png",12,12
1134,DARK GRAY S-99530,sm-l330_002_front2_graphite.png,1,1
1135,שעון חכם Samsung Galaxy Watch 8 40mm eSIM,"sm-l320_002_front2_silver.png, sm-l320_006_front3_silver.png, sm-l320_001_front_silver.png, sm-l320_003_l-perspective_silver.png, sm-l320_004_dynamic_silver.png, sm-l320_005_side_silver.png",6,6
1136,SILVER S-99529,"sm-l320_002_front2_silver.png, sm-l320_006_front3_silver.png, sm-l320_001_front_silver.png, sm-l320_003_l-perspective_silver.png, sm-l320_004_dynamic_silver.png, sm-l320_005_side_silver.png",6,6
1137,שעון חכם Samsung Galaxy Watch 8 44mm eSIM,"sm-l330_002_front2_graphite.png, sm-l330_006_front3_graphite.png, sm-l330_001_front_graphite.png, sm-l330_003_l-perspective_graphite.png, sm-l330_004_dynamic_graphite.png, sm-l330_005_side_graphite.png",6,6
1138,DARK GRAY S-99532,"sm-l330_002_front2_graphite.png, sm-l330_006_front3_graphite.png, sm-l330_001_front_graphite.png, sm-l330_003_l-perspective_graphite.png, sm-l330_004_dynamic_graphite.png, sm-l330_005_side_graphite.png",6,6
1139,שעון חכם Samsung Galaxy Watch 8 Classic BT,"sm-l500_002_front2_black.png, sm-l500_001_front_white.png, sm-l500_003_l-perspective_white.png, sm-l500_004_dynamic_white.png, sm-l500_005_side_white.png, sm-l500_006_front3_white.png, sm-l500_006_front3_black.png, sm-l500_001_front_black.png, sm-l500_003_l-perspective_black.png, sm-l500_004_dynamic_black.png, sm-l500_005_side_black.png",12,11
1140,BLACK S-99534,"sm-l500_002_front2_black.png, sm-l500_001_front_white.png, sm-l500_003_l-perspective_white.png, sm-l500_004_dynamic_white.png, sm-l500_005_side_white.png, sm-l500_006_front3_white.png, sm-l500_006_front3_black.png, sm-l500_001_front_black.png, sm-l500_003_l-perspective_black.png, sm-l500_004_dynamic_black.png, sm-l500_005_side_black.png",12,11
1142,שעון חכם Samsung Galaxy Watch 8 Classic eSIM,"sm-l500_001_front_white.png, sm-l500_003_l-perspective_white.png, sm-l500_004_dynamic_white.png, sm-l500_005_side_white.png, sm-l500_006_front3_white.png, sm-l500_006_front3_black.png, sm-l500_001_front_black.png, sm-l500_002_front2_black.png, sm-l500_003_l-perspective_black.png, sm-l500_004_dynamic_black.png, sm-l500_005_side_black.png",12,11
1143,BLACK S-99536,"sm-l500_001_front_white.png, sm-l500_003_l-perspective_white.png, sm-l500_004_dynamic_white.png, sm-l500_005_side_white.png, sm-l500_006_front3_white.png, sm-l500_006_front3_black.png, sm-l500_001_front_black.png, sm-l500_002_front2_black.png, sm-l500_003_l-perspective_black.png, sm-l500_004_dynamic_black.png, sm-l500_005_side_black.png",12,11
1145,טלפון סלולרי Samsung Galaxy Z Flip 7 512GB,"טמפלייט-תמונה-ראשית.png, sm-f766_zflip7_tabletopl30back_blue-shadow_250424.jpg, sm-f766_zflip7_tabletopl30back_jetblack_250425.jpg, sm-f766_zflip7_closedback_jetblack_250425.jpg, sm-f766_zflip7_closedfront_jetblack_250425.jpg, sm-f766_zflip7_fronttabletop_jetblack_250425.jpg, sm-f766_zflip7_hinge_jetblack_250425.jpg, sm-f766_zflip7_openback_jetblack_250425.jpg, sm-f766_zflip7_openfront_jetblack_250425.jpg, sm-f766_zflip7_rside30_jetblack_250425.jpg, sm-f766_zflip7_sidetabletopl30_jetblack_250425.jpg, sm-f766_zflip7_tabletopl30_jetblack_250425.jpg, sm-f766_zflip7_tabletopl30back_coralred_250425.jpg",13,13
1146,טלפון סלולרי Samsung Galaxy Z Fold 7 512GB,"טמפלייט-תמונה-ראשית.png, sm-f966_zfold7_openback_silver-shadow_250425.jpg, sm-f966_zfold7_front_silver-shadow_250425.jpg, sm-f966_zfold7_openfront115_silver-shadow_250425.jpg, sm-f966_zfold7_openfront_silver-shadow_250425.jpg, sm-f966_zfold7_openback115_silver-shadow_250425.jpg, sm-f966_zfold7_frontl30_silver-shadow_250425.jpg, sm-f966_zfold7_backl30_silver-shadow_250425.jpg, sm-f966_zfold7_back_silver-shadow_250425.jpg, sm-f966_zfold7_side_jetblack_250425.jpg, sm-f966_zfold7_openback_jetblack_250425.jpg, sm-f966_zfold7_front_jetblack_250425.jpg, sm-f966_zfold7_openfront115_jetblack_250425.jpg, sm-f966_zfold7_front_blue-shadow_250425.jpg, sm-f966_zfold7_openback115_blue-shadow_250425.jpg, sm-f966_zfold7_openback_blue-shadow_250425.jpg",16,16
1147,מקרן קול Pure Acoustics HDS-160 165W,"main.jpg, 2.jpg, 3.jpg, 4.jpg, 5.jpg, hds-160-back-large.jpg",6,6
1148,מקרן קול Pure Acoustics HDS-160 165W S-99863,"main.jpg, 2.jpg, 3.jpg, 4.jpg, 5.jpg, hds-160-back-large.jpg",6,6
1149,אוזניות אלחוטיות Samsung Galaxy Buds Core,"buds-core_onyx-black_006_top-combination.png, buds-core_onyx-black_005_case.png, buds-core_onyx-black_001_front.png, buds-core_onyx-black_002_back.png, buds-core_white_004_dynamic.png, buds-core_white_001_front.png, buds-core_white_003_side.png",8,7
1150,שחור,buds-core_onyx-black_001_front.png,1,1
1151,לבן,buds-core_white_001_front.png,1,1
1152,מקלדת ספר לטאבלט Redmi Pro / POCO Pad Keyboard,"323cbd29-3a57-4b52-97bc-3e2182db769e.jpg, 3e47d1c4-f3e7-41bd-9497-83d0ce8ba0c3.jpg, e6937bf1-5127-46bc-9764-198d7053bf54.jpg, 552e2617-2a60-4311-85b4-d90adb676e8b.jpg, 9f6da142-d27b-4dc1-b9af-82c983fb35bd.jpg, dc2ebdee-9c57-4137-b2df-1ea492e38f60.jpg",6,6
1153,S-94610,"323cbd29-3a57-4b52-97bc-3e2182db769e.jpg, 3e47d1c4-f3e7-41bd-9497-83d0ce8ba0c3.jpg, e6937bf1-5127-46bc-9764-198d7053bf54.jpg, 552e2617-2a60-4311-85b4-d90adb676e8b.jpg, 9f6da142-d27b-4dc1-b9af-82c983fb35bd.jpg, dc2ebdee-9c57-4137-b2df-1ea492e38f60.jpg",6,6
1154,עט סטיילוס חכם לטאבלטים Redmi Pro / POCO Smart Pen,"b469a7d7-2026-4d67-911e-1e3d924e2086.jpg, ac84ab1a-6379-43e8-9f99-2c54af54dd2a.jpg, 3e7f954b-1752-4f3d-8493-72af4700413a.jpg",3,3
1155,S-94609,"b469a7d7-2026-4d67-911e-1e3d924e2086.jpg, ac84ab1a-6379-43e8-9f99-2c54af54dd2a.jpg, 3e7f954b-1752-4f3d-8493-72af4700413a.jpg",3,3
1156,רמקול נייד JBL Flip 7,"jbl_flip_7_3_4_left_black_087_x1.png, jbl_flip_7_3_4_left_blue_084_x1.png, jbl_flip_7_3_4_left_pink_100_x1.png, jbl_flip_7_3_4_left_purple_084_x1.png, jbl_flip_7_3_4_left_red_096_x1.png, jbl_flip_7_3_4_left_squad_089_x1.png, jbl_flip_7_3_4_left_white_088_x1.png, jbl_flip_7_acc_black_no_usb_x1_1-1.png, jbl_flip_7_acc_purple_no_cord_214_x1.png, jbl_flip_7_detail_clip_black_175_x1.png, jbl_flip_7_detail_clip_blue_170_x1.png, jbl_flip_7_detail_clip_pink_177_x1.png, jbl_flip_7_detail_clip_purple_170_x1.png, jbl_flip_7_detail_clip_red_168_x1.png, jbl_flip_7_detail_clip_squad_172_x1.png, jbl_flip_7_detail_clip_white_180_x1.png, jbl_flip_7_top_black_192_x1.png, jbl_flip_7_top_pink_190_x1.png, jbl_flip_7_top_purple_188_x1.png, jbl_flip_7_top_red_194_x1.png, jbl_flip_7_top_squad_189_x1.png, jbl_flip_7_top_white_187_x1.png, flip7_group_2_emea.png",25,23
1157,white,jbl_flip_7_3_4_left_white_088_x1.png,1,1
1158,blue,jbl_flip_7_3_4_left_blue_084_x1.png,1,1
1159,pink,jbl_flip_7_3_4_left_pink_100_x1.png,1,1
1160,black,jbl_flip_7_3_4_left_black_087_x1.png,1,1
1161,red,jbl_flip_7_3_4_left_red_096_x1.png,1,1
1162,רמקול נייד JBL Charge 6,"ls_jbl_charge_6_black_hero_strap_071_x2.png, ls_jbl_charge_6_black_3_4_left_086_x1.png, ls_jbl_charge_6_black_acc_no_usb_210_x1.png, ls_jbl_charge_6_black_back_024_x1.png, ls_jbl_charge_6_black_bottom_167_x1.png, ls_jbl_charge_6_black_front_023_x1.png, ls_jbl_charge_6_black_left_116_x1.png, ls_jbl_charge_6_black_top_166_x1.png, ls_jbl_charge_6_squad_acc_no_usb_205_x1.png, ls_jbl_charge_6_red_no_usb_acc_213_x1.png, jbl_charge_6_red_right_156_x1.png, jbl_charge_6_red_top_182_x1.png, jbl_charge_6_red_back_029_x1.png, jbl_charge_6_red_bottom_184_x1.png, jbl_charge_6_red_front_016_x1.png, jbl_charge_6_red_hero_070_x1.png, jbl_charge_6_red_hero_strap_070_x2.png",18,17
1163,Black,ls_jbl_charge_6_black_hero_strap_071_x2.png,1,1
1164,Red,jbl_charge_6_red_hero_strap_070_x2.png,1,1
1165,"טלוויזיה חכמה Sony Bravia Series 5 XR Mini LED Google TV 4K HDR 55""",untitled-1.png,5,1
1166,55,untitled-1.png,5,1
1170,שלט גיימינג PS5 DualSense Controller - NEW,"dualsense_midnightblack_01_pr_rgb_withnotice.jpg, dualsense_pearl_pr_01_cmyk_1.jpg, dswc_le_fort_rndr_lt_prod_rgb_eu_240816.png, dualsense_01_galacticpurple_pr_srgb.jpg, dualsense_01_novapink_pr_srgb.jpg, dualsense_01_pr_cobaltblue_srgb.png, dualsense_01_pr_rgb_11899.png, dualsense_01_pr_sterlingsilver_cmyk-1.png, dualsense_01_pr_volcanicred_cmyk.png, dualsense_03_starlightblue_pr_srgb.jpg, dualsense_cosmicred_01_pr_rgb_withnotice.png, dualsense_01_graycamo.png",12,12
1171,Sony PS5 DualSense Controller Red V2,dualsense_cosmicred_01_pr_rgb_withnotice.png,1,1
1172,Sony PS5 DualSense Controller Nova Pink V2,dualsense_01_novapink_pr_srgb.jpg,1,1
1173,Sony PS5 DualSense Controller BLUE V2,dualsense_01_pr_cobaltblue_srgb.png,1,1
1174,Sony PS5 DualSense Controller Camo,dualsense_01_graycamo.png,1,1
1175,Sony PS5 DualSense Controller Volcanic Red,dualsense_01_pr_volcanicred_cmyk.png,1,1
1176,Sony PS5 DualSense Controller Sterling Siver,dualsense_01_pr_sterlingsilver_cmyk-1.png,1,1
1177,Sony PS5 DualSense Controller Coblat Blue,dualsense_01_galacticpurple_pr_srgb.jpg,1,1
1178,Sony PS5 DualSense Controller Pearl,dualsense_pearl_pr_01_cmyk_1.jpg,1,1
1179,Sony PS5 DualSense Controller Fortnite LE,"dualsense_midnightblack_01_pr_rgb_withnotice.jpg, dualsense_pearl_pr_01_cmyk_1.jpg, dswc_le_fort_rndr_lt_prod_rgb_eu_240816.png, dualsense_01_galacticpurple_pr_srgb.jpg, dualsense_01_novapink_pr_srgb.jpg, dualsense_01_pr_cobaltblue_srgb.png, dualsense_01_pr_rgb_11899.png, dualsense_01_pr_sterlingsilver_cmyk-1.png, dualsense_01_pr_volcanicred_cmyk.png, dualsense_03_starlightblue_pr_srgb.jpg, dualsense_cosmicred_01_pr_rgb_withnotice.png, dualsense_01_graycamo.png",12,12
1180,טלוויזיה חכמה LG 55'' NanoCell AI NANO80 4K 55NANO80A6A,"1-1-55nano80a_תמונה-ראשית-עם-שלט.jpg, 1-55nano80a6a_תמונה-ראשית-copy.jpg, 2-55nano80a6a_תמונת-אלכסון.jpg, 3-55nano80a6a_גב-מסך.jpg, 4-55nano80a6a_-מידות.jpg, 6-55nano80a6a_מעבד.jpg",6,6
1181,טלוויזיה חכמה LG 55'' AI UA80 UHD 4K 55UA80006LC,"1-55ua80006lc_תמונה-ראשית.jpg, 2-55ua80006lc_תמונת-אלכסון.jpg, 3-55ua80006lc_גב-מסך.jpg, 4-55ua80006lc_מידות.jpg, 6-55ua80006lc_מעבד.jpg",5,5
1182,טלוויזיה חכמה LG QNED 55'' AI QNED80 4K 55QNED80A6A,"1-55qned80a_תמונה-ראשית.jpg, 2-55qned80a_תמונה-אלכסון.jpg, 3-55qned80a_גב-מסך.jpg, 4-55qned80a_מידות.jpg, 6-55qned80a_מעבד.jpg",5,5
1183,טלוויזיה חכמה LG 65'' AI UA80 UHD 4K 65UA80006LC,"1-65ua80006lc_תמונה-ראשית.jpg, 2-65ua80006lc_תמונת-אלכסון.jpg, 3-65ua80006lc_גב-מסך.jpg, 4-65ua80006lc_מידות.jpg, 6-65ua80006lc_מעבד.jpg",5,5
1184,טלוויזיה חכמה LG QNED 65'' AI QNED80 4K 65QNED80A6A,"1-1-65qned80a6a_תמונה-ראשית-עם-שלט.jpg, 1-65qned80a_תמונה-ראשית.jpg, 2-65qned80a_תמונה-אלכסון.jpg, 3-65qned80a_גב-מסך.jpg, 4-65qned80a_מידות.jpg, 5-65qned80a_מעבד.jpg",6,6
1185,טלוויזיה חכמה LG QNED 75'' evo AI QNED86 4K 75QNED86A6A,"1-1-75qned86a_תמונה-ראשית-עם-שלט.jpg, 1-75qned86a6a_תמונה-ראשית.jpg, 2-75qned86a6a_תמונת-אלכסון.jpg, 3-75qned86a6a_גב-מסך.jpg, 4-75qned86a6a_מידות.jpg",5,5
1186,טלוויזיה חכמה LG OLED 77'' AI B5 4K 120Hz OLED77B56LA,"1-1-oled77b56la_תמונה-ראשית-עם-שלט.jpg, 1-oled77b56la_תמונה-ראשית.jpg, 2-oled77b56la_תמונה-אלכסון.jpg, 3-oled77b56la_גב-מסך.jpg, 4-oled77b56la_מידות.jpg, 6-oled77b56la_תמונת-מעבד.jpg",6,6
1187,טלוויזיה חכמה LG OLED 83'' AI B5 4K 120Hz OLED83B56LA,"1-oled83b56la_תמונה-ראשית.jpg, 2-oled83c56la_תמונה-אלכסון.jpg, 3-oled83b56la_גב-מסך.jpg, 4-oled83b56la_מידות.jpg, 6-oled83b56la_תמונת-מעבד.jpg",5,5
1188,טלוויזיה חכמה LG OLED 83'' evo AI C5 4K 144Hz OLED83C56LA,"1-1-oled83c56la_תמונה-ראשית-עם-שלט.jpg, 1-oled83c56la_תמונה-ראשית.jpg, 2-oled83b56la_תמונה-אלכסון.jpg, 3-oled83c56la_גב-מסך.jpg, 4-oled83c56la_מידות.jpg, 6-oled83c56la_מעבד.jpg",6,6
1189,טלוויזיה ''50 4K שיאומי דגם Xiaomi TV A 50'' (2026),"xiaomi-tv-a-2026-hi-res.jpg, xiaomi-tv-a-2026_3.jpg, xiaomi-tv-a-2026_2.jpg, xiaomi-tv-a-2026_4.jpg",4,4
1190,טלוויזיה ''50 4K שיאומי דגם Xiaomi TV A 50'' (2026),"xiaomi-tv-a-2026-hi-res.jpg, xiaomi-tv-a-2026_3.jpg, xiaomi-tv-a-2026_2.jpg, xiaomi-tv-a-2026_4.jpg",4,4
1191,טלוויזיה ''55 QLED 4K שיאומי דגם Xiaomi TV A Pro 55'' (2026),"xiaomi-tv-a-pro-2026-hi-res.jpg, xiaomi-tv-a-pro-2026-3.jpg, xiaomi-tv-a-pro-2026-4.jpg",3,3
1192,טלוויזיה ''55 QLED 4K שיאומי דגם Xiaomi TV A Pro 55'' (2026),"xiaomi-tv-a-pro-2026-hi-res.jpg, xiaomi-tv-a-pro-2026-3.jpg, xiaomi-tv-a-pro-2026-4.jpg",3,3
1193,טלוויזיה ''65 QLED 4K שיאומי דגם Xiaomi TV A Pro 65'' (2026),"xiaomi-tv-a-pro-2026-hi-res.jpg, xiaomi-tv-a-pro-2026-3.jpg, xiaomi-tv-a-pro-2026-4.jpg",3,3
1194,טלוויזיה ''65 QLED 4K שיאומי דגם Xiaomi TV A Pro 65'' (2026),"xiaomi-tv-a-pro-2026-hi-res.jpg, xiaomi-tv-a-pro-2026-3.jpg, xiaomi-tv-a-pro-2026-4.jpg",3,3
1195,טלוויזיה ''55 4K שיאומי דגם Xiaomi TV A 55'' (2026),"xiaomi-tv-a-2026-hi-res.jpg, xiaomi-tv-a-2026_3.jpg, xiaomi-tv-a-2026_2.jpg, xiaomi-tv-a-2026_4.jpg",4,4
1196,טלוויזיה ''55 4K שיאומי דגם Xiaomi TV A 55'' (2026),"xiaomi-tv-a-2026-hi-res.jpg, xiaomi-tv-a-2026_3.jpg, xiaomi-tv-a-2026_2.jpg, xiaomi-tv-a-2026_4.jpg",4,4
1197,טלוויזיה ''65 4K שיאומי דגם Xiaomi TV A 65'' (2026),"xiaomi-tv-a-2026-hi-res.jpg, xiaomi-tv-a-2026_3.jpg, xiaomi-tv-a-2026_2.jpg, xiaomi-tv-a-2026_4.jpg",4,4
1198,טלוויזיה ''65 4K שיאומי דגם Xiaomi TV A 65'' (2026),"xiaomi-tv-a-2026-hi-res.jpg, xiaomi-tv-a-2026_3.jpg, xiaomi-tv-a-2026_2.jpg, xiaomi-tv-a-2026_4.jpg",4,4
1199,טלוויזיה ''43 QLED 4K שיאומי דגם Xiaomi TV A Pro 43'' (2026),"xiaomi-tv-a-pro-2026-hi-res.jpg, xiaomi-tv-a-pro-2026-3.jpg, xiaomi-tv-a-pro-2026-4.jpg",3,3
1200,טלוויזיה ''43 QLED 4K שיאומי דגם Xiaomi TV A Pro 43'' (2026),"xiaomi-tv-a-pro-2026-hi-res.jpg, xiaomi-tv-a-pro-2026-3.jpg, xiaomi-tv-a-pro-2026-4.jpg",3,3
1201,טלוויזיה ''75 QLED 4K שיאומי דגם Xiaomi TV A Pro 75'' (2026),"xiaomi-tv-a-pro-2026-hi-res.jpg, xiaomi-tv-a-pro-2026-3.jpg, xiaomi-tv-a-pro-2026-4.jpg",3,3
1202,טלוויזיה ''75 QLED 4K שיאומי דגם Xiaomi TV A Pro 75'' (2026),"xiaomi-tv-a-pro-2026-hi-res.jpg, xiaomi-tv-a-pro-2026-3.jpg, xiaomi-tv-a-pro-2026-4.jpg",3,3
1203,אוזניות קשת Over-Ear אלחוטיות עם ביטול רעשים Sony WH-1000XM6,"3_wh-1000xm6_front_black-large.jpg, 3_wh-1000xm6_front_silver-large.jpg, 6_wh-1000xm6_foldable2_silver-large.jpg",5,3
1206,טלפון סלולרי למבוגרים EasyPhone NP-01,"np01_plud-photo1.png, np01_plud-photo2.png, np01_plud-photo3.png, np01_plud-photo4.png, np01_plud-photo.png",5,5
1207,טלפון סלולרי למבוגרים EasyPhone NP-01,"np01_plud-photo1.png, np01_plud-photo2.png, np01_plud-photo3.png, np01_plud-photo4.png, np01_plud-photo.png",5,5
1208,שואב אבק מקרצף רובוטי קומקפטי Dreame X50 Master,"11.png, 12.png, 13.png",13,3
1209,"רצועת ACTIVE לשעון 38/40/41 מ""מ","activeband_l_blk.png, activeband_l_blk2.png, activeband_l_blk3.png, activeband_l_blk4.png, activeband_l_blk5.png, activeband_l_blk6.png, activeband_l_blk7.png, activeband_l_grn.png, activeband_l_grn2.png, activeband_l_grn3.png, activeband_l_grn4.png, activeband_l_grn5.png, activeband_l_grn6.png, activeband_l_grn7.png, activeband_l_lmo.png, activeband_l_lmo2.png, activeband_l_lmo3.png, activeband_l_lmo5.png, activeband_l_lmo6.png, activeband_l_lmo7.png, activeband_l_oxy.png, activeband_l_oxy2.png, activeband_l_oxy3.png, activeband_l_oxy4.png, activeband_l_oxy5.png, activeband_l_oxy6.png, activeband_l_oxy7.png",28,27
1210,שחור/מדברי,activeband_l_blk4.png,1,1
1211,ירוק/מדברי,activeband_l_grn4.png,1,1
1212,אוקסיפייר אדום/מדברי,activeband_l_oxy4.png,1,1
1214,"רצועת ACTIVE 42/44/45/49 מ""מ","activeband_l_blk.png, activeband_l_blk2.png, activeband_l_blk3.png, activeband_l_blk4.png, activeband_l_blk5.png, activeband_l_blk6.png, activeband_l_blk7.png, activeband_l_grn.png, activeband_l_grn2.png, activeband_l_grn3.png, activeband_l_grn4.png, activeband_l_grn5.png, activeband_l_grn6.png, activeband_l_grn7.png, activeband_l_lmo.png, activeband_l_lmo2.png, activeband_l_lmo3.png, activeband_l_lmo5.png, activeband_l_lmo6.png, activeband_l_lmo7.png, activeband_l_oxy.png, activeband_l_oxy2.png, activeband_l_oxy3.png, activeband_l_oxy4.png, activeband_l_oxy5.png, activeband_l_oxy6.png, activeband_l_oxy7.png",28,27
1215,שחור/מדברי,activeband_l_blk4.png,1,1
1216,ירוק/מדברי,activeband_l_grn4.png,1,1
1217,אוקסיפייר אדום/מדברי,activeband_l_oxy4.png,1,1
1219,נתב 5G AX3000 Wi-Fi 6 Cudy P2,"p2-1-0-2.png, p2-1-0-4.jpg",4,2
1220,נתב 5G AX3000 Wi-Fi 6 Cudy P2,"p2-1-0-2.png, p2-1-0-4.jpg",4,2
1228,אוזניות אלחוטיות + ביטול רעשים Tour One M3 Smart Tx,"01-ls_jbl_tour-one_m3-smart-tx_product-image_hero_black.png, ls_jbl_tour-one_m3-smart-tx_product-image_front_black.png, ls_jbl_tour-one_m3-smart-tx_product-image_detail-left_black.png, ls_jbl_tour-one_m3-smart-tx_product-image_detail-right_black.png, ls_jbl_tour-one_m3-smart-tx_product-image_detail-03_black.png, ls_jbl_tour-one_m3-smart-tx_product-image_detail-02_black.png, 05_ls_jbl_tour-one_m3-smart-tx_product-image_flat_black.png, 06_ls_jbl_tour-one_m3-smart-tx_product-image_detail-01_black.png, ls_jbl_tour_one_m3-smart-tx_product-image_detail-03_friends.png, ls_jbl_tour_one_m3-smart-tx_product-image_front_dogs.png, ls_jbl_tour_one_m3-smart-tx_product-image_front_friends.png, ls_jbl_tour_one_m3-smart-tx_product-image_detail-01_dogs.png, 05_ls_jbl_tour-one_m3-smart-tx_product-image_flat_mocha.png, ls_jbl_tour-one_m3-smart-tx_product-image_detail-03_mocha.png, ls_jbl_tour-one_m3-smart-tx_product-image_detail-left_mocha.png, 06_ls_jbl_tour-one_m3-smart-tx_product-image_detail-01_mocha.png, ls_jbl_tour_one_m3-smart-tx_product-image_hero_mocha_dog.png, ls_jbl_tour-one_m3-smart-tx_product-image_front_mocha.png",18,18
1229,S-100494,ls_jbl_tour_one_m3-smart-tx_product-image_hero_mocha_dog.png,1,1
1230,S-100493,01-ls_jbl_tour-one_m3-smart-tx_product-image_hero_black.png,1,1
1231,Samsung Galaxy Buds 3 FE,"galaxy-buds3-fe_gray_007_case-opened.jpg, galaxy-buds3-fe_gray_008_case-opened-w-o-units.jpg, galaxy-buds3-fe_gray_005_case-back.jpg, galaxy-buds3-fe_gray_004_case-front.jpg, galaxy-buds3-fe_gray_006_case-bottom.jpg, galaxy-buds3-fe_black_007_case-opened.jpg, galaxy-buds3-fe_black_008_case-opened-w-o-units.jpg, galaxy-buds3-fe_black_005_case-back.jpg, galaxy-buds3-fe_black_004_case-front.jpg, galaxy-buds3-fe_black_006_case-bottom.jpg, galaxy-buds3-fe_black_001_front.png",11,11
1232,S-100479 שחור,galaxy-buds3-fe_black_007_case-opened.jpg,1,1
1233,S-100480 אפור,galaxy-buds3-fe_gray_007_case-opened.jpg,1,1
1234,Samsung Galaxy S25 FE 5G 128GB,"jetblack.png, sm-s731_jetblack_001_front.png, sm-s731_jetblack_002_back.png, sm-s731_jetblack_003_backl30.png, sm-s731_jetblack_004_backr30.png, sm-s731_jetblack_005_front2.png, sm-s731_jetblack_006_frontl30.png, sm-s731_jetblack_007_frontr30.png, sm-s731_navy_001_front.png, sm-s731_navy_002_back.png, sm-s731_navy_003_backl30.png, sm-s731_navy_004_backr30.png, sm-s731_navy_006_frontl30.png, sm-s731_navy_007_frontr30.png, sm-s731_white_002_back.png, sm-s731_white_003_backl30.png, sm-s731_white_006_frontl30.png, sm-s731_white_007_frontr30.png",21,18
1235,Samsung Galaxy S25 FE 128GB JetBlack,jetblack.png,1,1
1236,Samsung Galaxy S25 FE 128GB Navy  S-100484,navy.png,1,1
1237,Samsung Galaxy S25 FE 128GB White,white.png,1,1
1243,Samsung Galaxy S25 FE 5G 256GB,"icyblue.png, sm-s731_icyblue_002_back.png, sm-s731_icyblue_005_front2.png, sm-s731_jetblack_001_front.png, sm-s731_jetblack_002_back.png, sm-s731_jetblack_005_front2.png, sm-s731_navy_001_front.png, sm-s731_navy_002_back.png, sm-s731_white_002_back.png",12,9
1244,Samsung Galaxy S25 FE JetBlack,jetblack.png,1,1
1245,Samsung Galaxy S25 FE Navy,navy.png,1,1
1246,Samsung Galaxy S25 FE White,white.png,1,1
1247,Samsung Galaxy S25 FE IcyBlue,icyblue.png,1,1
1248,Samsung Galaxy S25 FE 5G 512GB,"jetblack.png, sm-s731_jetblack_002_back.png, sm-s731_jetblack_003_backl30.png, sm-s731_jetblack_004_backr30.png, sm-s731_jetblack_005_front2.png, sm-s731_jetblack_006_frontl30.png, sm-s731_jetblack_007_frontr30.png, sm-s731_white_002_back.png, sm-s731_white_003_backl30.png, sm-s731_white_006_frontl30.png, sm-s731_white_007_frontr30.png",13,11
1249,Samsung Galaxy S25 FE JetBlack,jetblack.png,1,1
1250,Samsung Galaxy S25 FE White,white.png,1,1
1251,"סוללה ניידת ACTIVE MagSafe 5,000 מיליאמפר - Native Union","active-power-bank4.png, active-power-bank9.png, active-power-bank.png, active-power-bank2.png, active-power-bank3.png, active-power-bank6.png, active-power-bank7.png, active-power-bank8.png",9,8
1252,Black,active-power-bank7.png,1,1
1253,SANDSTONE,active-power-bank8.png,1,1
1254,APRICOT,active-power-bank6.png,1,1
1257,MagicMount תושבת טעינה אלחוטית 3-ב-1 תואמת MagSafe,"magicmount-elite-charge-מעמד-טעינה-אלחוטי-3-ב-1-7.png, magicmount-elite-charge-מעמד-טעינה-אלחוטי-3-ב-1-2.png, magicmount-elite-charge-מעמד-טעינה-אלחוטי-3-ב-1-3.png, magicmount-elite-charge-מעמד-טעינה-אלחוטי-3-ב-1-4.png, magicmount-elite-charge-מעמד-טעינה-אלחוטי-3-ב-1-5.png, magicmount-elite-charge-מעמד-טעינה-אלחוטי-3-ב-1-6.png, magicmount-elite-charge-מעמד-טעינה-אלחוטי-3-ב-1.png",7,7
1258,Black,"magicmount-elite-charge-מעמד-טעינה-אלחוטי-3-ב-1-7.png, magicmount-elite-charge-מעמד-טעינה-אלחוטי-3-ב-1-2.png, magicmount-elite-charge-מעמד-טעינה-אלחוטי-3-ב-1-3.png, magicmount-elite-charge-מעמד-טעינה-אלחוטי-3-ב-1-4.png, magicmount-elite-charge-מעמד-טעינה-אלחוטי-3-ב-1-5.png, magicmount-elite-charge-מעמד-טעינה-אלחוטי-3-ב-1-6.png, magicmount-elite-charge-מעמד-טעינה-אלחוטי-3-ב-1.png",7,7
1261,שואב אבק שוטף רובוטי שיאומי דגם Xiaomi Robot Vacuum S40C,"1.jpg, 2.jpg, 3.jpg, 4.jpg",4,4
1262,S-100749,"1.jpg, 2.jpg, 3.jpg, 4.jpg",4,4
1265,טלוויזיה חכמה LG OLED 55'' AI B5 4K 120Hz OLED55B56LA,"1-1-oled77b56la_תמונה-ראשית-עם-שלט.jpg, 1-oled77b56la_תמונה-ראשית.jpg, 2-oled77b56la_תמונה-אלכסון.jpg, 3-oled77b56la_גב-מסך.jpg, 6-oled77b56la_תמונת-מעבד.jpg",5,5
1266,"טלוויזיה חכמה LG 65UA85006LA UHD AI UA85 4K ‏‏בגודל 65""","3-oled77b56la_גב-מסך.jpg, 6-oled77b56la_תמונת-מעבד.jpg",3,2
1267,טלוויזיה חכמה LG 65'' NanoCell AI NANO80 4K 65NANO80A6A,"1-1-55nano80a_תמונה-ראשית-עם-שלט.jpg, 1-55nano80a6a_תמונה-ראשית-copy.jpg, 2-55nano80a6a_תמונת-אלכסון.jpg, 3-55nano80a6a_גב-מסך.jpg, 6-55nano80a6a_מעבד.jpg",5,5
1269,"טלוויזיה חכמה LG 75UA85006LA UHD AI UA85 4K ‏‏בגודל 75""","3-oled77b56la_גב-מסך.jpg, 6-oled77b56la_תמונת-מעבד.jpg",3,2
1270,טלוויזיה חכמה LG 75'' NanoCell AI NANO80 4K 75NANO80A6A,"1-1-55nano80a_תמונה-ראשית-עם-שלט.jpg, 1-55nano80a6a_תמונה-ראשית-copy.jpg, 2-55nano80a6a_תמונת-אלכסון.jpg, 3-55nano80a6a_גב-מסך.jpg, 6-55nano80a6a_מעבד.jpg",5,5
1272,AirPods Pro 3,"airpods_pro_3_pdp_image_position_1__wwen.jpg, airpods_pro_3_pdp_image_position_2__wwen.jpg, airpods_pro_3_pdp_image_position_3__wwen.jpg, airpods_pro_3_pdp_image_position_4__wwen.jpg, airpods_pro_3_pdp_image_position_5__wwen.jpg, airpods_pro_3_pdp_image_position_6__wwen.jpg, airpods_pro_3_pdp_image_position_7__wwen.jpg, airpods_pro_3_pdp_image_position_8__wwen.jpg",8,8
1273,S-100734,"airpods_pro_3_pdp_image_position_1__wwen.jpg, airpods_pro_3_pdp_image_position_2__wwen.jpg, airpods_pro_3_pdp_image_position_3__wwen.jpg, airpods_pro_3_pdp_image_position_4__wwen.jpg, airpods_pro_3_pdp_image_position_5__wwen.jpg, airpods_pro_3_pdp_image_position_6__wwen.jpg, airpods_pro_3_pdp_image_position_7__wwen.jpg, airpods_pro_3_pdp_image_position_8__wwen.jpg",8,8
1274,Apple Watch SE 3 GPS 40mm,"apple_-4.jpg, d286c12f.jpg, apple_-2.jpg, apple_-4.jpg, 82f0f1dc.jpg, apple_-3.jpg, 491d8c6a.jpg, apple_-1.jpg, 2245fccf.jpg, apple_-2.jpg",10,10
1275,Starlight Aluminium Case with Starlight Sport Band - S/M S-100650,apple_-2.jpg,1,1
1276,Starlight Aluminium Case with Starlight Sport Band - M/L S-100651,apple_-2.jpg,1,1
1277,Midnight Aluminium Case with Midnight Sport Band - S/M S-100652,apple_-4.jpg,1,1
1278,Midnight Aluminium Case with Midnight Sport Band - M/L S-100653,apple_-4.jpg,1,1
1279,P Case iPhone 17 Series MagSafe silicone Classic Blue,"ip17-silicone-5.jpg, ip17-silicone-6.jpg, ip-17-air-silicone-5.jpg, ip-17-air-silicone-6.jpg, ip-17-pro-pro-max-silicone-5.jpg, ip-17-pro-pro-max-silicone-6.jpg",6,6
1280,iPhone 17,ip17-silicone-5.jpg,1,1
1281,iPhone 17 Pro,ip-17-pro-pro-max-silicone-5.jpg,1,1
1282,iPhone Air,ip-17-air-silicone-5.jpg,1,1
1283,iPhone 17 Pro Max,ip-17-pro-pro-max-silicone-5.jpg,1,1
1284,P Case iPhone 17 Series MagSafe silicone Classic Peach,"ip17-silicone-1.jpg, ip17-silicone-2.jpg, ip-17-air-silicone-3.jpg, ip-17-air-silicone-4.jpg, ip-17-pro-pro-max-silicone-1.jpg, ip-17-pro-pro-max-silicone-2.jpg",6,6
1285,iPhone 17,ip17-silicone-1.jpg,1,1
1286,iPhone 17 Pro,ip-17-pro-pro-max-silicone-1.jpg,1,1
1287,iPhone Air,ip-17-air-silicone-3.jpg,1,1
1288,iPhone 17 Pro Max,ip-17-pro-pro-max-silicone-1.jpg,1,1
1289,P Case iPhone 17 Series MagSafe silicone Classic Pink,"ip17-silicone-3.jpg, ip17-silicone-4.jpg, ip-17-air-silicone-1.jpg, ip-17-air-silicone-2.jpg, ip-17-pro-pro-max-silicone-3.jpg, ip-17-pro-pro-max-silicone-4.jpg",6,6
1290,iPhone 17,ip17-silicone-3.jpg,1,1
1291,iPhone 17 Pro,ip-17-pro-pro-max-silicone-3.jpg,1,1
1292,iPhone Air,ip-17-air-silicone-1.jpg,1,1
1293,iPhone 17 Pro Max,ip-17-pro-pro-max-silicone-3.jpg,1,1
1294,P Case iPhone 17 Series MagSafe silicone Classic Black,"ip17-silicone-7.jpg, ip17-silicone-8.jpg, ip-17-air-silicone-7.jpg, ip-17-air-silicone-8.jpg, ip-17-pro-pro-max-silicone-7.jpg, ip-17-pro-pro-max-silicone-8.jpg",6,6
1295,iPhone 17,ip17-silicone-7.jpg,1,1
1296,iPhone 17 Pro,ip-17-pro-pro-max-silicone-7.jpg,1,1
1297,iPhone Air,ip-17-air-silicone-7.jpg,1,1
1298,iPhone 17 Pro Max,ip-17-pro-pro-max-silicone-7.jpg,1,1
1299,P Case iPhone 17 Series Clearz,"ip17-clear-case-1.jpg, ip17-clear-case-2.jpg, ip17-air-clear-case-1.jpg, ip17-air-clear-case-2.jpg, ip17-pro-pro-max-clear-case-1.jpg, ip17-pro-pro-max-clear-case-2.jpg",6,6
1300,iPhone 17,ip17-clear-case-1.jpg,1,1
1301,iPhone 17 Pro,ip17-pro-pro-max-clear-case-1.jpg,1,1
1302,iPhone Air,ip17-air-clear-case-1.jpg,1,1
1303,iPhone 17 Pro Max,ip17-pro-pro-max-clear-case-1.jpg,1,1
1304,P Case iPhone 17 Series Clearz MagSafe,"ip17-clear-magnetic-case-1.jpg, ip17-clear-magnetic-case-2.jpg, ip17-air-clear-magnetic-case-1.jpg, ip17-air-clear-magnetic-case-2.jpg, ip17-pro-pro-max-clear-magnetic-case-1.jpg, ip17-pro-pro-max-clear-magnetic-case-2.jpg",6,6
1305,iPhone 17,ip17-clear-magnetic-case-1.jpg,1,1
1306,iPhone 17 Pro,ip17-pro-pro-max-clear-magnetic-case-1.jpg,1,1
1307,iPhone Air,ip17-air-clear-magnetic-case-1.jpg,1,1
1308,iPhone 17 Pro Max,ip17-pro-pro-max-clear-magnetic-case-1.jpg,1,1
1309,P Case iPhone 17 Series Clearz MagSafe Silver,"ip17-clear-magnetic-silver-case-1.jpg, ip17-clear-magnetic-silver-case-2.jpg, ip17-air-clear-magnetic-silver-case-1.jpg, ip17-air-clear-magnetic-silver-case-2.jpg, ip17-pro-pro-max-clear-magnetic-silver-case-1.jpg, ip17-pro-pro-max-clear-magnetic-silver-case-2.jpg",6,6
1310,iPhone 17,ip17-clear-magnetic-silver-case-1.jpg,1,1
1311,iPhone 17 Pro,ip17-pro-pro-max-clear-magnetic-silver-case-1.jpg,1,1
1312,iPhone Air,ip17-air-clear-magnetic-silver-case-1.jpg,1,1
1313,iPhone 17 Pro Max,ip17-pro-pro-max-clear-magnetic-silver-case-1.jpg,1,1
1314,Kit 360 - לiPhone 17 Series מגן מסך וכיסוי,kit.jpg,1,1
1315,iPhone 17,kit.jpg,1,1
1316,iPhone Air,kit.jpg,1,1
1317,iPhone 17 Pro,kit.jpg,1,1
1318,iPhone 17 Pro Max,kit.jpg,1,1
1319,P SP Easy Glass iPhone 17 Series,"easy-glass-1.jpg, easy-glass-2.jpg, easy-glass-3.jpg, easy-glass-4.jpg",4,4
1320,iPhone 17,"easy-glass-1.jpg, easy-glass-2.jpg, easy-glass-3.jpg, easy-glass-4.jpg",4,4
1321,iPhone 17 Pro,"easy-glass-1.jpg, easy-glass-2.jpg, easy-glass-3.jpg, easy-glass-4.jpg",4,4
1322,iPhone 17 Pro Max,"easy-glass-1.jpg, easy-glass-2.jpg, easy-glass-3.jpg, easy-glass-4.jpg",4,4
1323,P SP iPhone 17 Series,blank-glass-iphone.jpg,1,1
1324,iPhone 17,blank-glass-iphone.jpg,1,1
1325,iPhone Air,blank-glass-iphone.jpg,1,1
1326,iPhone 17 Pro,blank-glass-iphone.jpg,1,1
1327,iPhone 17 Pro Max,blank-glass-iphone.jpg,1,1
1328,P SP Privacy iPhone 17 Series,privacy-glass-ip13-pm.jpg,1,1
1329,iPhone 17,privacy-glass-ip13-pm.jpg,1,1
1330,iPhone Air,privacy-glass-ip13-pm.jpg,1,1
1331,iPhone 17 Pro,privacy-glass-ip13-pm.jpg,1,1
1332,iPhone 17 Pro Max,privacy-glass-ip13-pm.jpg,1,1
1333,iPhone 17 Series Clear Case with MagSafe,"photoshopextension_image-7.png, iphone_17_black_clear_case_with_magsafe_pure_back_screen__usen.png, iphone_17_lavender_clear_case_with_magsafe_pure_back_screen__usen.png, iphone_17_mist_blue_clear_case_with_magsafe_pure_back_screen__usen.png, iphone_17_sage_clear_case_with_magsafe_pure_back_screen__usen.png, iphone_17_pro_deep_blue_clear_case_with_magsafe_pure_back_screen__usen.png, iphone_17_pro_silver_clear_case_with_magsafe_pure_back_screen__usen.png, iphone_17_pro_cosmic_orange_clear_case_with_magsafe_pure_back_screen__usen.png",8,8
1334,iPhone 17,photoshopextension_image-7.png,1,1
1335,iPhone 17 Pro,iphone_17_pro_silver_clear_case_with_magsafe_pure_back_screen__usen.png,1,1
1336,iPhone 17 Pro Max,iphone_17_pro_cosmic_orange_clear_case_with_magsafe_pure_back_screen__usen.png,1,1
1337,Apple Watch 11 GPS + Cellular Titanium Case 42mm,"apple_-2.jpg, ec12cbf4.jpg, apple_-3.jpg, 7bc3d4d7.jpg, aae8e220.jpg, 27e3f536.jpg, apple_-2.jpg, apple_-1.jpg",8,8
1338,Natural Titanium Case with Stone Grey Sport Band - S/M S-100680,apple_-2.jpg,1,1
1339,Apple Watch 11 GPS + Cellular Titanium Case 46mm,"apple_-1.jpg, 8bf973d9.jpg, apple_-2.jpg, apple_-3.jpg, 7bc3d4d7.jpg, aae8e220.jpg, 27e3f536.jpg, apple_-1.jpg",8,8
1340,Slate Titanium Case with Black Sport Band - M/L S-100684,2537e3d0.jpg,1,1
1341,Natural Titanium Case with Natural Milanese Loop - S/M S-100683,apple_-1.jpg,1,1
1342,Slate Titanium Case with Slate Milanese Loop - M/L S-100685,d9935134.jpg,1,1
1343,iPhone 17 Series Silicone Case with MagSafe – Black,"iphone_17_pro_max_silver_black_silicone_case_with_magsafe_pure_back_screen__usen.png, iphone_17_white_black_silicone_case_with_magsafe_pure_back_screen__usen.png",2,2
1344,iPhone 17,iphone_17_white_black_silicone_case_with_magsafe_pure_back_screen__usen.png,1,1
1345,iPhone 17 Pro,iphone_17_pro_max_silver_black_silicone_case_with_magsafe_pure_back_screen__usen.png,1,1
1346,iPhone 17 Pro Max,iphone_17_pro_max_silver_black_silicone_case_with_magsafe_pure_back_screen__usen.png,1,1
1347,iPhone 17 Pro Max TechWoven Case with MagSafe,photoshopextension_image-2.png,1,1
1348,שחור,photoshopextension_image-2.png,1,1
1349,כחול,photoshopextension_image-3.png,1,1
1351,כתום,photoshopextension_image-6.png,1,1
1352,ירוק,photoshopextension_image-4.png,1,1
1353,iPhone 17 Pro TechWoven Case with MagSafe,iphone_17_pro_max_silver_blue_techwoven_case_with_magsafe_pure_back_screen__usen.png,1,1
1354,שחור,iphone_17_pro_max_silver_black_techwoven_case_with_magsafe_pure_back_screen__usen.png,1,1
1355,כחול,iphone_17_pro_max_silver_blue_techwoven_case_with_magsafe_pure_back_screen__usen.png,1,1
1356,סגול,iphone_17_pro_max_silver_purple_techwoven_case_with_magsafe_pure_back_screen__usen.png,1,1
1357,כתום,iphone_17_pro_max_silver_sienna_techwoven_case_with_magsafe_pure_back_screen__usen.png,1,1
1358,ירוק,iphone_17_pro_max_silver_green_techwoven_case_with_magsafe_pure_back_screen__usen.png,1,1
1359,iPhone Air Bumper – Black,iphone_air_space_black_black_silicone_bumper_34fr_screen__usen.png,2,1
1360,שחור,iphone_air_space_black_black_silicone_bumper_34fr_screen__usen.png,2,1
1361,iPhone Air Case with MagSafe – Frost,"iphone_air_cloud_white_frost_case_with_magsafe_34fr_screen__usen.png, iphone_air_cloud_white_frost_case_with_magsafe_pure_back_screen__usen.png",2,2
1362,שקוף,"iphone_air_cloud_white_frost_case_with_magsafe_34fr_screen__usen.png, iphone_air_cloud_white_frost_case_with_magsafe_pure_back_screen__usen.png",2,2
1363,iPhone FineWoven Wallet with MagSafe,"photoshopextension_image.png, photoshopextension_image-1.png",2,2
1364,שחור,"photoshopextension_image.png, photoshopextension_image-1.png",2,2
1368,iPhone Air MagSafe Battery,"apple_magsafe_battery_for_iphone_air_pure_back_screen__usen.png, iphone_air_cloud_white_magsafe_battery_34br_screen__usen.png, iphone_air_light_gold_magsafe_battery_34br_screen__usen.png, iphone_air_sky_blue_magsafe_battery_34br_screen__usen.png, iphone_air_space_black_magsafe_battery_34br_screen__usen.png",5,5
1369,S-100737,"apple_magsafe_battery_for_iphone_air_pure_back_screen__usen.png, iphone_air_cloud_white_magsafe_battery_34br_screen__usen.png, iphone_air_light_gold_magsafe_battery_34br_screen__usen.png, iphone_air_sky_blue_magsafe_battery_34br_screen__usen.png, iphone_air_space_black_magsafe_battery_34br_screen__usen.png",5,5
1370,ערכת השקה ל iPhone 17,"box-avizarim-iphone-1.jpg, active-power-bank2.png, 20w_usb-c_power_adapter_front_eu_screen.png, 20w_usb-c_power_adapter_bottom_eu_screen.png, תמונה1.png",6,5
1371,Kit,"box-avizarim-iphone-1.jpg, active-power-bank2.png, 20w_usb-c_power_adapter_front_eu_screen.png, 20w_usb-c_power_adapter_bottom_eu_screen.png, תמונה1.png",6,5
1372,"מסך מגע חכם אלחוטי ונייד 27"" LG 27LX6TDGA",1_stanbyme2-27lx6t-תמונה-ראשית.png,8,1
1373,"טלוויזיה חכמה 65"" LG 4K UHD 65UA73006LA","1-1-65ua73006la_תמונה-ראשית-עם-שלט.jpg, 3-oled77b56la_גב-מסך.jpg, 6-oled77b56la_תמונת-מעבד.jpg",5,3
1374,"טלוויזיה חכמה 65"" LG QNED MiniLED 65QNED93A6A","1-1-65qned93a_תמונה-ראשית-עם-שלט.jpg, 1-65qned93a6a_תמונה-ראשית.jpg",3,2
1375,"טלוויזיה חכמה 75"" LG QNED MiniLED 75QNED93A6A","1-1-65qned93a_תמונה-ראשית-עם-שלט.jpg, 1-65qned93a6a_תמונה-ראשית.jpg",3,2
1376,"טלוויזיה חכמה 85"" LG QNED MiniLED 85QNED93A6A","1-1-65qned93a_תמונה-ראשית-עם-שלט.jpg, 1-65qned93a6a_תמונה-ראשית.jpg",3,2
1377,שואב אבק שוטף רובוטי שיאומי דגם Xiaomi Robot Vacuum 5 Pro,"xiaomi-robot-vacuum-5-pro-1.png, xiaomi-robot-vacuum-5-pro-2.png, xiaomi-robot-vacuum-5-pro-3.png, xiaomi-robot-vacuum-5-pro-4.png, xiaomi-robot-vacuum-5-pro-5.jpg, xiaomi-robot-vacuum-5-pro-6.jpg, xiaomi-robot-vacuum-5-pro-7.jpg, xiaomi-robot-vacuum-5-pro-8.jpg, xiaomi-robot-vacuum-5-pro-9.jpg, xiaomi-robot-vacuum-5-pro-10.jpg",10,10
1378,S-101186,"xiaomi-robot-vacuum-5-pro-1.png, xiaomi-robot-vacuum-5-pro-2.png, xiaomi-robot-vacuum-5-pro-3.png, xiaomi-robot-vacuum-5-pro-4.png, xiaomi-robot-vacuum-5-pro-5.jpg, xiaomi-robot-vacuum-5-pro-6.jpg, xiaomi-robot-vacuum-5-pro-7.jpg, xiaomi-robot-vacuum-5-pro-8.jpg, xiaomi-robot-vacuum-5-pro-9.jpg, xiaomi-robot-vacuum-5-pro-10.jpg",10,10
1379,שואב אבק שוטף רובוטי שיאומי דגם Xiaomi Robot Vacuum 5,"xiaomi-robot-vacuum-5-1.png, xiaomi-robot-vacuum-5-2.png, xiaomi-robot-vacuum-5-3.png, xiaomi-robot-vacuum-5-5.jpg, xiaomi-robot-vacuum-5-6.jpg, xiaomi-robot-vacuum-5-7.jpg, xiaomi-robot-vacuum-5-8.jpg, xiaomi-robot-vacuum-5-9.jpg, xiaomi-robot-vacuum-5-10.jpg",9,9
1380,S-101187,"xiaomi-robot-vacuum-5-1.png, xiaomi-robot-vacuum-5-2.png, xiaomi-robot-vacuum-5-3.png, xiaomi-robot-vacuum-5-5.jpg, xiaomi-robot-vacuum-5-6.jpg, xiaomi-robot-vacuum-5-7.jpg, xiaomi-robot-vacuum-5-8.jpg, xiaomi-robot-vacuum-5-9.jpg, xiaomi-robot-vacuum-5-10.jpg",9,9
1390,Samsung Galaxy A17 128GB,"250_sm-a175_galaxy-a17_lte_black_front2_thumb.png, 250_sm-a175_galaxy-a17_lte_black_back_thumb.png, sm-a175_galaxy-a17_lte_gray_front_thumb.png, 250_sm-a175_galaxy-a17_lte_gray_front2_thumb.png, sm-a175_galaxy-a17_lte_gray_back_thumb.png",6,5
1392,מסך,"250_sm-a175_galaxy-a17_lte_black_front2_thumb.png, 250_sm-a175_galaxy-a17_lte_black_back_thumb.png, sm-a175_galaxy-a17_lte_gray_front_thumb.png, 250_sm-a175_galaxy-a17_lte_gray_front2_thumb.png, sm-a175_galaxy-a17_lte_gray_back_thumb.png",6,5
1393,GRAY,sm-a175_galaxy-a17_lte_gray_front_thumb.png,1,1
1394,Blue,250_sm-a175_galaxy-a17_lte_light-blue_front_thumb.png,1,1
1395,Samsung Galaxy A17 256GB,"250_sm-a175_galaxy-a17_lte_black_front2_thumb.png, 250_sm-a175_galaxy-a17_lte_black_back_thumb.png, sm-a175_galaxy-a17_lte_gray_front_thumb.png, 250_sm-a175_galaxy-a17_lte_gray_front2_thumb.png, sm-a175_galaxy-a17_lte_gray_back_thumb.png",6,5
1397,"טלוויזיה חכמה Sony Bravia Series 5 XR Mini LED Google TV 4K HDR 65""",untitled-1.png,5,1
1398,65,untitled-1.png,5,1
1399,"טלוויזיה חכמה Sony Bravia Series 5 XR Mini LED Google TV 4K HDR 75""",untitled-1.png,5,1
1400,75,untitled-1.png,5,1
1430,רמקול נייד JBL GRIP,"ls_jbl_grip_black_3_4_left_0045_x1.png, ls_jbl_grip_black_detail_1_0081_x1.png, ls_jbl_grip_black_hero__0026_x3.png, ls_jbl_grip_black_light_0056_x2.png, ls_jbl_grip_black_top_0021_x1.png, ls_jbl_grip_blue_3_4_left_0045_x1.png, ls_jbl_grip_blue_3_4_right_0052_x1.png, ls_jbl_grip_blue_back_0043_x1.png, ls_jbl_grip_blue_detail_1_0081_x1.png, ls_jbl_grip_blue_detail_2_0083_x1.png, ls_jbl_grip_red_3_4_left_0045_x1.png, ls_jbl_grip_red_back_0043_x1.png, ls_jbl_grip_red_bottom_0101_x2.png, ls_jbl_grip_red_detail_1_0081_x1.png, ls_jbl_grip_red_hero_0026_x3.png, ls_jbl_grip_red_light_0056_x2.png",17,16
1431,blue,ls_jbl_grip_blue_3_4_left_0045_x1.png,1,1
1432,black,ls_jbl_grip_black_3_4_left_0045_x1.png,1,1
1433,red,ls_jbl_grip_red_3_4_left_0045_x1.png,1,1
1434,רמקול אלחוטי JBL Boombox 4,"ls_jbl_boombox_4_hero_black_0019_x4.png, ls_jbl_boombox_4_hero_blue_0019_x4-1.png, ls_jbl_boombox_4_right_black_0057_x1.png, ls_jbl_boombox_4_top_black_0094_x1.png, ls_jbl_boombox_4_top_blue_0094_x1.png, ls_jbl_boombox_4_top_down_black_0089_x1.png, ls_jbl_boombox_4_top_down_blue_0089_x1.png, ls_jbl_boombox_4_back_black_0045_x1.png, ls_jbl_boombox_4_back_open_blue_0047_x1.png, ls_jbl_boombox_4_front_black_0022_x1.png",12,10
1435,blue,ls_jbl_boombox_4_hero_blue_0019_x4-1.png,1,1
1436,black,ls_jbl_boombox_4_hero_black_0019_x4.png,1,1
1437,רמקול אלחוטי ללא ספק כוח JBL Xtreme 3,"jbl_xtreme_3_hero_0010_x2.jpg, jbl_xtreme_3_hero__0016_x2.jpg, jbl_xtreme_3_left_right_0049_x1.jpg, jbl_xtreme_3_front_0032_x1.jpg",4,4
1438,black,"jbl_xtreme_3_hero_0010_x2.jpg, jbl_xtreme_3_hero__0016_x2.jpg, jbl_xtreme_3_left_right_0049_x1.jpg, jbl_xtreme_3_front_0032_x1.jpg",4,4
1439,אוזניות קשת לילדים JBL JR320BT,"01-ls_jbl_junior_320bt_product-image_hero_green.png, 02-ls_jbl_junior_320bt_product-image_front_purple.png, 03-ls_jbl_junior_320bt_product-image_back_blue.png, 04-ls_jbl_junior_320bt_product-image_right_purple.png, 05-ls_jbl_junior_320bt_product-image_left_blue.png, 06-ls_jbl_junior_320bt_product-image_folded_blue.png",8,6
1441,green,01-ls_jbl_junior_320bt_product-image_hero_green.png,1,1
1442,אוזניות אלחוטיות JBL Wave Flex 2,"01-ls_jbl_wave-flex-2_product-image_hero_white.png, 02-ls_jbl_wave-flex-2_product-image_front_white.png, 03-ls_jbl_wave-flex-2_product-image_back_white.png, 03-ls_jbl_wave-flex-2_product-image_front_black.png",6,4
1443,white,01-ls_jbl_wave-flex-2_product-image_hero_white.png,1,1
1450,Xiaomi 15T 5G 12GB+512GB,"xiaomi-15t-pro-black-1.jpg, xiaomi-15t-black-2.jpg, xiaomi-15t-black-3.jpg",3,3
1451,Black,"xiaomi-15t-pro-black-1.jpg, xiaomi-15t-black-2.jpg, xiaomi-15t-black-3.jpg",3,3
1452,שעון ספורט חכם שיאומי דגם Redmi Watch 5 Active S-97110,redmi-watch-5-active_black_3.jpg,1,1
1453,Xiaomi 15T Pro 5G 12GB+512GB,"xiaomi-15t-pro-black-1.jpg, xiaomi-15t-black-2.jpg, xiaomi-15t-black-3.jpg",3,3
1454,Black,"xiaomi-15t-pro-black-1.jpg, xiaomi-15t-black-2.jpg, xiaomi-15t-black-3.jpg",3,3
1455,Redmi 15C NFC 4GB+128GB 4G,"1.jpg, 2.jpg, 3.jpg, 4.jpg, 5.jpg",5,5
1456,Black,"1.jpg, 2.jpg, 3.jpg, 4.jpg, 5.jpg",5,5
1469,"Acer Aspire 3 N4500 4GB RAM ‎15.6""‎ ‎256GB","acer-aspire-lite-15-al15-32p-non-fingerprint-non-backlit-wp-silver-04-custom.png, acer-aspire-lite-15-al15-32p-non-fingerprint-non-backlit-silver-05-custom.png, acer-aspire-lite-15-al15-32p-non-fingerprint-non-backlit-silver-06-custom.png, acer-aspire-lite-15-al15-32p-non-fingerprint-non-backlit-silver-07-custom.png, acer-aspire-lite-15-al15-32p-non-fingerprint-non-backlit-silver-08-custom.png, acer-aspire-lite-15-al15-32p-non-fingerprint-non-backlit-silver-09-custom.png, acer-aspire-lite-15-al15-32p-non-fingerprint-non-backlit-wp-silver-01-custom.png, acer-aspire-lite-15-al15-32p-non-fingerprint-non-backlit-wp-silver-02-custom.png, acer-aspire-lite-15-al15-32p-non-fingerprint-non-backlit-wp-silver-03-custom.png",9,9
1470,S-101692,"acer-aspire-lite-15-al15-32p-non-fingerprint-non-backlit-wp-silver-04-custom.png, acer-aspire-lite-15-al15-32p-non-fingerprint-non-backlit-silver-05-custom.png, acer-aspire-lite-15-al15-32p-non-fingerprint-non-backlit-silver-06-custom.png, acer-aspire-lite-15-al15-32p-non-fingerprint-non-backlit-silver-07-custom.png, acer-aspire-lite-15-al15-32p-non-fingerprint-non-backlit-silver-08-custom.png, acer-aspire-lite-15-al15-32p-non-fingerprint-non-backlit-silver-09-custom.png, acer-aspire-lite-15-al15-32p-non-fingerprint-non-backlit-wp-silver-01-custom.png, acer-aspire-lite-15-al15-32p-non-fingerprint-non-backlit-wp-silver-02-custom.png, acer-aspire-lite-15-al15-32p-non-fingerprint-non-backlit-wp-silver-03-custom.png",9,9
1471,"Xiaomi TV Max 2025 QLED 100""","xiaomi-tv-max-100_1.jpg, xiaomi-tv-max-85_2.jpg, xiaomi-tv-max-85_3-1.jpg, xiaomi-tv-max-85_4.jpg",4,4
1472,100,"xiaomi-tv-max-100_1.jpg, xiaomi-tv-max-85_2.jpg, xiaomi-tv-max-85_3-1.jpg, xiaomi-tv-max-85_4.jpg",4,4
1481,Sony PlayStation 5 825GB Digital Slim Edition,"ps5_cfi2000_digital_edition_pr_01_cmyk.jpg, ps5_cfi2000_digital_edition_pr_03_cmyk.jpg, ps5de_d_sa_rndr_lt_prod_rgb_eu_231018.jpg, ps5de_d_sa_rndr_ft_rgb_eu_231018.jpg",4,4
1482,S-101981,"ps5_cfi2000_digital_edition_pr_01_cmyk.jpg, ps5_cfi2000_digital_edition_pr_03_cmyk.jpg, ps5de_d_sa_rndr_lt_prod_rgb_eu_231018.jpg, ps5de_d_sa_rndr_ft_rgb_eu_231018.jpg",4,4
1483,קונסולה Sony PlayStation 5 1TB Blu-Ray Slim Edition - NEW,"ps5_cfi2000_pr_01_cmyk.jpg, ps5_cfi2000_pr_03_cmyk.jpg",2,2
1484,S-101980,"ps5_cfi2000_pr_01_cmyk.jpg, ps5_cfi2000_pr_03_cmyk.jpg",2,2
1485,טלפון סלולרי Samsung Galaxy A07 64GB,"250_sm-a075_galaxy-a07_lte_black_back_thumb.png, 250_sm-a075_galaxy-a07_lte_black_front2_thumb.png",3,2
1487,Light Violet,250_sm-a075_galaxy-a07_lte_light-violet_front_thumb.png,1,1
1488,Green,250_sm-a075_galaxy-a07_lte_green_front_thumb.png,1,1
1489,טלפון סלולרי Samsung Galaxy A07 128GB,"250_sm-a075_galaxy-a07_lte_black_back_thumb.png, 250_sm-a075_galaxy-a07_lte_black_front2_thumb.png",3,2
1491,Green,250_sm-a075_galaxy-a07_lte_green_front_thumb.png,1,1
1492,Samsung Galaxy Tab A11 WiFi 128GB,"250_galaxy-tab-a11_gray_product-image_combo_thumbnail.png, 250_galaxy-tab-a11_gray_product-image_front_thumbnail.png, 250_galaxy-tab-a11_gray_product-image_back_thumbnail.png",3,3
1493,S-101511,"250_galaxy-tab-a11_gray_product-image_combo_thumbnail.png, 250_galaxy-tab-a11_gray_product-image_front_thumbnail.png, 250_galaxy-tab-a11_gray_product-image_back_thumbnail.png",3,3
1494,Samsung Galaxy Tab A11 WiFi 64GB,"250_galaxy-tab-a11_gray_product-image_combo_thumbnail.png, 250_galaxy-tab-a11_gray_product-image_front_thumbnail.png, 250_galaxy-tab-a11_gray_product-image_back_thumbnail.png",3,3
1495,S-101513,"250_galaxy-tab-a11_gray_product-image_combo_thumbnail.png, 250_galaxy-tab-a11_gray_product-image_front_thumbnail.png, 250_galaxy-tab-a11_gray_product-image_back_thumbnail.png",3,3
1496,Samsung Galaxy Tab A11 LTE 128GB,"250_galaxy-tab-a11_gray_product-image_combo_thumbnail.png, 250_galaxy-tab-a11_gray_product-image_front_thumbnail.png, 250_galaxy-tab-a11_gray_product-image_back_thumbnail.png",3,3
1497,S-101515,"250_galaxy-tab-a11_gray_product-image_combo_thumbnail.png, 250_galaxy-tab-a11_gray_product-image_front_thumbnail.png, 250_galaxy-tab-a11_gray_product-image_back_thumbnail.png",3,3
1498,Samsung Galaxy Tab A11 LTE 64GB,"250_galaxy-tab-a11_gray_product-image_combo_thumbnail.png, 250_galaxy-tab-a11_gray_product-image_front_thumbnail.png, 250_galaxy-tab-a11_gray_product-image_back_thumbnail.png",3,3
1499,S-101517,"250_galaxy-tab-a11_gray_product-image_combo_thumbnail.png, 250_galaxy-tab-a11_gray_product-image_front_thumbnail.png, 250_galaxy-tab-a11_gray_product-image_back_thumbnail.png",3,3
1500,Samsung Galaxy Tab A11+ WiFi 128GB,"250_galaxy-tab-a11_silver_product-image_combo_thumbnail.png, 250_galaxy-tab-a11_silver_product-image_front_thumbnail.png, 250_galaxy-tab-a11_silver_product-image_back_thumbnail.png",3,3
1501,S-101621,"250_galaxy-tab-a11_silver_product-image_combo_thumbnail.png, 250_galaxy-tab-a11_silver_product-image_front_thumbnail.png, 250_galaxy-tab-a11_silver_product-image_back_thumbnail.png",3,3
1502,Samsung Galaxy Tab A11+ 128GB 5G,"250_galaxy-tab-a11_silver_product-image_combo_thumbnail.png, 250_galaxy-tab-a11_silver_product-image_front_thumbnail.png, 250_galaxy-tab-a11_silver_product-image_back_thumbnail.png",3,3
1503,S-101622,"250_galaxy-tab-a11_silver_product-image_combo_thumbnail.png, 250_galaxy-tab-a11_silver_product-image_front_thumbnail.png, 250_galaxy-tab-a11_silver_product-image_back_thumbnail.png",3,3
1504,Samsung Galaxy Tab A11+ 5G 256GB,"250_galaxy-tab-a11_silver_product-image_combo_thumbnail.png, 250_galaxy-tab-a11_silver_product-image_front_thumbnail.png, 250_galaxy-tab-a11_silver_product-image_back_thumbnail.png",3,3
1505,S-101623,"250_galaxy-tab-a11_silver_product-image_combo_thumbnail.png, 250_galaxy-tab-a11_silver_product-image_front_thumbnail.png, 250_galaxy-tab-a11_silver_product-image_back_thumbnail.png",3,3
1506,POCO C71 3GB+64GB,"poco-c71-black_1.jpg, poco-c71-black_2.jpg, poco-c71-black_3.jpg, poco-c71-black_4.jpg",4,4
1507,Black,"poco-c71-black_1.jpg, poco-c71-black_2.jpg, poco-c71-black_3.jpg, poco-c71-black_4.jpg",4,4
1513,TP-Link Deco X20 AX1800  מגדיל טווח - ערכת שלישיה,"deco_x60_01_normal_1619488730952h.jpg, bn-99360-020-03_03062021104111_large.jpg, x20.jpg",3,3
1516,טאבלט Apple iPad Pro 13 M4 2024 Cellular 256GB,"ipad_pro_13-inch_m4_chip_wi-fi_hero_vertical_rgb_hi-res__usen.jpg, ipad_pro_13-inch_m4_chip_cellular_magic_keyboard_pro_apple_pencil_pro_hero_horizontal_rgb_hi-res__usen.jpg",2,2
1517,256GB,"ipad_pro_13-inch_m4_chip_wi-fi_hero_vertical_rgb_hi-res__usen.jpg, ipad_pro_13-inch_m4_chip_cellular_magic_keyboard_pro_apple_pencil_pro_hero_horizontal_rgb_hi-res__usen.jpg",2,2
1518,טאבלט Apple iPad Pro 11 M4 2024 WiFi 256GB,"ipad_pro_13-inch_m4_chip_wi-fi_hero_vertical_rgb_hi-res__usen.jpg, ipad_pro_13-inch_m4_chip_cellular_magic_keyboard_pro_apple_pencil_pro_hero_horizontal_rgb_hi-res__usen.jpg",2,2
1519,256GB,"ipad_pro_13-inch_m4_chip_wi-fi_hero_vertical_rgb_hi-res__usen.jpg, ipad_pro_13-inch_m4_chip_cellular_magic_keyboard_pro_apple_pencil_pro_hero_horizontal_rgb_hi-res__usen.jpg",2,2
1520,טאבלט Apple iPad Pro 11 M4 2024 Cellular 256GB,"ipad_pro_13-inch_m4_chip_wi-fi_hero_vertical_rgb_hi-res__usen.jpg, ipad_pro_13-inch_m4_chip_cellular_magic_keyboard_pro_apple_pencil_pro_hero_horizontal_rgb_hi-res__usen.jpg",2,2
1521,256GB,"ipad_pro_13-inch_m4_chip_wi-fi_hero_vertical_rgb_hi-res__usen.jpg, ipad_pro_13-inch_m4_chip_cellular_magic_keyboard_pro_apple_pencil_pro_hero_horizontal_rgb_hi-res__usen.jpg",2,2
1522,Re-New | טלפון סלולרי iPhone 15 Pro 256GB,"iphone_15_pro_black_titanium_pdp_image_position-1__wwen.png, iphone_15_pro_black_titanium_pdp_image_position-1_alt__wwen.png, iphone_15_pro_black_titanium_pdp_image_position-2__wwen.png, iphone_15_pro_black_titanium_pdp_image_position-3__wwen.png, iphone_15_pro_black_titanium_pdp_image_position-4__wwen.png, iphone_15_pro_black_titanium_pdp_image_position-5__wwen.png",6,6
1523,iPhone 15 Pro 256GB Black Titanium,iphone_15_pro_black_titanium_pdp_image_position-1__wwen.png,1,1
1524,iPhone 15 Pro 256GB White Titanium,iphone_15_pro_white_titanium_pdp_image_position-1__wwen.png,1,1
1525,iPhone 15 Pro 256GB Blue Titanium,iphone_15_pro_blue_titanium_pdp_image_position-1__wwen.png,1,1
1526,iPhone 15 Pro 256GB Natural Titanium,iphone_15_pro_natural_titanium_pdp_image_position-1__wwen.png,1,1
1527,Re-New | טלפון סלולרי iPhone 15 Pro Max 256GB,"iphone_15_pro_black_titanium_pdp_image_position-1__wwen.png, iphone_15_pro_black_titanium_pdp_image_position-1_alt__wwen.png, iphone_15_pro_black_titanium_pdp_image_position-2__wwen.png, iphone_15_pro_black_titanium_pdp_image_position-3__wwen.png, iphone_15_pro_black_titanium_pdp_image_position-4__wwen.png, iphone_15_pro_black_titanium_pdp_image_position-5__wwen.png",6,6
1528,iPhone 15 Pro Max 256GB Black Titanium,iphone_15_pro_black_titanium_pdp_image_position-1__wwen.png,1,1
1529,iPhone 15 Pro Max 256GB White Titanium,iphone_15_pro_white_titanium_pdp_image_position-1__wwen.png,1,1
1530,iPhone 15 Pro Max 256GB Blue Titanium,iphone_15_pro_blue_titanium_pdp_image_position-1__wwen.png,1,1
1531,iPhone 15 Pro Max 256GB Natural Titanium,iphone_15_pro_natural_titanium_pdp_image_position-1__wwen.png,1,1
1532,Re-New | טלפון סלולרי Samsung Galaxy S24 Ultra 5G 256GB,"sm-s928_galaxys24ultra_front_titaniumblack_231109.jpg, sm-s928_galaxys24ultra_devicebackl30_titaniumblack_231109.jpg, sm-s928_galaxys24ultra_devicebackr30_titaniumblack_231109.jpg, sm-s928_galaxys24ultra_deviceback_titaniumblack_231109.jpg, sm-s928_galaxys24ultra_devicepenbackl30_titaniumblack_231109.jpg, sm-s928_galaxys24ultra_devicepenbackr30_titaniumblack_231109.jpg, sm-s928_galaxys24ultra_devicepenback_titaniumblack_231109.jpg, sm-s928_galaxys24ultra_devicefront_titaniumblack_231109.jpg, sm-s928_galaxys24ultra_devicepenfrontl30_titaniumblack_231109.jpg, sm-s928_galaxys24ultra_devicepenfrontr30_titaniumblack_231109.jpg, sm-s928_galaxys24ultra_devicepenfront_titaniumblack_231109.jpg, sm-s928_galaxys24ultra_penl30_titaniumblack_231109.jpg",12,12
1533,טלפון סלולרי Samsung Galaxy S24 Ultra 5G 256GB Titanium Black,"sm-s928_galaxys24ultra_front_titaniumblack_231109.jpg, sm-s928_galaxys24ultra_devicebackl30_titaniumblack_231109.jpg, sm-s928_galaxys24ultra_devicebackr30_titaniumblack_231109.jpg, sm-s928_galaxys24ultra_deviceback_titaniumblack_231109.jpg, sm-s928_galaxys24ultra_devicepenbackl30_titaniumblack_231109.jpg, sm-s928_galaxys24ultra_devicepenbackr30_titaniumblack_231109.jpg, sm-s928_galaxys24ultra_devicepenback_titaniumblack_231109.jpg, sm-s928_galaxys24ultra_devicefront_titaniumblack_231109.jpg, sm-s928_galaxys24ultra_devicepenfrontl30_titaniumblack_231109.jpg, sm-s928_galaxys24ultra_devicepenfrontr30_titaniumblack_231109.jpg, sm-s928_galaxys24ultra_devicepenfront_titaniumblack_231109.jpg, sm-s928_galaxys24ultra_penl30_titaniumblack_231109.jpg",12,12
1534,טלפון סלולרי Samsung Galaxy S24 Ultra 5G 256GB Titanium Gray,"sm-s928_galaxys24ultra_front_titaniumblack_231109.jpg, sm-s928_galaxys24ultra_devicebackl30_titaniumblack_231109.jpg, sm-s928_galaxys24ultra_devicebackr30_titaniumblack_231109.jpg, sm-s928_galaxys24ultra_deviceback_titaniumblack_231109.jpg, sm-s928_galaxys24ultra_devicepenbackl30_titaniumblack_231109.jpg, sm-s928_galaxys24ultra_devicepenbackr30_titaniumblack_231109.jpg, sm-s928_galaxys24ultra_devicepenback_titaniumblack_231109.jpg, sm-s928_galaxys24ultra_devicefront_titaniumblack_231109.jpg, sm-s928_galaxys24ultra_devicepenfrontl30_titaniumblack_231109.jpg, sm-s928_galaxys24ultra_devicepenfrontr30_titaniumblack_231109.jpg, sm-s928_galaxys24ultra_devicepenfront_titaniumblack_231109.jpg, sm-s928_galaxys24ultra_penl30_titaniumblack_231109.jpg",12,12
1535,טלפון סלולרי Samsung Galaxy S24 Ultra 5G 256GB Titanium Yellow,"sm-s928_galaxys24ultra_front_titaniumblack_231109.jpg, sm-s928_galaxys24ultra_devicebackl30_titaniumblack_231109.jpg, sm-s928_galaxys24ultra_devicebackr30_titaniumblack_231109.jpg, sm-s928_galaxys24ultra_deviceback_titaniumblack_231109.jpg, sm-s928_galaxys24ultra_devicepenbackl30_titaniumblack_231109.jpg, sm-s928_galaxys24ultra_devicepenbackr30_titaniumblack_231109.jpg, sm-s928_galaxys24ultra_devicepenback_titaniumblack_231109.jpg, sm-s928_galaxys24ultra_devicefront_titaniumblack_231109.jpg, sm-s928_galaxys24ultra_devicepenfrontl30_titaniumblack_231109.jpg, sm-s928_galaxys24ultra_devicepenfrontr30_titaniumblack_231109.jpg, sm-s928_galaxys24ultra_devicepenfront_titaniumblack_231109.jpg, sm-s928_galaxys24ultra_penl30_titaniumblack_231109.jpg",12,12
1536,"Magic Keyboard for iPad Air (4th Gen) and iPad Pro 11"" (2nd Gen)","ipad_pro_11-in_silver_black_magic_keyboard_34bl_type_mode_screen__usen.jpg, ipad_pro_11-in_silver_black_magic_keyboard_14fl_type_mode_screen__usen.jpg, ipad_pro_12_9-in_silver_black_magic_keyboard_14fl_type_mode_screen__usen.jpg, ipad_pro_11-in_silver_black_magic_keyboard_pure_front_movie_mode_screen__usen.jpg, ipad_pro_12_9-in_silver_black_magic_keyboard_34bl_type_mode_screen__usen.jpg",5,5
1537,"Magic Keyboard for iPad Air (4th Gen) and iPad Pro 11"" (2nd Gen)","ipad_pro_11-in_silver_black_magic_keyboard_34bl_type_mode_screen__usen.jpg, ipad_pro_11-in_silver_black_magic_keyboard_14fl_type_mode_screen__usen.jpg, ipad_pro_12_9-in_silver_black_magic_keyboard_14fl_type_mode_screen__usen.jpg, ipad_pro_11-in_silver_black_magic_keyboard_pure_front_movie_mode_screen__usen.jpg, ipad_pro_12_9-in_silver_black_magic_keyboard_34bl_type_mode_screen__usen.jpg",5,5
1558,Redmi Note 15 8GB+256GB בצבע שחור,"redmi-note-15-p7-_black_1.jpg, redmi-note-15-p7-_black_2.jpg, redmi-note-15-p7-_black_3.jpg, redmi-note-15-p7-_black_4.jpg, redmi-note-15-p7-_black_5.jpg, redmi-note-15-p7-_black_6.jpg, redmi-note-15-p7-_black_7.jpg",7,7
1559,Black,"redmi-note-15-p7-_black_1.jpg, redmi-note-15-p7-_black_2.jpg, redmi-note-15-p7-_black_3.jpg, redmi-note-15-p7-_black_4.jpg, redmi-note-15-p7-_black_5.jpg, redmi-note-15-p7-_black_6.jpg, redmi-note-15-p7-_black_7.jpg",7,7
1560,Redmi Note 15 8GB+256GB בצבע סגול,"redmi-note-15-p7-purple-1.jpg, redmi-note-15-p7-purple-2.jpg, redmi-note-15-p7-purple-3.jpg, redmi-note-15-p7-purple-4.jpg, redmi-note-15-p7-purple-5.jpg, redmi-note-15-p7-purple-6.jpg, redmi-note-15-p7-purple-7.jpg",7,7
1561,Purple,"redmi-note-15-p7-purple-1.jpg, redmi-note-15-p7-purple-2.jpg, redmi-note-15-p7-purple-3.jpg, redmi-note-15-p7-purple-4.jpg, redmi-note-15-p7-purple-5.jpg, redmi-note-15-p7-purple-6.jpg, redmi-note-15-p7-purple-7.jpg",7,7
1562,Redmi Note 15 Pro 8GB+256GB,"redmi-note-15-pro-p6-black-1.jpg, redmi-note-15-pro-p6-black-2.jpg, redmi-note-15-pro-p6-black-3.jpg, redmi-note-15-pro-p6-black-4.jpg, redmi-note-15-pro-p6-black-5.jpg, redmi-note-15-pro-p6-black-6.jpg, redmi-note-15-pro-p6-black-7.jpg",7,7
1563,Black,"redmi-note-15-pro-p6-black-1.jpg, redmi-note-15-pro-p6-black-2.jpg, redmi-note-15-pro-p6-black-3.jpg, redmi-note-15-pro-p6-black-4.jpg, redmi-note-15-pro-p6-black-5.jpg, redmi-note-15-pro-p6-black-6.jpg, redmi-note-15-pro-p6-black-7.jpg",7,7
1564,Redmi Note 15 Pro 5G 8GB+256GB,"redmi-note-15-pro-p6-black-1.jpg, redmi-note-15-pro-p6-black-2.jpg, redmi-note-15-pro-p6-black-3.jpg, redmi-note-15-pro-p6-black-4.jpg, redmi-note-15-pro-p6-black-5.jpg, redmi-note-15-pro-p6-black-6.jpg, redmi-note-15-pro-p6-black-7.jpg",7,7
1565,Black,"redmi-note-15-pro-p6-black-1.jpg, redmi-note-15-pro-p6-black-2.jpg, redmi-note-15-pro-p6-black-3.jpg, redmi-note-15-pro-p6-black-4.jpg, redmi-note-15-pro-p6-black-5.jpg, redmi-note-15-pro-p6-black-6.jpg, redmi-note-15-pro-p6-black-7.jpg",7,7
1566,Redmi Note 15 Pro+ 5G 12GB+512GB,"redmi-note-15-pro-5g-p16u-black-1.jpg, redmi-note-15-pro-5g-p16u-black-2.jpg, redmi-note-15-pro-5g-p16u-black-3.jpg, redmi-note-15-pro-5g-p16u-black-4.jpg, redmi-note-15-pro-5g-p16u-black-5.jpg, redmi-note-15-pro-5g-p16u-black-6.jpg, redmi-note-15-pro-5g-p16u-black-7.jpg",7,7
1567,Black,"redmi-note-15-pro-5g-p16u-black-1.jpg, redmi-note-15-pro-5g-p16u-black-2.jpg, redmi-note-15-pro-5g-p16u-black-3.jpg, redmi-note-15-pro-5g-p16u-black-4.jpg, redmi-note-15-pro-5g-p16u-black-5.jpg, redmi-note-15-pro-5g-p16u-black-6.jpg, redmi-note-15-pro-5g-p16u-black-7.jpg",7,7
1599,Re-New | טלפון סלולרי iPhone 15 Pro 128GB,"iphone_15_pro_black_titanium_pdp_image_position-1__wwen.png, iphone_15_pro_black_titanium_pdp_image_position-1_alt__wwen.png, iphone_15_pro_black_titanium_pdp_image_position-2__wwen.png, iphone_15_pro_black_titanium_pdp_image_position-3__wwen.png, iphone_15_pro_black_titanium_pdp_image_position-4__wwen.png, iphone_15_pro_black_titanium_pdp_image_position-5__wwen.png",6,6
1600,iPhone 15 Pro 128GB Black Titanium,iphone_15_pro_black_titanium_pdp_image_position-1__wwen.png,1,1
1601,iPhone 15 Pro 128GB White Titanium,iphone_15_pro_white_titanium_pdp_image_position-1__wwen.png,1,1
1629,Samsung Galaxy Buds 4,"galaxy-buds4_black_001_front_251222_2.jpg, galaxy-buds4_black_002_back_251222_2.jpg, galaxy-buds4_black_004_case-closed_251222_2.jpg, galaxy-buds4_black_005_case-opened_251222_2.jpg, galaxy-buds4_black_006_case-opened-side_251222_2.jpg, galaxy-buds4_black_007_case-front_251222_2.jpg, galaxy-buds4_black_008_case-back_251222_2.jpg, galaxy-buds4_black_009_case-opened-w-o-units_251222_2.jpg, galaxy-buds4_black_010_case-closed-w-o-units_251222_2.jpg",9,9
1630,שחור,galaxy-buds4_black_001_front_251222_2.jpg,1,1
1631,לבן,galaxy-buds4_white_001_front_251121_2.jpg,1,1
1632,Samsung Galaxy Buds 4 Pro,"galaxy-buds4-pro_white_001_front_251118_2.jpg, galaxy-buds4-pro_white_002_back_251118_2.jpg, galaxy-buds4-pro_white_004_case-closed_251217_2.jpg, galaxy-buds4-pro_white_005_case-opened_251217_2.jpg, galaxy-buds4-pro_white_006_case-opened-side_251217_2.jpg, galaxy-buds4-pro_white_007_case-front_251217_2.jpg, galaxy-buds4-pro_white_008_case-back_251217_2.jpg, galaxy-buds4-pro_white_009_case-opened-w-o-units_251217_2.jpg, galaxy-buds4-pro_white_010_case-closed-w-o-units_251217_2.jpg",9,9
1633,שחור,galaxy-buds4-pro_black_001_front_251118_2.jpg,1,1
1634,לבן,galaxy-buds4-pro_white_001_front_251118_2.jpg,1,1
1635,Samsung Galaxy S26 כיסוי סיליקון מקורי,ef-es942_001_front_black_260115.jpg,1,1
1636,שחור,ef-es942_001_front_black_260115.jpg,1,1
1637,אפור,ef-es942_001_front_gray_260115.jpg,1,1
1638,כחול,ef-es942_001_front_lightblue_260115.jpg,1,1
1639,אפרסק,ef-es942_001_front_coralred_260115.jpg,1,1
1640,סגול,ef-es942_001_front_blueviolet_260115.jpg,1,1
1641,לבן,ef-es942_001_front_white_260115.jpg,1,1
1642,Samsung Galaxy S26 Plus כיסוי סיליקון מקורי,ef-es942_001_front_blueviolet_260115.jpg,1,1
1643,שחור,ef-es942_001_front_black_260115.jpg,1,1
1644,אפור,ef-es942_001_front_gray_260115.jpg,1,1
1645,כחול,ef-es942_001_front_lightblue_260115.jpg,1,1
1646,אפרסק,ef-es942_001_front_coralred_260115.jpg,1,1
1647,סגול,ef-es942_001_front_blueviolet_260115.jpg,1,1
1648,לבן,ef-es942_001_front_white_260115.jpg,1,1
1649,Samsung Galaxy S26 Ultra כיסוי סיליקון מקורי,ef-es942_001_front_white_260115.jpg,1,1
1650,שחור,ef-es942_001_front_black_260115.jpg,1,1
1651,אפור,ef-es942_001_front_gray_260115.jpg,1,1
1652,כחול,ef-es942_001_front_lightblue_260115.jpg,1,1
1653,אפרסק,ef-es942_001_front_coralred_260115.jpg,1,1
1654,סגול,ef-es942_001_front_blueviolet_260115.jpg,1,1
1655,לבן,ef-es942_001_front_white_260115.jpg,1,1
1660,כיסוי,ef-es942_001_front_black_260115.jpg,1,1
1662,כיסוי,ef-es942_001_front_black_260115.jpg,1,1
1663,black,ep-ta800n-eu-_001_dynamic_black.jpg,1,1
1665,כיסוי,ef-es942_001_front_black_260115.jpg,1,1
1666,black,ep-ta800n-eu-_001_dynamic_black.jpg,1,1
1667,Samsung Galaxy S26 256GB,"sm-s942_galaxys26_front_black_251128.jpg, sm-s942_galaxys26_front2_black_251128.jpg, sm-s942_galaxys26_frontl30_black_251128.jpg, sm-s942_galaxys26_frontr30_black_251128.jpg, sm-s942_galaxys26_back_black_251128_1.jpg, sm-s942_galaxys26_backl30_black_251128.jpg, sm-s942_galaxys26_backr30_black_251128.jpg",7,7
1668,S-102469,sm-s942_galaxys26_front_black_251128.jpg,1,1
1669,S-102727,sm-s942_galaxys26_front_skyblue_251128_1.jpg,1,1
1670,S-102726,sm-s942_galaxys26_front_cobaltviolet_251128_1.jpg,1,1
1671,S-102728,sm-s942_galaxys26_front_white_251128_1.jpg,1,1
1672,Samsung Galaxy S26 512GB,"sm-s942_galaxys26_front_white_251128_1.jpg, sm-s942_galaxys26_front2_white_251128_1.jpg, sm-s942_galaxys26_frontl30_white_251128_1.jpg, sm-s942_galaxys26_frontr30_white_251128_1.jpg, sm-s942_galaxys26_back_white_251128_1.jpg, sm-s942_galaxys26_backr30_white_251128_1.jpg",6,6
1673,שחור,sm-s942_galaxys26_front_black_251128.jpg,1,1
1674,לבן,sm-s942_galaxys26_front_white_251128_1.jpg,1,1
1675,Samsung Galaxy S26 Plus 256GB,"sm-s947_galaxys26plus_front_skyblue_251128_1.jpg, sm-s947_galaxys26plus_front2_skyblue_251128_1.jpg, sm-s947_galaxys26plus_frontl30_skyblue_251128_1.jpg, sm-s947_galaxys26plus_frontr30_skyblue_251128_1.jpg, sm-s947_galaxys26plus_backl30_skyblue_251128_1.jpg, sm-s947_galaxys26plus_back_skyblue_251128_1.jpg, sm-s947_galaxys26plus_backr30_skyblue_251128_1.jpg",7,7
1676,כחול,sm-s947_galaxys26plus_front_skyblue_251128_1.jpg,1,1
1677,שחור,sm-s947_galaxys26plus_front_black_251128_1.jpg,1,1
1678,לבן,sm-s947_galaxys26plus_front_white_251128_1.jpg,1,1
1679,S-102733,sm-s942_galaxys26_front_cobaltviolet_251128_1.jpg,1,1
1680,Samsung Galaxy S26 Plus 512GB,"sm-s947_galaxys26plus_front_cobaltviolet_251128_1.jpg, sm-s947_galaxys26plus_front2_cobaltviolet_251128_1.jpg, sm-s947_galaxys26plus_frontr30_cobaltviolet_251128_1.jpg, sm-s947_galaxys26plus_frontl30_cobaltviolet_251128_1.jpg, sm-s947_galaxys26plus_back_cobaltviolet_251128_1.jpg, sm-s947_galaxys26plus_backl30_cobaltviolet_251128_1.jpg, sm-s947_galaxys26plus_backr30_cobaltviolet_251128_1.jpg",7,7
1681,שחור,sm-s947_galaxys26plus_front_black_251128_1.jpg,1,1
1682,כחול,sm-s947_galaxys26plus_front_skyblue_251128_1.jpg,1,1
1683,סגול,sm-s947_galaxys26plus_front_cobaltviolet_251128_1.jpg,1,1
1684,לבן,sm-s947_galaxys26plus_front_white_251128_1.jpg,1,1
1685,Samsung Galaxy S26 Ultra 256GB,"sm-s948_galaxys26ultra_front_black_251120_1.jpg, sm-s948_galaxys26ultra_deviceback_black_251120_1.jpg, sm-s948_galaxys26ultra_devicebackl30_black_251120_1.jpg, sm-s948_galaxys26ultra_devicebackr30_black_251120_1.jpg, sm-s948_galaxys26ultra_devicefront_black_251120_1.jpg, sm-s948_galaxys26ultra_devicefrontl30_black_251120_1.jpg, sm-s948_galaxys26ultra_devicefrontr30_black_251120_1.jpg, sm-s948_galaxys26ultra_devicepenback_black_251120_1.jpg, sm-s948_galaxys26ultra_devicepenbackl30_black_251120_1.jpg, sm-s948_galaxys26ultra_devicepenbackr30_black_251120_1.jpg, sm-s948_galaxys26ultra_devicepenfront_black_251120_1.jpg, sm-s948_galaxys26ultra_devicepenfrontl30_black_251120_1.jpg, sm-s948_galaxys26ultra_devicepenfrontr30_black_251120_1.jpg",13,13
1686,סגול,sm-s948_galaxys26ultra_front_cobaltviolet_251120_1.jpg,1,1
1687,שחור,sm-s948_galaxys26ultra_front_black_251120_1.jpg,1,1
1688,כחול,sm-s948_galaxys26ultra_front_skyblue_251114_1.jpg,1,1
1689,לבן,sm-s948_galaxys26ultra_front_white_251120_1.jpg,1,1
1690,Samsung Galaxy S26 Ultra 512GB,"sm-s948_galaxys26ultra_front_cobaltviolet_251120_1.jpg, sm-s948_galaxys26ultra_deviceback_cobaltviolet_251120_1.jpg, sm-s948_galaxys26ultra_devicebackl30_cobaltviolet_251120_1.jpg, sm-s948_galaxys26ultra_devicebackr30_cobaltviolet_251120_1.jpg, sm-s948_galaxys26ultra_devicefront_cobaltviolet_251120_1.jpg, sm-s948_galaxys26ultra_devicefrontl30_cobaltviolet_251120_1.jpg, sm-s948_galaxys26ultra_devicefrontr30_cobaltviolet_251120_1.jpg, sm-s948_galaxys26ultra_devicepenback_cobaltviolet_251120_1.jpg, sm-s948_galaxys26ultra_devicepenbackl30_cobaltviolet_251120_1.jpg, sm-s948_galaxys26ultra_devicepenbackr30_cobaltviolet_251120_1.jpg, sm-s948_galaxys26ultra_devicepenfront_cobaltviolet_251120_1.jpg, sm-s948_galaxys26ultra_devicepenfrontl30_cobaltviolet_251120_1.jpg, sm-s948_galaxys26ultra_devicepenfrontr30_cobaltviolet_251120_1.jpg",13,13
1691,לבן,sm-s948_galaxys26ultra_front_white_251120_1.jpg,1,1
1692,שחור,sm-s948_galaxys26ultra_front_black_251120_1.jpg,1,1
1693,כחול,sm-s948_galaxys26ultra_front_skyblue_251114_1.jpg,1,1
1694,סגול,sm-s948_galaxys26ultra_front_cobaltviolet_251120_1.jpg,1,1
1695,Samsung Galaxy S26 Ultra 1TB,"sm-s948_galaxys26ultra_front_cobaltviolet_251120_1.jpg, sm-s948_galaxys26ultra_deviceback_cobaltviolet_251120_1.jpg, sm-s948_galaxys26ultra_devicebackl30_cobaltviolet_251120_1.jpg, sm-s948_galaxys26ultra_devicebackr30_cobaltviolet_251120_1.jpg, sm-s948_galaxys26ultra_devicefront_cobaltviolet_251120_1.jpg, sm-s948_galaxys26ultra_devicefrontl30_cobaltviolet_251120_1.jpg, sm-s948_galaxys26ultra_devicefrontr30_cobaltviolet_251120_1.jpg, sm-s948_galaxys26ultra_devicepenback_cobaltviolet_251120_1.jpg, sm-s948_galaxys26ultra_devicepenbackl30_cobaltviolet_251120_1.jpg, sm-s948_galaxys26ultra_devicepenbackr30_cobaltviolet_251120_1.jpg, sm-s948_galaxys26ultra_devicepenfront_cobaltviolet_251120_1.jpg, sm-s948_galaxys26ultra_devicepenfrontl30_cobaltviolet_251120_1.jpg, sm-s948_galaxys26ultra_devicepenfrontr30_cobaltviolet_251120_1.jpg",13,13
1696,שחור,sm-s948_galaxys26ultra_front_black_251120_1.jpg,1,1
1697,סגול,sm-s948_galaxys26ultra_front_cobaltviolet_251120_1.jpg,1,1
1698,לבן,sm-s948_galaxys26ultra_front_white_251120_1.jpg,1,1
1699,Re-New | טלפון סלולרי iPhone 15 Pro Max 512GB,"iphone_15_pro_black_titanium_pdp_image_position-1__wwen.png, iphone_15_pro_black_titanium_pdp_image_position-1_alt__wwen.png, iphone_15_pro_black_titanium_pdp_image_position-2__wwen.png, iphone_15_pro_black_titanium_pdp_image_position-3__wwen.png, iphone_15_pro_black_titanium_pdp_image_position-4__wwen.png, iphone_15_pro_black_titanium_pdp_image_position-5__wwen.png",6,6
1700,iPhone 15 Pro Max 512GB Natural Titanium,iphone_15_pro_natural_titanium_pdp_image_position-1__wwen.png,1,1
1711,כיסוי Otterbox Symmetry Clear MagSafe לסדרת Galaxy S26,n-1-galaxy-s26-ultra_react-magnets_clear-d_split.jpg,1,1
1712,S26,n-1-galaxy-s26-_symmetry-clear_clear-d_split.png,1,1
1713,S26 PLUS,n-1-galaxy-s26_symmetry-clear_clear-d_split.jpg,1,1
1714,S26U,n-1-galaxy-s26-ultra_react-magnets_clear-d_split.jpg,1,1
1715,כיסוי Otterbox Symmetry Black MagSafe לסדרת Galaxy S26,n-1-galaxy-s26-ultra_symmetry-magnets_black-d_split.jpg,1,1
1716,S26,n-1-galaxy-s26_symmetry-magnets_black-d_split.jpg,1,1
1717,S26 PLUS,n-1-galaxy-s26_symmetry-magnets_black-d_split.jpg,1,1
1718,S26U,n-1-galaxy-s26-ultra_symmetry-magnets_black-d_split.jpg,1,1
1719,כיסוי Otterbox Galaxy S26 Ultra React MagSafe,n-1-galaxy-s26-ultra_react-magnets_clear-d_split.jpg,1,1
1720,S26U,n-1-galaxy-s26-ultra_react-magnets_clear-d_split.jpg,1,1
1721,כיסוי Otterbox Galaxy S26 Ultra Symmetry נצנצים MagSafe,n-1-galaxy-s26-ultra_symmetry-clear_stardust-4-0-d_split.jpg,1,1
1722,S26U,n-1-galaxy-s26-ultra_symmetry-clear_stardust-4-0-d_split.jpg,1,1
1727,קיט Galaxy A37,a37-300x300.png,2,1
1728,S-104076,a37-300x300.png,2,1
1729,קיט Galaxy A57,a57-300x300.png,2,1
1730,S-104077,a57-300x300.png,2,1
1731,Samsung Galaxy A37 5G 128GB,"sm-a376_galaxya37_5g_front_awesomecharcoal.jpg, sm-a376_galaxya37_5g_front2_awesomecharcoal.jpg, sm-a376_galaxya37_5g_frontl30_awesomecharcoal.jpg, sm-a376_galaxya37_5g_frontr30_awesomecharcoal.jpg, sm-a376_galaxya37_5g_backl30_awesomecharcoal.jpg, sm-a376_galaxya37_5g_backr30_awesomecharcoal.jpg",6,6
1732,S-103437,sm-a376_galaxya37_5g_front_awesomegraygreen.jpg,1,1
1733,S-103438,sm-a376_galaxya37_5g_front_awesomecharcoal.jpg,1,1
1734,S-103439,sm-a376_galaxya37_5g_front_awesomelavender.jpg,1,1
1735,S-103440,sm-a376_galaxya37_5g_front_awesomewhite.jpg,1,1
1736,אוזניות אלחוטיות AirPods Max 2,"photoshopextension_image-1.png, photoshopextension_image-4.png, photoshopextension_image-3.png, photoshopextension_image.png, photoshopextension_image-2.png",6,5
1737,Apple AirPods Max - Midnight,photoshopextension_image.png,1,1
1738,Apple AirPods Max - Starlight,photoshopextension_image-1.png,1,1
1739,Apple AirPods Max - Purple,photoshopextension_image-6.png,1,1
1740,Apple AirPods Max - Blue,photoshopextension_image-7.png,1,1
1741,ICNZ - מגן מסך זכוכית להתקנה עצמית - Easy Glass ל - iPhone 15,"glass-1.jpg, glass-3.jpg",2,2
1742,iPhone 15,"glass-1.jpg, glass-3.jpg",2,2
1743,ICNZ - אוזניות הולכת עצם - Iconz Vibez Bone A11,iconz-a11.png,1,1
1744,כיסוי שקוף ל iPhone 16e,ip16-clear-magsafe-1.jpg,1,1
1745,כיסוי שקוף ל iPhone 16e,ip16-clear-magsafe-1.jpg,1,1
1746,ICNZ - Iconz Me ABC Stickers - זהב רוז,"_e8a5130-copy.jpg, _e8a5133.jpg, _e8a5135.jpg, _e8a5137.jpg, _e8a5138.jpg, _e8a5141.jpg, _e8a5146.jpg, _e8a5148.jpg, _e8a5151.jpg, _e8a5152.jpg, _e8a5155.jpg, _e8a5159.jpg, _e8a5161.jpg, _e8a5166.jpg, _e8a5167.jpg, _e8a5169.jpg, _e8a5170.jpg, _e8a5174.jpg, _e8a5175.jpg, _e8a5179.jpg, _e8a5181.jpg, _e8a5184.jpg, _e8a5186.jpg, _e8a5188.jpg, _e8a5189.jpg",25,25
1747,ICNZ - מגן מסך זכוכית ל - iPhone 16e,blank-glass-iphone.jpg,1,1
1748,iPhone 16e,blank-glass-iphone.jpg,1,1
1749,ICNZ - Kit 360 - מגן מסך וכיסוי ל iPhone 16e,kit.jpg,1,1
1750,iPhone 16e,kit.jpg,1,1
1751,ICNZ - Iconz Me ABC Stickers - כסוף,"_e8a5019-copy.jpg, _e8a5027-copy.jpg, _e8a5028-copy.jpg, _e8a5034-copy.jpg, _e8a5041-copy.jpg, _e8a5044-copy.jpg, _e8a5046-copy.jpg, _e8a5053-copy.jpg, _e8a5058-copy.jpg, _e8a5063-copy.jpg, _e8a5070-copy.jpg, _e8a5084.jpg, _e8a5090.jpg, _e8a5092-copy.jpg, _e8a5093-copy.jpg, _e8a5094-copy.jpg, _e8a5098-copy.jpg, _e8a5101-copy.jpg, _e8a5103-copy.jpg, _e8a5106-copy.jpg, _e8a5113-copy.jpg, _e8a5115-copy.jpg, _e8a5117-copy.jpg, _e8a5119-copy.jpg, _e8a5123-copy.jpg, _e8a5124-copy.jpg",26,26
1752,ICNZ - רצועת צמיד מתכת ל - Apple Watch כסוף,"band-metal-silver-1.jpg, band-metal-silver-3.jpg, band-metal-silver-2.jpg",3,3
1753,44/45/42,"band-metal-silver-1.jpg, band-metal-silver-3.jpg, band-metal-silver-2.jpg",3,3
1754,ICNZ - רצועת צמיד מתכת ל - Apple Watch שחור,"band-metal-black-1.jpg, band-metal-black-3.jpg, band-metal-black-2.jpg",3,3
1755,ICNZ - רצועת צמיד מתכת ל - Apple Watch זהב רוז,band-metal-gold-1.jpg,1,1
1756,ICNZ - רצועת סיליקון ל - Apple Watch שחור,"watch-band-black-2.jpg, watch-band-black-1.jpg, watch-band-black-3.jpg",3,3
1757,ICNZ - רצועת סיליקון ל - Apple Watch ורוד,"watch-band-pink-2.jpg, watch-band-pink-1.jpg",2,2
1758,ICNZ - רצועת סיליקון ל - Apple Watch ירוק,"watch-band-green-2.jpg, watch-band-green-1.jpg",2,2
1759,ICNZ - רצועת סיליקון ל - Apple Watch אדום,"watch-band-red-2.jpg, watch-band-red-1.jpg",2,2
1760,ICNZ - רצועת סיליקון ל - Apple Watch צהוב,"watch-band-yellow-2.jpg, watch-band-yellow-1.jpg",2,2
1761,ICNZ - רצועת סיליקון ל - Apple Watch כחול,"watch-band-blue-2.jpg, watch-band-blue-1.jpg",2,2
1762,ICNZ - רצועת מגנט ל - Apple Watch שחור,"band-mgt-black-2.jpg, band-mgt-black-1.jpg, band-mgt-black-3.jpg",3,3
1763,ICNZ - רצועת מגנט ל - Apple Watch ורוד,"band-mgt-pink-2.jpg, band-mgt-pink-3.jpg, band-mgt-pink-1.jpg",3,3
1764,ICNZ - רצועת מגנט ל - Apple Watch ירוק,"band-mgt-green-2.jpg, band-mgt-green-3.jpg, band-mgt-green-1.jpg",3,3
1765,ICNZ - Iconz Always On - זרוע מגנטית לשמשת הרכב,m09-s1.jpg,1,1
1766,Product,m09-s1.jpg,1,1
1767,ICNZ - Iconz Always On  - מעמד שולחני ורוד לנייד,"phone-stand-pink.jpg, phone-stand-white-2.jpg",2,2
1768,ICNZ - Iconz Always On  - מעמד שולחני שחור ל - Apple Watch,"iwatch-stand-black-1.jpg, iwatch-stand-black-2.jpg",2,2
1769,ICNZ - Iconz Always On  - מעמד שולחני כסוף ל - Apple Watch,"iwatch-stand-silver-1.jpg, iwatch-stand-silver-2.jpg",2,2
1770,ICNZ - Iconz Always On - מעמד שולחני לבן לנייד,"phone-stand-white-1.jpg, phone-stand-white-2.jpg",2,2
1771,ICNZ - Iconz Always On  - מעמד שולחני שחור לנייד,"phone-stand-blk-1.jpg, phone-stand-blk-2.jpg",2,2
1772,Product,"phone-stand-blk-1.jpg, phone-stand-blk-2.jpg",2,2
1773,ICNZ - מגן מסך זכוכית Privacy ל- iPhone 13 Mini,privacy-glass-ip13-pm.jpg,1,1
1774,ICNZ - מגן מסך זכוכית Privacy ל- iPhone 13 / iPhone 13 Pro,privacy-glass-ip13-pm.jpg,1,1
1775,ICNZ - מגן מסך זכוכית Privacy ל- iPhone 13 Pro Max,privacy-glass-ip13-pm.jpg,1,1
1776,ICNZ - מגן מסך זכוכית ל- Samsung Galaxy S22 Plus,blank-glass-a53.jpg,1,1
1777,ICNZ - מגן מסך זכוכית ל- Samsung Galaxy S22,blank-glass-a53.jpg,1,1
1778,ICNZ - מגן מסך זכוכית ל- iPhone 13 Pro Max,blank-glass-iphone.jpg,1,1
1779,ICNZ - מגן מסך זכוכית ל- iPhone 13 / iPhone 13 Pro,blank-glass-iphone.jpg,1,1
1780,Product,blank-glass-iphone.jpg,1,1
1781,ICNZ - מגן מסך זכוכית ל- iPhone 13 Mini,blank-glass-iphone.jpg,1,1
1782,ICNZ - מגן מסך זכוכית ל- iPhone 12 Mini,blank-glass-iphone.jpg,1,1
1783,ICNZ - מגן מסך זכוכית ל- Samsung Galaxy A72,blank-glass-a53.jpg,1,1
1784,ICNZ - מגן מסך זכוכית ל- Samsung Galaxy A52,blank-glass-a53.jpg,1,1
1785,ICNZ - מגן מסך זכוכית ל- Samsung Galaxy A32,blank-glass-a53.jpg,1,1
1786,ICNZ - מגן מסך זכוכית FG ל- iPhone 12 Pro Max,black-frame-glass-ip12-pro.jpg,1,1
1787,ICNZ - מגן מסך זכוכית FG ל- iPhone 12 / 12 Pro,black-frame-glass-ip12-pro.jpg,1,1
1788,ICNZ - מגן מסך זכוכית FG ל- iPhone 12 Mini,black-frame-glass-ip12-pro.jpg,1,1
1789,ICNZ - מגן מסך זכוכית ל- Samsung Galaxy S21 FE,blank-glass-a53.jpg,1,1
1790,ICNZ - מגן מסך זכוכית ל- Samsung Galaxy A33,blank-glass-a53.jpg,1,1
1791,ICNZ - מגן מסך זכוכית ל- Samsung Galaxy A53,blank-glass-a53.jpg,1,1
1792,ICNZ - מגן מסך זכוכית ל- Samsung Galaxy A73,blank-glass-a53.jpg,1,1
1793,ICNZ - כיסוי סיליקון מגן AirPods - כחול,"airpods-2-blue-1.jpg, airpods-2-blue-2.jpg",2,2
1794,AirPods 3,"airpods-2-blue-1.jpg, airpods-2-blue-2.jpg",2,2
1795,AirPods 4,"airpods-2-blue-1.jpg, airpods-2-blue-2.jpg",2,2
1796,ICNZ - כיסוי סיליקון מגן AirPods 1/2/Pro/3 - אדום,"airpods-2-red-1.jpg, airpods-2-red-2.jpg",2,2
1797,כיסוי סיליקון מגן AirPods 1 / 2 / 3 / Pro / Pro 2  - ורוד,"airpods-2-pink-1.jpg, airpods-2-pink-2.jpg",2,2
1798,AirPods 1/2,"airpods-2-pink-1.jpg, airpods-2-pink-2.jpg",2,2
1799,AirPods 2 Pro,"airpods-2-pink-1.jpg, airpods-2-pink-2.jpg",2,2
1800,AirPods 4,"airpods-2-pink-1.jpg, airpods-2-pink-2.jpg",2,2
1801,ICNZ - כיסוי סיליקון מגן AirPods 1/2/Pro/3 - ירוק,"airpods-2-green-1.jpg, airpods-2-green-2.jpg",2,2
1802,AirPods Pro,"airpods-2-green-1.jpg, airpods-2-green-2.jpg",2,2
1803,AirPods 1/2,"airpods-2-green-1.jpg, airpods-2-green-2.jpg",2,2
1804,כיסוי סיליקון מגן AirPods 1 / 2 / 3 / Pro / Pro 2  - שחור,"airpods-2-black-1.jpg, airpods-2-black-2.jpg",2,2
1805,AirPods 3,"airpods-2-black-1.jpg, airpods-2-black-2.jpg",2,2
1806,AirPods 2 Pro,"airpods-2-black-1.jpg, airpods-2-black-2.jpg",2,2
1807,AirPods 4,"airpods-2-black-1.jpg, airpods-2-black-2.jpg",2,2
1808,ICNZ - כיסוי סיליקון מגן AirPods 1/2/Pro/3 - Black Marble,"airpods-2-marble-blk-1.jpg, airpods-2-marble-blk-2.jpg",2,2
1809,ICNZ - כיסוי סיליקון מגן AirPods 1/2/Pro/3 - Green Marble,"airpods-2-marble-green-1.jpg, airpods-2-marble-green-2.jpg",2,2
1810,ICNZ - כיסוי סיליקון מגן AirPods 1/2/Pro/3 - Pink Marble,"airpods-2-marble-pink-1.jpg, airpods-2-marble-pink-2.jpg",2,2
1811,ICNZ - כיסוי לאייפון 12 / 13 / 14 / 15 / 16  Clearz,"clear-case-ip13-pro-max-1.jpg, clear-case-ip13-pro-max-2.jpg, clear-case-ip-13-1.jpg, clear-case-ip-13-2.jpg",4,4
1812,iPhone 16 Pro Max,clear-case-ip13-pro-max-1.jpg,1,1
1813,iPhone 16 Pro,clear-case-ip13-pro-max-1.jpg,1,1
1814,iPhone 16 Plus,clear-case-ip13-pro-max-1.jpg,1,1
1815,iPhone 16,clear-case-ip13-pro-max-1.jpg,1,1
1816,iPhone 15 Pro Max,clear-case-ip13-pro-max-1.jpg,1,1
1817,iPhone 15 Pro,clear-case-ip13-pro-max-1.jpg,1,1
1818,iPhone 15 Plus,clear-case-ip13-pro-max-1.jpg,1,1
1819,iPhone 15,clear-case-ip13-pro-max-1.jpg,1,1
1820,iPhone 14 Pro,clear-case-ip13-pro-max-1.jpg,1,1
1821,iPhone 14 Plus,clear-case-ip13-pro-max-1.jpg,1,1
1822,ICNZ - כיסוי MagSafe לאייפון 13 /14 / 15 / 16  - Clearz,"clear-magsafe-ip13-pro-max-1.jpg, clear-magsafe-ip13-pro-max-2.jpg",2,2
1823,iPhone 16 Pro Max,"clear-magsafe-ip13-pro-max-1.jpg, clear-magsafe-ip13-pro-max-2.jpg",2,2
1824,iPhone 16 Pro,"clear-magsafe-ip13-pro-max-1.jpg, clear-magsafe-ip13-pro-max-2.jpg",2,2
1825,iPhone 16 Plus,"clear-magsafe-ip13-pro-max-1.jpg, clear-magsafe-ip13-pro-max-2.jpg",2,2
1826,iPhone 16,"clear-magsafe-ip13-pro-max-1.jpg, clear-magsafe-ip13-pro-max-2.jpg",2,2
1827,iPhone 15 Pro Max,"clear-magsafe-ip13-pro-max-1.jpg, clear-magsafe-ip13-pro-max-2.jpg",2,2
1828,iPhone 15 Pro,"clear-magsafe-ip13-pro-max-1.jpg, clear-magsafe-ip13-pro-max-2.jpg",2,2
1829,iPhone 15 Plus,"clear-magsafe-ip13-pro-max-1.jpg, clear-magsafe-ip13-pro-max-2.jpg",2,2
1830,iPhone 15,"clear-magsafe-ip13-pro-max-1.jpg, clear-magsafe-ip13-pro-max-2.jpg",2,2
1831,ICNZ - כיסוי לאייפון 13 / 14 / 15 שקוף נצנץ - Clearz Silver,"סילבר.jpg, clear-silver-ip-13-pro-1.jpg, clear-silver-ip-13-pro-2.jpg",3,3
1832,iPhone 15 Pro Max,"סילבר.jpg, clear-silver-ip-13-pro-1.jpg, clear-silver-ip-13-pro-2.jpg",3,3
1833,iPhone 15 Pro,"סילבר.jpg, clear-silver-ip-13-pro-1.jpg, clear-silver-ip-13-pro-2.jpg",3,3
1834,iPhone 15 Plus,"סילבר.jpg, clear-silver-ip-13-pro-1.jpg, clear-silver-ip-13-pro-2.jpg",3,3
1835,iPhone 15,"סילבר.jpg, clear-silver-ip-13-pro-1.jpg, clear-silver-ip-13-pro-2.jpg",3,3
1836,ICNZ - כיסוי לאייפון 14 / 15 ארנק שחור,"ארנק-שחור-סגור.jpg, ארנק-שחור-פתוח.jpg",2,2
1837,iPhone 15 Pro Max,"ארנק-שחור-סגור.jpg, ארנק-שחור-פתוח.jpg",2,2
1838,iPhone 15 Pro,"ארנק-שחור-סגור.jpg, ארנק-שחור-פתוח.jpg",2,2
1839,iPhone 15 Plus,"ארנק-שחור-סגור.jpg, ארנק-שחור-פתוח.jpg",2,2
1840,iPhone 15,"ארנק-שחור-סגור.jpg, ארנק-שחור-פתוח.jpg",2,2
1841,iPhone 14 Plus,"ארנק-שחור-סגור.jpg, ארנק-שחור-פתוח.jpg",2,2
1842,iPhone 14,"ארנק-שחור-סגור.jpg, ארנק-שחור-פתוח.jpg",2,2
1843,ICNZ - כיסוי לאייפון 13 / 14 / 15 Classic Black,"silicone-case-ip13-pm-black-1.jpg, silicone-case-ip13-pm-black-2.jpg, silicone-case-ip12-pro-black-1.jpg, silicone-case-ip12-pro-black-2.jpg",4,4
1844,iPhone 15 Pro Max,"silicone-case-ip13-pm-black-1.jpg, silicone-case-ip13-pm-black-2.jpg, silicone-case-ip12-pro-black-1.jpg, silicone-case-ip12-pro-black-2.jpg",4,4
1845,iPhone 15 Pro,"silicone-case-ip13-pm-black-1.jpg, silicone-case-ip13-pm-black-2.jpg, silicone-case-ip12-pro-black-1.jpg, silicone-case-ip12-pro-black-2.jpg",4,4
1846,iPhone 15 Plus,"silicone-case-ip13-pm-black-1.jpg, silicone-case-ip13-pm-black-2.jpg, silicone-case-ip12-pro-black-1.jpg, silicone-case-ip12-pro-black-2.jpg",4,4
1847,iPhone 15,"silicone-case-ip13-pm-black-1.jpg, silicone-case-ip13-pm-black-2.jpg, silicone-case-ip12-pro-black-1.jpg, silicone-case-ip12-pro-black-2.jpg",4,4
1848,ICNZ - כיסוי לאייפון 13 / 14 / 15 Classic Pink,"silicone-case-ip12-pro-pink-1.jpg, silicone-case-ip12-pro-pink-2.jpg, silicone-case-ip13-pink-1.jpg, silicone-case-ip13-pink-2.jpg",4,4
1849,iPhone 15 Pro Max,"silicone-case-ip12-pro-pink-1.jpg, silicone-case-ip12-pro-pink-2.jpg, silicone-case-ip13-pink-1.jpg, silicone-case-ip13-pink-2.jpg",4,4
1850,iPhone 15 Pro,"silicone-case-ip12-pro-pink-1.jpg, silicone-case-ip12-pro-pink-2.jpg, silicone-case-ip13-pink-1.jpg, silicone-case-ip13-pink-2.jpg",4,4
1851,iPhone 15 Plus,"silicone-case-ip12-pro-pink-1.jpg, silicone-case-ip12-pro-pink-2.jpg, silicone-case-ip13-pink-1.jpg, silicone-case-ip13-pink-2.jpg",4,4
1852,iPhone 15,"silicone-case-ip12-pro-pink-1.jpg, silicone-case-ip12-pro-pink-2.jpg, silicone-case-ip13-pink-1.jpg, silicone-case-ip13-pink-2.jpg",4,4
1853,ICNZ - כיסוי קרבון (Carbon) MagSafe לאייפון 16 / 15 / 14,"carbon-fiber-ip13-pro-max-1.jpg, carbon-fiber-ip13-pro-max-2.jpg",2,2
1854,iPhone 16 Pro Max,"carbon-fiber-ip13-pro-max-1.jpg, carbon-fiber-ip13-pro-max-2.jpg",2,2
1855,iPhone 16,"carbon-fiber-ip13-pro-max-1.jpg, carbon-fiber-ip13-pro-max-2.jpg",2,2
1856,iPhone 15 Pro Max,"carbon-fiber-ip13-pro-max-1.jpg, carbon-fiber-ip13-pro-max-2.jpg",2,2
1857,iPhone 15 Pro,"carbon-fiber-ip13-pro-max-1.jpg, carbon-fiber-ip13-pro-max-2.jpg",2,2
1858,כיסוי לסמסונג גלקסי S23 / S24 - Black Marble,"marble-case-s22-black-1.jpg, marble-case-s22-black-2.jpg",2,2
1859,Galaxy S24 Ultra,"marble-case-s22-black-1.jpg, marble-case-s22-black-2.jpg",2,2
1860,כיסוי לסמסונג גלקסי S23 / S24 - Pink Marble,"marble-case-s22-pink-1.jpg, marble-case-s22-pink-2.jpg, marble-case-s21-fe-pink.jpg",3,3
1861,כיסוי שקוף לסמסונג גלקסי S22 / S23 / S24,"clear-case-s22-ultra-1.jpg, clear-case-s22-1.jpg, clear-case-s22-ultra-2.jpg, clear-case-s22-2.jpg",4,4
1862,Galaxy S24 Ultra,clear-case-s22-ultra-1.jpg,1,1
1863,Galaxy S24 Plus,"clear-case-s22-ultra-1.jpg, clear-case-s22-1.jpg, clear-case-s22-ultra-2.jpg, clear-case-s22-2.jpg",4,4
1864,Galaxy S24,"clear-case-s22-ultra-1.jpg, clear-case-s22-1.jpg, clear-case-s22-ultra-2.jpg, clear-case-s22-2.jpg",4,4
1865,כיסוי לסמסונג גלקסי S23 / S24 - ארנק שחור,"ארנק-שחור-סגור.jpg, ארנק-שחור-פתוח.jpg, wallet-s21-fe-2.jpg",3,3
1866,ICNZ - כיסוי לסמסונג גלקסי S22 - Passport,"hologram-s22-passport-1.jpg, hologram-s22-passport-2.jpg",2,2
1867,ICNZ - כיסוי לסמסונג גלקסי S21 - ארנק אדום,"ארנק-אדום-סגור.jpg, ארנק-אדום-פתוח.jpg, _e8a5351-1.jpg",3,3
1868,ICNZ - כיסוי לסמסונג גלקסי A33 / A53 / A73 - Clearz Eyes,"uv-print-case-a53-eyez-1.jpg, uv-print-case-a53-eyez-2.jpg",2,2
1869,ICNZ - כיסוי לסמסונג גלקסי A33 / A53 / A73 - Teddy Bear,"uv-print-case-a73-bear-1.jpg, uv-print-case-a73-bear-2.jpg",2,2
1870,ICNZ - כיסוי שקוף לסמסונג גלקסי A33 / A53 / A73,"clear-case-a53.jpg, clear-case-a73.jpg",2,2
1871,ICNZ - כיסוי לסמסונג גלקסי A73 / A53 / A33 - ארנק שחור,wallet-a53.jpg,1,1
1872,ICNZ - Kit 360 - לסמסונג גלקסי A23 מגן מסך וכיסוי,a73.jpg,1,1
1873,ICNZ - Kit 360 - לסמסונג גלקסי A73 מגן מסך וכיסוי,a73.jpg,1,1
1874,Product,a73.jpg,1,1
1875,ICNZ - Kit 360 - לסמסונג גלקסי A53 5G מגן מסך וכיסוי,a73.jpg,1,1
1876,ICNZ - Kit 360 - לסמסונג גלקסי A33 5G מגן מסך וכיסוי,a73.jpg,1,1
1877,ICNZ - Kit 360 - לסמסונג גלקסי A13 מגן מסך וכיסוי,a73.jpg,1,1
1878,ICNZ - Kit 360 - לסמסונג גלקסי A03 מגן מסך וכיסוי,a03.jpg,1,1
1879,ICNZ - Kit 360 - לסמסונג גלקסי S22 Plus מגן מסך וכיסוי,kit-2.jpg,1,1
1880,ICNZ - Kit 360 - לסמסונג גלקסי S22 מגן מסך וכיסוי,kit-2.jpg,1,1
1881,ICNZ - Kit 360 - לאפל אייפון 13 Pro Max מגן מסך וכיסוי,kit.jpg,1,1
1882,ICNZ - Kit 360 - לאפל אייפון 13 Pro מגן מסך וכיסוי,kit.jpg,1,1
1883,ICNZ - Kit 360 - לאפל אייפון 13 Mini מגן מסך וכיסוי,kit.jpg,1,1
1884,ICNZ - Kit 360 - לאפל אייפון 13 מגן מסך וכיסוי,kit.jpg,1,1
1885,Product,kit.jpg,1,1
1886,ICNZ - Kit 360 - לאפל אייפון 12 Pro מגן מסך וכיסוי,kit.jpg,1,1
1887,ICNZ - Kit 360 - לאפל אייפון 12 Pro Max מגן מסך וכיסוי,kit.jpg,1,1
1888,ICNZ - Kit 360 - לסמסונג גלקסי S21 FE מגן מסך וכיסוי,kit-2.jpg,1,1
1889,ICNZ - Kit 360 - לסמסונג גלקסי M52 מגן מסך וכיסוי,kit-2.jpg,1,1
1890,ICNZ - Kit 360 - לאפל אייפון 14 Pro Max מגן מסך וכיסוי,kit.jpg,1,1
1891,ICNZ - Kit 360 - לאפל אייפון 14 Pro מגן מסך וכיסוי,kit.jpg,1,1
1892,ICNZ - Kit 360 - לאפל אייפון 14 Plus מגן מסך וכיסוי,kit.jpg,1,1
1893,Product,kit.jpg,1,1
1894,ICNZ - Kit 360 - לאפל אייפון 14 מגן מסך וכיסוי,kit.jpg,1,1
1895,Product,kit.jpg,1,1
1896,ICNZ - מגן מסך זכוכית ל- iPhone 14,blank-glass-iphone.jpg,1,1
1897,Product,blank-glass-iphone.jpg,1,1
1898,ICNZ - מגן מסך זכוכית ל- iPhone 14 Pro,blank-glass-iphone.jpg,1,1
1899,ICNZ - מגן מסך זכוכית ל- iPhone 14 Plus,blank-glass-iphone.jpg,1,1
1900,ICNZ - מגן מסך זכוכית ל- iPhone 14 Pro Max,blank-glass-iphone.jpg,1,1
1901,Product,blank-glass-iphone.jpg,1,1
1902,ICNZ - כיסוי לאייפון 15 / 14 Classic Grey,"ip14-pro-silicone-grey.jpg, ip14-pro-silicone-grey-1.jpg",2,2
1903,iPhone 15 Pro Max,"ip14-pro-silicone-grey.jpg, ip14-pro-silicone-grey-1.jpg",2,2
1904,iPhone 15 Pro,"ip14-pro-silicone-grey.jpg, ip14-pro-silicone-grey-1.jpg",2,2
1905,iPhone 15 Plus,"ip14-pro-silicone-grey.jpg, ip14-pro-silicone-grey-1.jpg",2,2
1906,iPhone 15,"ip14-pro-silicone-grey.jpg, ip14-pro-silicone-grey-1.jpg",2,2
1907,כיסוי לאייפון 14 / 15 Classic Light Blue,"ip14-pro-silicone-green.jpg, ip14-pro-silicone-green-1.jpg",2,2
1908,iPhone 14 Plus,"ip14-pro-silicone-green.jpg, ip14-pro-silicone-green-1.jpg",2,2
1909,iPhone 15 Pro Max,"ip14-pro-silicone-green.jpg, ip14-pro-silicone-green-1.jpg",2,2
1910,רצועת בד ל - Apple Ultra Watch שחור,צילום-מסך-2023-01-25-154053.png,1,1
1911,רצועת בד ל - Apple Ultra Watch ירוק,צילום-מסך-2023-01-25-154221.png,1,1
1912,רצועת בד ל - Apple Ultra Watch אפור,alpine-loop-gray.jpg,1,1
1913,רצועת בד ל - Apple Ultra Watch כתום,צילום-מסך-2023-01-25-154416.png,1,1
1914,S,צילום-מסך-2023-01-25-154416.png,1,1
1915,M,צילום-מסך-2023-01-25-154416.png,1,1
1916,ICNZ - מגן מסך זכוכית ל- Samsung Galaxy S23 Plus,blank-glass-a53.jpg,1,1
1917,ICNZ - מעמד רכב לטלפון מותאם MagSafe,"untitled-3.jpg, untitled-1.jpg, ͼ5.jpg, 主图.jpg",4,4
1918,Product,"untitled-3.jpg, untitled-1.jpg, ͼ5.jpg, 主图.jpg",4,4
1919,ICNZ - כיסוי לאייפון 14 / 15 Double Safe שחור,"ip14-pro-black.jpg, ip14-pro-black-2.jpg",2,2
1920,iPhone 15 Pro Max,"ip14-pro-black.jpg, ip14-pro-black-2.jpg",2,2
1921,iPhone 15 Plus,"ip14-pro-black.jpg, ip14-pro-black-2.jpg",2,2
1922,iPhone 15,"ip14-pro-black.jpg, ip14-pro-black-2.jpg",2,2
1923,ICNZ - כיסוי לאייפון 14 / 15 Double Safe כחול,"ip14-pro-blue.jpg, ip14-pro-blue-2.jpg",2,2
1924,iPhone 15 Pro Max,"ip14-pro-blue.jpg, ip14-pro-blue-2.jpg",2,2
1925,iPhone 15 Pro,"ip14-pro-blue.jpg, ip14-pro-blue-2.jpg",2,2
1926,iPhone 15 Plus,"ip14-pro-blue.jpg, ip14-pro-blue-2.jpg",2,2
1927,iPhone 15,"ip14-pro-blue.jpg, ip14-pro-blue-2.jpg",2,2
1928,iPhone 14 Pro,"ip14-pro-blue.jpg, ip14-pro-blue-2.jpg",2,2
1929,iPhone 14,"ip14-pro-blue.jpg, ip14-pro-blue-2.jpg",2,2
1930,ICNZ - מגן מסך זכוכית להתקנה עצמית - Easy Glass ל - iPhone 14,"glass-1.jpg, glass-3.jpg",2,2
1931,iPhone 14,"glass-1.jpg, glass-3.jpg",2,2
1932,iPhone 14 Pro,"glass-1.jpg, glass-3.jpg",2,2
1933,ICNZ - Kit 360 - לאפל אייפון 15 Plus מגן מסך וכיסוי,kit.jpg,1,1
1934,Product,kit.jpg,1,1
1935,ICNZ - Kit 360 - לאפל אייפון 15 Pro מגן מסך וכיסוי,kit.jpg,1,1
1936,Product,kit.jpg,1,1
1937,ICNZ - Kit 360 - לאפל אייפון 15 Pro Max מגן מסך וכיסוי,kit.jpg,1,1
1938,Product,kit.jpg,1,1
1939,ICNZ - מגן מסך זכוכית ל- iPhone 15,blank-glass-iphone.jpg,1,1
1940,Product,blank-glass-iphone.jpg,1,1
1941,ICNZ - מגן מסך זכוכית ל- iPhone 15 Pro,blank-glass-iphone.jpg,1,1
1942,ICNZ - מגן מסך זכוכית ל- iPhone 15 Plus,blank-glass-iphone.jpg,1,1
1943,Product,blank-glass-iphone.jpg,1,1
1944,ICNZ - מגן מסך זכוכית ל- iPhone 15 Pro Max,blank-glass-iphone.jpg,1,1
1945,ICNZ - מגן מסך זכוכית Privacy ל- iPhone 15 Pro Max,privacy-glass-ip13-pm.jpg,1,1
1946,Product,privacy-glass-ip13-pm.jpg,1,1
1947,ICNZ - מגן מסך זכוכית Privacy ל- iPhone 15 Pro,privacy-glass-ip13-pm.jpg,1,1
1948,ICNZ - מגן מסך זכוכית Privacy ל- iPhone 15 Plus,privacy-glass-ip13-pm.jpg,1,1
1949,Product,privacy-glass-ip13-pm.jpg,1,1
1950,ICNZ - רמקול נייד A106 Pro,צילום-מסך-2023-09-04-151342.png,1,1
1951,Product,צילום-מסך-2023-09-04-151342.png,1,1
1952,כיסוי שחור דמוי עור לסמסונג Galaxy S24 PU Leather,s24-plus-pu-black-1.jpg,1,1
1953,Samsung Galaxy S24 Plus,s24-plus-pu-black-1.jpg,1,1
1954,Samsung Galaxy S24 Ultra,s24-plus-pu-black-1.jpg,1,1
1955,כיסוי דמוי עור לסמסונג בצבע אבן Galaxy S24 PU Leather,s24u-pu-stone-1.jpg,1,1
1956,Samsung Galaxy S24 Plus,s24u-pu-stone-1.jpg,1,1
1957,Samsung Galaxy S24 Ultra,s24u-pu-stone-1.jpg,1,1
1958,כיסוי דמוי עור לסמסונג בצבע כחול Galaxy S24 PU Leather,s24u-pu-blue-1.jpg,1,1
1959,Samsung Galaxy S24 Ultra,s24u-pu-blue-1.jpg,1,1
1960,כיסוי שקוף MagSafe לסמסונג גלקסי S24,"s24u-magsafe-1.jpg, s24-plus-magsafe-1.jpg",2,2
1961,Galaxy S24,"s24u-magsafe-1.jpg, s24-plus-magsafe-1.jpg",2,2
1962,Galaxy S24 Plus,"s24u-magsafe-1.jpg, s24-plus-magsafe-1.jpg",2,2
1963,Galaxy S24 Ultra,"s24u-magsafe-1.jpg, s24-plus-magsafe-1.jpg",2,2
1964,כיסוי Slim דק במיוחד לאייפון 15 - שחור,thin-iphone-15-pro-case-frosted-black_1024x.jpeg,1,1
1965,כיסוי Slim דק במיוחד לאייפון 15 - לבן,thin-iphone-15-pro-case-frosted-clear_1024x.jpeg,1,1
1966,iPhone 15 Pro,thin-iphone-15-pro-case-frosted-clear_1024x.jpeg,1,1
1967,כיסוי לנייד Galaxy A15 Otterbox React - שחור,"illenium-react-black-pkg.jpg, palewaves-react-black-d-b.jpg, palewaves-react-black-d-br.jpg, palewaves-react-black-d-falling.jpg, palewaves-react-black-d-split.jpg",5,5
1968,כיסוי לנייד Galaxy A15 Otterbox React - שחור,"illenium-react-black-pkg.jpg, palewaves-react-black-d-b.jpg, palewaves-react-black-d-br.jpg, palewaves-react-black-d-falling.jpg, palewaves-react-black-d-split.jpg",5,5
1969,ICNZ - כיסוי ספר ל iPad Air - שחור,"img_4972.jpg, img_4970.jpg, img_4975.jpg, img_4976.jpg, img_4977.jpg, img_4978.jpg",6,6
1970,iPad  Air 11,"img_4972.jpg, img_4970.jpg, img_4975.jpg, img_4976.jpg, img_4977.jpg, img_4978.jpg",6,6
1971,iPad Air 13,"img_4972.jpg, img_4970.jpg, img_4975.jpg, img_4976.jpg, img_4977.jpg, img_4978.jpg",6,6
1972,ICNZ - כיסוי ספר ל iPad Pro - שחור,"img_4971.jpg, img_4973.jpg, img_4968.jpg, img_4967.jpg, img_4969.jpg",5,5
1973,iPad  Pro 11,"img_4971.jpg, img_4973.jpg, img_4968.jpg, img_4967.jpg, img_4969.jpg",5,5
1974,iPad Pro 13,"img_4971.jpg, img_4973.jpg, img_4968.jpg, img_4967.jpg, img_4969.jpg",5,5
1975,ICNZ - Kit 360 - לאפל אייפון 16 Pro Max מגן מסך וכיסוי,kit.jpg,1,1
1976,iPhone 16 Pro Max,kit.jpg,1,1
1977,ICNZ - Kit 360 - לאפל אייפון 16 Pro מגן מסך וכיסוי,kit.jpg,1,1
1978,iPhone 16 Pro,kit.jpg,1,1
1979,ICNZ - Kit 360 - לאפל אייפון 16 מגן מסך וכיסוי,kit.jpg,1,1
1980,iPhone 16,kit.jpg,1,1
1981,ICNZ - Kit 360 - לאפל אייפון 16 Plus מגן מסך וכיסוי,kit.jpg,1,1
1982,iPhone 16 Plus,kit.jpg,1,1
1983,ICNZ - כיסוי MagSafe לאייפון 16 שקוף נצנץ - Clearz Silver,"ip16-silver-magsafe-1.jpg, ip16-silver-magsafe-2.jpg",2,2
1984,iPhone 16,"ip16-silver-magsafe-1.jpg, ip16-silver-magsafe-2.jpg",2,2
1985,iPhone 16 Pro Max,"ip16-silver-magsafe-1.jpg, ip16-silver-magsafe-2.jpg",2,2
1986,ICNZ - מגן מסך זכוכית לסדרת - iPhone 16,blank-glass-iphone.jpg,1,1
1987,iPhone 16 Pro Max,blank-glass-iphone.jpg,1,1
1988,iPhone 16 Pro,blank-glass-iphone.jpg,1,1
1989,iPhone 16 Plus,blank-glass-iphone.jpg,1,1
1990,iPhone 16,blank-glass-iphone.jpg,1,1
1991,ICNZ - מגן מסך זכוכית Privacy לסדרת - iPhone 16,privacy-glass-ip13-pm.jpg,1,1
1992,iPhone 16 Pro Max,privacy-glass-ip13-pm.jpg,1,1
1993,iPhone 16 Pro,privacy-glass-ip13-pm.jpg,1,1
1994,iPhone 16 Plus,privacy-glass-ip13-pm.jpg,1,1
1995,iPhone 16,privacy-glass-ip13-pm.jpg,1,1
1996,ICNZ - מגן מסך זכוכית להתקנה עצמית - Easy Glass ל - iPhone 16,"glass-1.jpg, glass-3.jpg",2,2
1997,iPhone 16 Pro Max,"glass-1.jpg, glass-3.jpg",2,2
1998,iPhone 16 Pro,"glass-1.jpg, glass-3.jpg",2,2
1999,iPhone 16,"glass-1.jpg, glass-3.jpg",2,2
2000,ICNZ - כיסוי שחור לאייפון 16 MagSafe PU Leather,pu-leather-כיסוי-שחור.png,1,1
2001,iPhone 16 Pro Max,pu-leather-כיסוי-שחור.png,1,1
2002,iPhone 16 Pro,pu-leather-כיסוי-שחור.png,1,1
2003,iPhone 16 Plus,pu-leather-כיסוי-שחור.png,1,1
2004,iPhone 16,pu-leather-כיסוי-שחור.png,1,1
2005,ICNZ - כיסוי צבע אבן לאייפון 16 MagSafe PU Leather,"ip16-pro-pu-stone-1.jpg, ip16-pro-pu-stone-2.jpg, ip16-pu-stone-1.jpg, ip16-pu-stone-2.jpg",4,4
2006,iPhone 16 Pro Max,"ip16-pro-pu-stone-1.jpg, ip16-pro-pu-stone-2.jpg, ip16-pu-stone-1.jpg, ip16-pu-stone-2.jpg",4,4
2007,iPhone 16 Pro,"ip16-pro-pu-stone-1.jpg, ip16-pro-pu-stone-2.jpg, ip16-pu-stone-1.jpg, ip16-pu-stone-2.jpg",4,4
2008,iPhone 16 Plus,"ip16-pro-pu-stone-1.jpg, ip16-pro-pu-stone-2.jpg, ip16-pu-stone-1.jpg, ip16-pu-stone-2.jpg",4,4
2009,iPhone 16,"ip16-pro-pu-stone-1.jpg, ip16-pro-pu-stone-2.jpg, ip16-pu-stone-1.jpg, ip16-pu-stone-2.jpg",4,4
2010,ICNZ - כיסוי MagSafe לאייפון 16 Clear Black,"ip16-pro-black-frame-1.jpg, ip16-pro-black-frame-2.jpg, ip16-black-frame-1.jpg, ip16-black-frame-2.jpg",4,4
2011,iPhone 16 Pro Max,"ip16-pro-black-frame-1.jpg, ip16-pro-black-frame-2.jpg, ip16-black-frame-1.jpg, ip16-black-frame-2.jpg",4,4
2012,iPhone 16 Pro,"ip16-pro-black-frame-1.jpg, ip16-pro-black-frame-2.jpg, ip16-black-frame-1.jpg, ip16-black-frame-2.jpg",4,4
2013,iPhone 16 Plus,"ip16-pro-black-frame-1.jpg, ip16-pro-black-frame-2.jpg, ip16-black-frame-1.jpg, ip16-black-frame-2.jpg",4,4
2014,iPhone 16,"ip16-pro-black-frame-1.jpg, ip16-pro-black-frame-2.jpg, ip16-black-frame-1.jpg, ip16-black-frame-2.jpg",4,4
2015,ICNZ - כיסוי MagSafe לאייפון 16 Clear Light Blue,"ip16-pro-blue-frame-1.jpg, ip16-pro-blue-frame-2.jpg, ip16-blue-frame-1.jpg, ip16-blue-frame-2.jpg",4,4
2016,iPhone 16 Pro Max,"ip16-pro-blue-frame-1.jpg, ip16-pro-blue-frame-2.jpg, ip16-blue-frame-1.jpg, ip16-blue-frame-2.jpg",4,4
2017,iPhone 16 Pro,"ip16-pro-blue-frame-1.jpg, ip16-pro-blue-frame-2.jpg, ip16-blue-frame-1.jpg, ip16-blue-frame-2.jpg",4,4
2018,iPhone 16 Plus,"ip16-pro-blue-frame-1.jpg, ip16-pro-blue-frame-2.jpg, ip16-blue-frame-1.jpg, ip16-blue-frame-2.jpg",4,4
2019,iPhone 16,"ip16-pro-blue-frame-1.jpg, ip16-pro-blue-frame-2.jpg, ip16-blue-frame-1.jpg, ip16-blue-frame-2.jpg",4,4
2020,Kit 360 - לסמסונג גלקסי A06 מגן מסך וכיסוי,galaxy-05-kit-360.jpg,1,1
2021,Galaxy A06 Kit 360,galaxy-05-kit-360.jpg,1,1
2022,Kit 360 - לסמסונג גלקסי S24 FE מגן מסך וכיסוי,galaxy-05-kit-360.jpg,1,1
2023,Kit 360 - לסמסונג גלקסי S24 FE מגן מסך וכיסוי,galaxy-05-kit-360.jpg,1,1
2024,רמקול אלחוטי נייד Partner A117 עם בסיס מגנטי MagSafe,"a117-black.png, a117-silver.png, a117-2.jpg, a117-3.jpg, a117-1.jpg",5,5
2025,Silver,a117-silver.png,1,1
2026,Black,a117-black.png,1,1
2027,ICNZ - מגן מסך זכוכית ל- Samsung Galaxy S24 FE,blank-glass-a53.jpg,1,1
2028,Product,blank-glass-a53.jpg,1,1
2029,כיסוי שקוף ל Samsung Galaxy A06,clear-case-s22-1.jpg,1,1
2030,כיסוי שקוף ל Samsung Galaxy A06,clear-case-s22-1.jpg,1,1
2031,Kit 360 - לGoogle Pixel 9 Pro מגן מסך וכיסוי,"kit.jpg, untitled-1.jpg",2,2
2032,Kit 360 - לGoogle Pixel 9 Pro מגן מסך וכיסוי,"kit.jpg, untitled-1.jpg",2,2
2033,Kit 360 - לGoogle Pixel 9 Pro XL מגן מסך וכיסוי,"kit.jpg, untitled-1.jpg",2,2
2034,Kit 360 - לGoogle Pixel 9 Pro XL מגן מסך וכיסוי,"kit.jpg, untitled-1.jpg",2,2
2035,ICNZ - מגן מסך זכוכית לסדרת - Galaxy S25,blank-glass-iphone.jpg,1,1
2036,Galaxy S25,blank-glass-iphone.jpg,1,1
2037,Galaxy S25 Plus,blank-glass-iphone.jpg,1,1
2038,Galaxy S25 Ultra,blank-glass-iphone.jpg,1,1
2039,Kit 360 - לSamsung Galaxy S25 מגן מסך וכיסוי,kit.jpg,1,1
2040,Galaxy S25,kit.jpg,1,1
2041,Galaxy S25 Plus,kit.jpg,1,1
2042,Galaxy S25 Ultra,kit.jpg,1,1
2043,כיסוי שקוף ל Samsung Galaxy S25,clear-case-s22-1.jpg,1,1
2044,כיסוי שקוף ל Samsung Galaxy S25,clear-case-s22-1.jpg,1,1
2045,כיסוי שקוף ל Samsung Galaxy S25 Plus,clear-case-s22-1.jpg,1,1
2046,כיסוי שקוף ל Samsung Galaxy S25 Ultra,clear-case-s22-1.jpg,1,1
2047,כיסוי שקוף מגנטי ל Samsung Galaxy S25,"s25-magsafe-1.jpg, s25-magsafe-2.jpg, s25-ultra-magsafe-2.jpg, s25-ultra-magsafe-1.jpg",4,4
2048,כיסוי שקוף מגנטי ל Samsung Galaxy S25,s25-magsafe-1.jpg,1,1
2049,כיסוי שקוף מגנטי ל Samsung Galaxy S25 Plus,"s25-magsafe-1.jpg, s25-magsafe-2.jpg, s25-ultra-magsafe-2.jpg, s25-ultra-magsafe-1.jpg",4,4
2050,כיסוי שקוף מגנטי ל Samsung Galaxy S25 Ultra,s25-ultra-magsafe-1.jpg,1,1
2051,כיסוי דמוי עור שחור ל Samsung Galaxy S25,"s25-plus-pu-black-1.jpg, s25-plus-pu-black-2.jpg, s25u-pu-black-1.jpg, s25u-pu-black-2.jpg",4,4
2052,כיסוי דמוי עור שחור ל Samsung Galaxy S25,s25-plus-pu-black-1.jpg,1,1
2053,כיסוי דמוי עור שחור ל Samsung Galaxy S25 Plus,s25-plus-pu-black-1.jpg,1,1
2054,כיסוי דמוי עור שחור ל Samsung Galaxy S25 Ultra,s25u-pu-black-1.jpg,1,1
2055,כיסוי דמוי עור אבן ל Samsung Galaxy S25,"s25-plus-pu-stone-1.jpg, s25-plus-pu-stone-2.jpg, s25u-pu-stone-1.jpg, s25u-pu-stone-2.jpg",4,4
2056,כיסוי דמוי עור אבן ל Samsung Galaxy S25,s25-plus-pu-stone-1.jpg,1,1
2057,כיסוי דמוי עור אבן ל Samsung Galaxy S25 Plus,s25-plus-pu-stone-1.jpg,1,1
2058,כיסוי דמוי עור אבן ל Samsung Galaxy S25 Ultra,s25u-pu-stone-1.jpg,1,1
2059,כיסוי קרבון ל Samsung Galaxy S25,"s25u-carbon-1.jpg, s25-plus-carbon-2.jpg, s25u-carbon-2.jpg, s25-plus-carbon-1.jpg",4,4
2060,כיסוי קרבון ל Samsung Galaxy S25,s25-plus-carbon-1.jpg,1,1
2061,כיסוי קרבון ל Samsung Galaxy S25 Ultra,s25u-carbon-1.jpg,1,1
2062,ICNZ - כיסוי סיליקון מגן Galaxy Buds 3 & 3 Pro,"2.jpg, 1.jpg",2,2
2063,שחור,1.jpg,1,1
2064,כחול,2.jpg,1,1
2065,אוזניות קשת אלחוטיות - DR58,"dr-58-black.png, dr-58-black-2.png, dr-58-turquoise-2.png, dr-58-turquoise.png, dr-58-cream-2.png, dr-58-cream.png, dr-58-purple.png",8,7
2066,Black,dr-58-black-2.png,1,1
2067,cream,dr-58-cream-2.png,1,1
2069,Turquoise,dr-58-turquoise.png,1,1
2070,כיסוי Snap MagSafe שחור לסדרת iPhone 16,"ip-16-pro-black-1.jpg, ip-16-black-1.jpg, ip-16-black-2.jpg, ip16-pto-black-2.jpg",4,4
2071,iPhone 16,"ip-16-pro-black-1.jpg, ip-16-black-1.jpg, ip-16-black-2.jpg, ip16-pto-black-2.jpg",4,4
2072,iPhone 16 Plus,"ip-16-pro-black-1.jpg, ip-16-black-1.jpg, ip-16-black-2.jpg, ip16-pto-black-2.jpg",4,4
2073,iPhone 16 Pro,"ip-16-pro-black-1.jpg, ip-16-black-1.jpg, ip-16-black-2.jpg, ip16-pto-black-2.jpg",4,4
2074,iPhone 16 Pro Max,"ip-16-pro-black-1.jpg, ip-16-black-1.jpg, ip-16-black-2.jpg, ip16-pto-black-2.jpg",4,4
2075,כיסוי Snap MagSafe קרם לסדרת iPhone 16,"ip-16-pro-white-1.jpg, ip-16-pro-white-2.jpg, ip-16-white-1.jpg, ip-16-white-2.jpg",4,4
2076,iPhone 16,"ip-16-pro-white-1.jpg, ip-16-pro-white-2.jpg, ip-16-white-1.jpg, ip-16-white-2.jpg",4,4
2077,iPhone 16 Plus,"ip-16-pro-white-1.jpg, ip-16-pro-white-2.jpg, ip-16-white-1.jpg, ip-16-white-2.jpg",4,4
2078,iPhone 16 Pro,"ip-16-pro-white-1.jpg, ip-16-pro-white-2.jpg, ip-16-white-1.jpg, ip-16-white-2.jpg",4,4
2079,iPhone 16 Pro Max,"ip-16-pro-white-1.jpg, ip-16-pro-white-2.jpg, ip-16-white-1.jpg, ip-16-white-2.jpg",4,4
2080,כיסוי Snap MagSafe כחול לסדרת iPhone 16,"ip-16-pro-blue-1.jpg, ip-16-blue-2.jpg, ip-16-pro-blue-2.jpg, ip-16-blue-1.jpg",4,4
2081,iPhone 16,"ip-16-pro-blue-1.jpg, ip-16-blue-2.jpg, ip-16-pro-blue-2.jpg, ip-16-blue-1.jpg",4,4
2082,iPhone 16 Plus,"ip-16-pro-blue-1.jpg, ip-16-blue-2.jpg, ip-16-pro-blue-2.jpg, ip-16-blue-1.jpg",4,4
2083,iPhone 16 Pro,"ip-16-pro-blue-1.jpg, ip-16-blue-2.jpg, ip-16-pro-blue-2.jpg, ip-16-blue-1.jpg",4,4
2084,iPhone 16 Pro Max,"ip-16-pro-blue-1.jpg, ip-16-blue-2.jpg, ip-16-pro-blue-2.jpg, ip-16-blue-1.jpg",4,4
2085,כיסוי Snap MagSafe סגול לסדרת iPhone 16,"ip-16-pro-purple-1.jpg, ip-16-pro-purple-2.jpg, ip-16-purple-1.jpg, ip-16-purple-2.jpg",4,4
2086,iPhone 16,"ip-16-pro-purple-1.jpg, ip-16-pro-purple-2.jpg, ip-16-purple-1.jpg, ip-16-purple-2.jpg",4,4
2087,iPhone 16 Plus,"ip-16-pro-purple-1.jpg, ip-16-pro-purple-2.jpg, ip-16-purple-1.jpg, ip-16-purple-2.jpg",4,4
2088,iPhone 16 Pro,"ip-16-pro-purple-1.jpg, ip-16-pro-purple-2.jpg, ip-16-purple-1.jpg, ip-16-purple-2.jpg",4,4
2089,iPhone 16 Pro Max,"ip-16-pro-purple-1.jpg, ip-16-pro-purple-2.jpg, ip-16-purple-1.jpg, ip-16-purple-2.jpg",4,4
2090,כיסוי Snap MagSafe חום לסדרת iPhone 16,"ip-16-pro-brown-2.jpg, ip-16-brown-1.jpg, ip-16-brown-2.jpg, ip-16-pro-brown-1.jpg",4,4
2091,iPhone 16,"ip-16-pro-brown-2.jpg, ip-16-brown-1.jpg, ip-16-brown-2.jpg, ip-16-pro-brown-1.jpg",4,4
2092,iPhone 16 Plus,"ip-16-pro-brown-2.jpg, ip-16-brown-1.jpg, ip-16-brown-2.jpg, ip-16-pro-brown-1.jpg",4,4
2093,iPhone 16 Pro,"ip-16-pro-brown-2.jpg, ip-16-brown-1.jpg, ip-16-brown-2.jpg, ip-16-pro-brown-1.jpg",4,4
2094,iPhone 16 Pro Max,"ip-16-pro-brown-2.jpg, ip-16-brown-1.jpg, ip-16-brown-2.jpg, ip-16-pro-brown-1.jpg",4,4
2095,ICNZ - כיסוי ספר ל iPad (A16) - שחור,"img_4972.jpg, img_4970.jpg, img_4975.jpg, img_4976.jpg, img_4977.jpg, img_4978.jpg",6,6
2096,iPad 11,"img_4972.jpg, img_4970.jpg, img_4975.jpg, img_4976.jpg, img_4977.jpg, img_4978.jpg",6,6
